post_id,user_id,user_name,user_gender,user_age,followers_count,following_count,account_creation_date,is_verified,location,topic,post_content,content_length,hashtags,has_media,post_date,device,language,likes,comments,shares,engagement_rate
e08b6170-0a93-4580-84db-2f851e8d2080,6d1741f4-be64-4ff0-ac7d-682223645a48,myerstroy,Other,16,86571,7478,23-08-2021,FALSE,Paris,Politics,Decade bar smile discover laugh boy night next government population health large indicate past race reach once area address speech situation everybody yes. Vote upon not TV bad east professional will.,201,#election2024,FALSE,28-01-2025,Android,fr,4459,378,266,0.0589
04b4b005-ecc1-4145-95ee-c1a0bae87c7b,4e38f592-c86d-437c-a4ad-a0914039f68b,abradley,Other,52,16417,8059,26-05-2023,FALSE,Berlin,Travel,With dark trial list economic its art beautiful challenge head main physical take support summer six individual small. Since effort bring tree.,143,#wanderlust #travelgram #vacationvibes,FALSE,19-09-2024,Web,tr,792,94,76,0.0586
226bbecd-6065-43ce-b0d9-d5ed5390c4e0,7e7c76c6-3152-4e92-bfa3-2d5b8500d4db,hstokes,Female,28,18696,6994,10-12-2016,FALSE,New York,Books,Yard discuss likely lawyer agency Republican design at over you own that industry compare local. You for college decade end positive.,133,#literature #bookworm,FALSE,26-06-2024,Web,fr,939,136,15,0.0583
254df39b-eab3-4095-8e7d-d4f8947eb518,af392275-640a-4080-8b81-bd345505cdf5,mcdanielsandra,Female,40,92535,2542,01-08-2018,FALSE,Istanbul,Memes,We writer church summer road today yes across will recently any involve center above gas. Production prepare such large.,120,#funny,TRUE,05-07-2024,Web,es,4696,571,332,0.0605
c723d57f-f491-4927-95fe-461ae59c11d8,18162912-7bee-4161-88f8-cf4931f2ec84,vknight,Male,57,19186,8743,18-11-2023,FALSE,Istanbul,Politics,Discuss inside another bill charge single free understand oil owner political I one provide think wish case maybe. Offer law should gun project capital effort.,159,#election2024 #worldnews #news #politics,TRUE,12-05-2024,Android,en,969,73,64,0.0576
5043aebe-0fc5-4a0e-8cb4-9370a0c3d0fa,ed631e67-0af7-4561-a637-eaa94f750f03,chenbailey,Female,31,66349,3574,29-08-2017,FALSE,Istanbul,Fitness,Argue audience fear policy save expect focus need across hot surface bad pass night bar and economic. Difference Republican place magazine score strong billion.,160,#gymtime #healthylifestyle,FALSE,03-05-2024,Android,fr,3442,479,129,0.061
d05df1f2-0637-46eb-9918-e90a30b463ca,d9c1d742-bda8-44c6-b08f-63087eb8d463,zsanford,Other,23,61835,9028,23-07-2018,FALSE,Izmir,Pets,Author food make because hair man surface third again successful among personal leg war PM even price training. Option mind those success.,138,#dogsoftwitter #adoptdontshop #petlover,FALSE,01-01-2025,Tablet,es,3040,238,139,0.0553
2e4c98c1-51ea-4a46-81e4-38d1b1aab70d,b60a836d-9d73-4d3f-b7fc-9f728b6f0778,longshane,Male,50,22335,217,04-12-2020,FALSE,Ankara,Books,Remember lawyer field several mean. Easy pick old pay.,54,#readmore #bookworm #reading #literature,TRUE,04-06-2024,Web,en,1077,119,46,0.0556
bb012d03-eafe-494d-9c83-f504ca54f710,8cef89f4-3ffc-4e05-ac78-d9015cd7f4b3,patricia22,Female,27,23046,645,14-05-2021,FALSE,Paris,Food,Exactly week consider line ago fine behavior land teacher religious method drive lose under. Value assume nice attack many recently prepare help.,145,#homecooking #instafood #foodie,FALSE,16-05-2024,Tablet,fr,1132,147,54,0.0578
9cc9ac92-7647-44c2-9d5a-d85c2c9da0c1,d1bf18fc-f32b-405e-bfe2-8805038eb30a,john88,Female,26,76856,9150,05-04-2022,FALSE,Izmir,Fashion,Evening direction another country spring area director. Size have theory worry.,79,#lookbook,TRUE,18-07-2024,Android,en,3863,440,203,0.0586
07da2b3b-f158-4bae-b049-dbec4030e245,6d9057d3-d1cb-475c-9d1e-ead98efc78d8,fgill,Other,54,29434,1109,26-11-2016,FALSE,Paris,Photography,Person official arrive both box onto most allow any look often mind. One cover pay professional drop.,101,#snapshot #travelphotography,TRUE,02-04-2024,Web,fr,1460,154,33,0.056
f30d7a7c-bf49-47e3-b69c-acf4f73ef6bc,d3534242-053d-41a2-ae3a-01cab84543f6,tbecker,Other,32,466,4074,26-06-2020,FALSE,Berlin,Health,Take ball accept always believe relate floor look standard unit them similar figure election forget Republican lawyer continue involve born pretty. Individual win smile pattern.,177,#healthtips #mentalhealth #fitlife,TRUE,18-10-2024,Tablet,de,25,3,2,0.0644
aef6b563-9c71-4cd8-9413-cc27c294cba4,3a4aa266-7312-43d8-8fcc-72f1a12ecbee,ramireztracey,Other,56,10111,1918,05-06-2017,FALSE,Bursa,Pets,Often box say the break peace have picture central arrive Congress Mr pretty security rock fast. Evening chance can throughout value and.,137,#catlife,FALSE,10-01-2025,iPhone,en,471,28,13,0.0506
3ca50a38-8f4c-422f-9841-49954a88d087,a3381fac-2fc4-43bd-87a5-641f5cff1406,elizabethwalker,Male,56,93723,7746,28-02-2017,FALSE,Bursa,Health,Candidate production under their support her new but capital cultural everything majority nor by wall man Mrs yet popular human. Item chair building third value.,161,#healthtips #mentalhealth #fitlife #wellness,TRUE,25-12-2024,iPhone,de,4670,303,176,0.0549
067a8f14-f766-4451-8d27-851ca260bcee,536837d2-81c9-4928-9826-53eaf26ddc45,elizabeth14,Female,55,41688,8320,05-11-2023,FALSE,New York,Politics,Reveal follow after value year meet wrong difficult yeah young some option. Tonight stock accept all.,101,#politics,TRUE,04-07-2024,Web,de,2077,210,153,0.0585
6b52d46a-b7ed-4605-851e-4b35174c0461,9900aebc-daba-42ae-b588-56ab537edaa1,carlos88,Female,41,95455,6045,06-11-2023,TRUE,Istanbul,Music,Protect final building reality miss appear get later home. Daughter claim voice cold benefit back.,98,#musiclover #nowplaying #vibes,TRUE,03-08-2024,iPhone,es,4668,464,392,0.0579
74366f56-fdbd-44b5-936f-cf6ab24ef54f,0447e939-c54f-45d2-ba14-82946a8700ce,jamesbass,Male,58,67150,5965,15-05-2023,FALSE,Paris,Travel,Easy guess meet just ask bar marriage alone front study despite third control. Capital put wrong together decade white near less.,129,#explore #vacationvibes,TRUE,08-10-2024,Web,de,3294,369,259,0.0584
588ffb63-f728-45e7-8915-2c26836448d0,30855517-d152-454a-8bf8-f5e91dd6a42a,margaret94,Other,19,73011,6430,17-05-2018,FALSE,Antalya,Politics,Law because office dark low because off win fine arm step. Operation keep my.,77,#election2024 #worldnews,TRUE,15-12-2024,Android,en,3637,403,176,0.0577
34247ebf-2373-4874-ac7e-61fddae204f1,ff27e87a-7498-4164-901f-a2a9f89c0b89,figueroapreston,Female,35,47350,2345,12-05-2018,FALSE,Paris,Gaming,Beautiful forward employee type end pass property political lead authority answer hot lot why son. Forward buy of late form travel general.,139,#twitch #esports #gamerlife #gaming,FALSE,01-06-2024,Web,tr,2386,259,181,0.0597
f4f45a94-d37e-453b-9f9f-31fbb7f14d57,2dbe8c7d-2128-4ec7-929b-45f7cacdb43f,rubiopamela,Female,40,41565,474,08-12-2019,FALSE,Bursa,Health,Grow simple hope article buy later modern job hope respond explain prevent cost animal hit be federal main Mrs option. For trade compare question.,146,#fitlife #mentalhealth,TRUE,08-12-2024,Tablet,de,2157,223,42,0.0583
74393648-239a-400b-80c1-4d1a20765dad,577f1c44-8ddd-4fac-9524-2496de7cfdc7,penajack,Female,30,3554,3637,02-11-2023,FALSE,Bursa,Fashion,No act always through western very actually tax upon especially major simply tax. Mr Mr all skin nature into gun.,113,#lookbook #fashionista #style #ootd,TRUE,25-08-2024,Web,tr,214,23,2,0.0672
d9b2f3d2-b1f3-4891-8cfe-1b4fb7726550,8acef0a5-324a-4b81-8600-769ff6fccd8d,kayla51,Female,31,47676,999,17-03-2020,FALSE,London,Photography,Mother eight call various doctor quality treatment focus daughter news more protect as million another second ever memory top. Rate think option figure who college sense produce.,178,#travelphotography #snapshot #dslr,FALSE,28-05-2024,iPhone,fr,2407,269,89,0.058
bb854b8a-6c14-4a09-aeed-0a9e7649235a,54562e4d-8919-4b94-a745-4736850c3299,thomasharvey,Other,36,40946,9349,07-10-2024,FALSE,Istanbul,Travel,Surface expect skin specific perhaps information upon suggest war minute. Clear step assume describe resource.,110,#travelgram #explore,TRUE,11-04-2024,Web,fr,2094,302,28,0.0592
a461a0c1-a63b-4d32-9ba5-0ec0feb08b9f,7551b79b-1b26-4772-bc1e-1f48b16d8373,pvalentine,Other,48,48053,4515,01-11-2017,FALSE,Antalya,Memes,Generation entire daughter data bad magazine treatment rest hundred oil. Throughout create computer image always outside major.,127,#funny,TRUE,09-03-2025,Web,tr,2378,225,127,0.0568
bb122c53-4428-45e4-9487-5b18a0232791,404fa7f1-c6de-4554-9480-a5d91660fc8d,brownmichael,Female,24,87532,2889,28-06-2023,FALSE,London,Food,Feeling throughout particular fear by property manager fish natural soon direction cup control group build weight sing. Large any seem.,135,#instafood,FALSE,27-11-2024,iPhone,en,4394,371,434,0.0594
ac4efcd2-9941-4014-8711-12f02ca2aca2,9b86ca79-4a11-428b-b626-065a3d887952,stephanie79,Male,31,98958,3316,21-10-2023,FALSE,London,Education,Chair attention strategy room when various color point above rich century stand wait officer ten agreement seven guess. Hair claim great indeed media consider choose question.,175,#edtech #knowledge #students,FALSE,25-08-2024,Web,de,4842,291,203,0.0539
03e3ee9a-4d30-4d07-ba26-8320c5dbf635,bd96b57c-bbbc-4f8d-bde9-f51f15e98a2a,elizabeth33,Other,31,41954,1443,24-01-2023,FALSE,Istanbul,Health,Century participant carry old attorney happy peace modern garden government manage owner question it pay field. Customer economy claim represent who.,149,#mentalhealth #wellness,FALSE,15-07-2024,Android,de,2178,284,129,0.0618
08bf6144-7260-460d-9dd5-a73bc537235a,0447e939-c54f-45d2-ba14-82946a8700ce,jamesbass,Male,58,67150,5965,15-05-2023,FALSE,Paris,Technology,Discuss hand figure not race painting baby. Rule stock you difficult nearly artist.,83,#future #innovation #tech #gadgets,TRUE,12-05-2024,iPhone,de,3372,418,100,0.0579
87400b9e-23bd-48b9-b201-23076f124476,6650e26e-a179-4f58-ab69-c1b11eae85ed,uhernandez,Other,43,33415,2396,30-09-2020,FALSE,Ankara,Travel,Get can energy character price. Door ago and some.,50,#wanderlust #vacationvibes,FALSE,04-10-2024,Web,en,1613,98,19,0.0518
f1623a6f-7516-4701-9f88-ae60b9115366,94dd984d-6c3e-4430-864c-591ae290a7f3,michele23,Female,40,20949,174,10-09-2023,FALSE,Istanbul,Art,Under writer allow successful east leader almost him agency. Its stage however mother land too.,95,#artlife #digitalart,TRUE,24-09-2024,Tablet,tr,1023,94,72,0.0568
5cb44856-a417-48b2-adaa-75cdb72f572d,75fdc322-9d15-47eb-95af-3887027dd5ad,edwardsjacob,Male,19,49968,6136,28-04-2022,FALSE,Bursa,Books,Painting best nice discuss southern many often professor thank mind like. Art general of raise notice able back.,112,#literature #bookworm #readmore,TRUE,29-05-2024,Tablet,tr,2533,299,91,0.0585
de49de58-3ec2-4230-ba29-3169da614e66,565662ce-3669-48b8-ac9a-41108e48f1ef,burnettronnie,Male,45,81517,9990,13-11-2020,FALSE,Paris,Photography,Go science ever money land you popular team issue nation party stand personal natural establish need hand. Wide consumer foot determine.,136,#photooftheday #dslr #snapshot,TRUE,11-05-2024,Android,en,3991,515,182,0.0575
f6cc0b8a-aecd-4ca5-ba76-3d2e4c6e6e18,5d12d752-e786-4e3a-b1f9-7f5746294fe8,robert55,Other,34,20682,7283,27-06-2023,FALSE,Madrid,Gaming,Listen decision interview pattern arrive imagine power manager unit point middle price whatever so. Particularly account few indeed share pull site amount.,155,#gamerlife #gaming #esports,FALSE,16-06-2024,Web,es,998,118,45,0.0561
6d99daa8-acb0-4dd9-b6cb-77735551b1d3,1ce740c0-d022-4514-a15a-f0f5d3133302,ncarroll,Male,34,17377,6574,23-03-2021,FALSE,London,Health,His act set wait physical business education human rich cell. Operation able these society particularly her.,108,#mentalhealth #fitlife #healthtips,FALSE,19-09-2024,Tablet,en,836,81,63,0.0564
1548c053-1939-4c7a-8d69-a029acc2e08f,10b93061-d545-48ad-a8ac-208010a66f00,fhiggins,Female,53,1985,8719,21-07-2022,FALSE,Antalya,Books,West newspaper night floor security myself administration foot sit sense between rather same glass decide people measure. These discover cold garden behind direction scientist.,176,#readmore,FALSE,01-08-2024,Tablet,de,105,13,5,0.062
74f7e758-5f0a-40ef-93a2-ae982946f134,1fa1117a-4b43-4a9a-8491-8571a53ada49,millerleroy,Other,58,19219,612,05-01-2018,FALSE,Antalya,Health,Their soldier laugh law understand court worker whatever same you three floor crime same. Option ten throw win audience outside.,128,#mentalhealth #healthtips #fitlife,TRUE,11-11-2024,Tablet,fr,906,47,38,0.0516
bb32aa35-5a77-4734-8bb2-4a51b0ce382d,9870da1d-8ea3-4c39-8b59-d1f54061b5ff,patrick11,Other,33,49750,916,27-11-2016,FALSE,Berlin,Art,Personal gun owner answer very I capital soldier issue successful yet actually wear rather course offer from movie wife article economy event travel yourself budget affect. Once item movement practice.,201,#artlife #artistsoninstagram #creativity,TRUE,16-04-2024,Tablet,fr,2380,221,233,0.057
2505144a-5bd5-4d50-a81a-a8b16de9d7e7,8df1dcd9-3ab7-4128-aa17-12ae00d97b4a,michaeljones,Male,45,59929,8752,31-10-2020,FALSE,London,Travel,Hotel billion amount father manager growth foot yard expect majority here but science political. Drive he thought rest despite have whom surface.,145,#vacationvibes #travelgram,TRUE,28-06-2024,Tablet,fr,3039,302,45,0.0565
b7cf5872-3774-4469-bee8-d854d8cd889e,9a64a321-bb5e-4d28-bac2-44c75b9abba7,jasmineryan,Other,19,62593,6714,10-10-2016,FALSE,London,Art,Apply hot one child peace south become enough citizen imagine. Than read kind rest indicate protect recent.,107,#digitalart #creativity,FALSE,19-11-2024,Android,en,3128,424,241,0.0606
40f9ed0d-fff4-4d83-8e04-89bdd0f2a208,afdc6a83-cb32-4b06-8b15-68693b764ca3,joshua51,Other,30,42855,5170,09-01-2021,FALSE,Madrid,Music,Not cold almost direction next reflect out he rule. Structure stuff second evidence poor guess purpose.,103,#musiclover #playlist,TRUE,26-07-2024,Web,en,2090,212,175,0.0578
239a3111-e0e0-4aba-a4a5-aac5e02515ff,0453f930-cc4c-4784-a208-d747b12e6659,mcbridemichael,Other,37,51090,2953,19-02-2019,FALSE,Bursa,Education,With box total concern market several include lawyer improve direction control development. National go guy outside.,116,#knowledge #learning,FALSE,31-12-2024,Android,es,2577,372,157,0.0608
ca17bf96-21dd-4d9f-b9e3-11315a93d1ae,907c9649-5a25-42cb-9294-51b228b4359d,jamesjohnson,Female,52,72515,9117,03-06-2016,FALSE,Berlin,Finance,Customer often stand process at management run evening purpose away stay cut data lead particularly career foot itself hand performance. Decision toward beyond assume people and.,178,#money #crypto,FALSE,31-01-2025,iPhone,es,3530,341,236,0.0566
a0519949-5b63-4ab7-b3c0-2bd0da20a779,a3eb90a2-a805-4ca8-b777-e87181dd6c82,marquezkylie,Female,51,29313,6293,24-11-2024,FALSE,Madrid,Education,Seven pressure the represent fight of toward myself create sell fire debate. Choose service paper floor either.,111,#edtech #learning,TRUE,25-06-2024,Android,de,1458,201,25,0.0574
6f1794f0-f1fa-4aa7-8061-e851b153e33a,6075c5c3-ea25-4340-8531-deb24f8d0b9f,joshuacollins,Other,41,89335,685,01-12-2023,FALSE,Berlin,Education,Every bank with position weight agency foot world attack activity leg range. Structure computer story bring either.,115,#learning #knowledge #students,FALSE,17-07-2024,Web,tr,4426,612,312,0.0599
d4835ac4-c0af-45be-864f-0d3862ea59be,98aba1e7-670e-4738-a3c8-2d8c60510602,lisawalker,Other,31,91447,4856,16-10-2019,FALSE,Berlin,Photography,From anything song TV why card debate her where mean order budget friend inside. Thing significant write best nature center low recent.,135,#dslr,FALSE,25-05-2024,Android,fr,4532,270,369,0.0565
e83e5a5b-e990-4d40-9634-bebbc248fad6,5bde6742-9e97-4f0f-83b3-180b44260cbb,stevenschristian,Male,55,56361,5830,17-07-2020,FALSE,Paris,Fitness,Dinner or we future me officer Congress group we high leave high democratic figure tonight. System far those into close.,120,#healthylifestyle #fitlife,TRUE,24-06-2024,iPhone,fr,2879,245,102,0.0572
c173935d-9928-417d-832a-630f84133e3b,5db9230b-492d-4242-b19c-f3a0def9ba1b,pparker,Other,56,61754,3922,30-07-2020,FALSE,New York,Books,Sister team already bit hour degree field. Finish land allow general discover build economy.,92,#literature,TRUE,03-12-2024,Tablet,de,3180,159,207,0.0574
0f48c1d9-ce11-4961-9d31-40389d85db06,ccb9a95d-bbfe-4878-a24c-ed94e384d051,williamhill,Female,41,30033,783,10-12-2023,FALSE,London,Fashion,We model cold leg power politics him factor teacher foreign type end every possible piece. Conference church lot lot Congress subject send.,139,#ootd #fashionista #lookbook #style,TRUE,08-03-2025,Android,es,1524,125,104,0.0584
0abd2444-a4fb-4e11-bb4c-77c52916fab6,4088fe56-f5d4-41f4-b371-803b6c81c02f,foxjonathan,Male,52,35961,6872,02-10-2017,FALSE,Ankara,Memes,Live blood do law bit accept. Attention indicate guess list politics time American.,83,#relatable,FALSE,24-08-2024,iPhone,en,1769,115,134,0.0561
9081f4a5-a06b-4de0-88ef-6fabe3229a9a,f2756991-ddb7-480e-828b-813136a04317,mmathews,Other,28,63381,3508,13-01-2025,FALSE,New York,Memes,Fact water it treatment probably everybody medical late national simple push understand people community. Month skill audience partner address.,143,#funny #relatable #memeoftheday #lol,FALSE,15-12-2024,Web,tr,3147,254,177,0.0565
f76aff37-1575-4a0e-b611-331f1e933e65,957f6456-3b59-413a-8838-f196f3ab6a4d,beckertheresa,Other,25,17830,1019,22-09-2022,FALSE,Antalya,Travel,Current ability theory however look time half easy again keep mission smile deal. Painting reduce try live TV.,110,#wanderlust #travelgram,FALSE,23-08-2024,Android,es,937,125,43,0.062
c4adc088-f135-4a8b-8b00-39972301d1f1,148b1639-f8ae-4ef8-bab4-ed63f0ed3294,ledwards,Female,18,41115,9266,14-01-2023,FALSE,Izmir,Photography,Social seem everything can watch firm boy growth recognize analysis for admit the skin local candidate seven film themselves argue conference finish. Community bit address with wrong per.,187,#dslr,FALSE,30-06-2024,Tablet,en,2088,130,158,0.0578
dd8775d2-63bc-49a9-a957-d320bd0b02f0,7d23216f-a6cf-44c8-b3fd-010e62cc2416,ypatterson,Other,45,43173,9729,03-06-2016,FALSE,London,Fashion,Guy color wind laugh here go usually fly artist huge book dream. Generation edge because admit out hotel right.,111,#fashionista,TRUE,18-09-2024,Tablet,es,2122,228,156,0.058
e611d0f9-3899-40b3-9920-57ee46137bbe,4ff96727-7451-4965-b124-a1e7ce0c177a,brooksdanielle,Other,58,23939,8419,24-04-2024,FALSE,Berlin,Technology,Institution attack fear skin college health within military answer get professional inside also anyone cold. Sport future more week thousand.,141,#future #gadgets,FALSE,02-08-2024,Android,fr,1230,82,46,0.0567
2c89cc21-ece2-4dba-8426-f30831e48b09,8904e4e4-e837-412c-91eb-0739b2784db1,jdavis,Male,43,70857,9754,30-12-2019,FALSE,London,Photography,So different with friend cold yet likely according school tell base instead technology far. Fact recent her lead drop trip various figure.,138,#dslr #photooftheday #snapshot #travelphotography,FALSE,01-04-2024,Android,en,3575,532,75,0.059
8c4367c6-918a-4e68-b712-b9e8866a3e6e,edad3009-4c4f-4437-ba60-6067196c4b0b,miranda13,Other,25,93972,6452,24-04-2015,FALSE,Paris,Travel,Recognize common evening thought land nation word main woman. Left capital really news.,87,#vacationvibes #travelgram #explore #wanderlust,TRUE,03-07-2024,Web,de,4681,458,446,0.0594
af893999-4c6e-4c84-8abe-d281953f139f,912cc5d0-7e54-451a-aea3-7b56ee6f301f,lbautista,Female,51,89216,4277,02-06-2015,FALSE,New York,Gaming,Until require floor when yet general career carry. Perform third American out local.,84,#gaming #esports #gamerlife #twitch,TRUE,11-01-2025,iPhone,en,4523,365,276,0.0579
c64320e2-1281-4645-b5e2-81b362b23b35,83d3ef8a-85af-48da-bfe3-191e8d7de146,reynoldsjessica,Male,51,66453,1235,01-06-2023,FALSE,Berlin,Food,Part of drop test face thousand interest catch his while little safe. On clear less trial commercial.,101,#foodie #instafood #yum,TRUE,13-01-2025,Android,fr,3384,394,117,0.0586
b410a1c6-feec-4920-a207-78fe4db2fe1f,f0794f43-c101-4b9a-9a69-5a40c122792c,jose24,Other,43,81841,8337,25-08-2015,FALSE,Izmir,Fitness,Successful off note put beautiful determine recent hot first send pretty. Never college left a.,95,#workout #healthylifestyle,TRUE,18-01-2025,Web,es,4036,360,89,0.0548
68ad6dee-0802-4a8f-8e7a-1ecd8756afbb,af0b9c27-62c6-4957-a763-2336a45900e4,ythompson,Female,23,31247,832,11-04-2024,FALSE,London,Memes,Show television agreement open next fund account represent window various appear free image box Mrs. Example tonight despite serve dream test own.,146,#funny #memeoftheday,FALSE,08-12-2024,Web,de,1592,237,106,0.0619
167c6720-fcc7-4472-8675-98eb06ad7230,e2fddefd-8d80-4a2d-a70e-c66dd7520009,dorothy09,Female,26,8804,3491,28-04-2020,FALSE,London,Memes,Herself painting language west rather those exist stay his really next central himself growth everyone simple identify long morning remember. Language light something.,167,#memeoftheday,TRUE,15-03-2025,iPhone,tr,434,42,37,0.0583
6a66391e-4003-4ae3-8ac3-dbe3c049d533,0cfbd9f0-2b95-4a1d-be7e-2274c207253a,trevor93,Female,60,15175,4102,04-05-2015,FALSE,Paris,Memes,Factor chair tell movie charge tax common imagine eat country arrive would piece. Picture strategy figure.,106,#lol,TRUE,21-10-2024,iPhone,es,763,92,73,0.0612
1b29f62b-f70f-4584-9b34-489e2c6e4759,e806e51f-a559-45f9-b9ad-27bd08cdc6a9,sophiali,Male,34,96738,7526,30-09-2019,FALSE,Antalya,Art,Design they those word friend everything author deal number article woman subject. Production heavy bring now thing believe mind.,129,#creativity,FALSE,30-12-2024,iPhone,tr,4812,598,465,0.0607
aa8ea274-e6d7-4636-84a2-679412a9a13c,9b86ca79-4a11-428b-b626-065a3d887952,stephanie79,Male,31,98958,3316,21-10-2023,FALSE,London,Fitness,Suffer animal expect rise security staff myself dinner report country story think. Animal television leg.,105,#fitlife #gymtime,TRUE,23-03-2024,Web,es,4925,589,60,0.0563
1687f395-a92a-4cf4-ab2e-a7e3dd465b95,2c7f6f56-1c68-4d9a-9b1f-28f62efb78b4,elizabeth51,Male,53,28048,2891,17-07-2015,FALSE,Ankara,Fashion,Value role international audience join no job. Thousand grow believe road window.,81,#lookbook #ootd,FALSE,18-06-2024,iPhone,fr,1362,164,96,0.0578
40de3188-7af1-44a9-b0bd-138835ff0207,0caec1e7-6fae-4650-9c07-2f8ce8ef557f,tracymcclure,Male,56,25326,2368,28-04-2023,FALSE,Izmir,Finance,And player occur walk dark respond simply yes bit box recent factor executive piece foot court. Available include perhaps policy sense keep.,140,#investing,TRUE,04-08-2024,Tablet,es,1255,115,62,0.0565
a8d9e856-ac9d-4d71-947e-344e0d93f6c6,3c71931d-8e09-4b72-876a-ea70ee5946aa,jennifercruz,Other,17,74075,1425,06-01-2022,FALSE,Izmir,Memes,Standard recently coach writer wall toward. Across personal TV century.,71,#funny,FALSE,27-12-2024,iPhone,en,3729,373,67,0.0563
49036241-5320-48de-890f-050d0eeeab43,6361bbef-78c7-4bd0-a223-68b07a3dbc4d,dawn31,Female,20,51942,3803,14-01-2016,FALSE,Berlin,Gaming,His during avoid political law course throw risk own value environmental small blood wonder around near join rate full design million. Knowledge at policy friend PM hard low.,174,#gaming #gamerlife #esports,FALSE,14-11-2024,Tablet,en,2583,379,210,0.0611
ba5713f6-aa66-49a5-aa85-76792855c65d,c42f962d-e47b-41fa-8f30-d1b008fd682d,qsimmons,Female,52,40201,9871,10-10-2018,FALSE,Antalya,Music,Grow including number me bag provide avoid and must return. Go course growth.,77,#musiclover #nowplaying,TRUE,15-02-2025,Android,fr,1976,147,149,0.0565
5b9d8fcc-4db0-4582-a7ca-350a9a5f4bab,5b0afcfa-502d-4481-b6d2-ad0923a6f49a,jason28,Male,25,59029,1636,12-03-2024,FALSE,Paris,Technology,Stuff yeah fish more yet magazine stop. Consider activity drop professional.,76,#future #tech #innovation,FALSE,15-10-2024,Android,es,2922,157,138,0.0545
32f0040d-6baf-4fc8-8e16-7ed065c6c0bf,95c0033e-c5e0-447d-af32-c0fc4a1e165c,jmurray,Male,53,19993,4946,01-09-2015,FALSE,New York,Finance,Lay goal hot activity even someone place see minute kid specific method see. Blood evening also check.,102,#crypto #stockmarket #money #investing,TRUE,17-02-2025,Tablet,fr,990,95,94,0.059
e906fd75-15aa-4612-a5d8-34068addc220,77cdb3b4-92f0-421c-a3ba-dc6448e949a6,david36,Female,28,94619,2660,29-12-2022,FALSE,New York,Pets,Lay sit realize us source stay onto already always quality total six alone. She cost voice guess election build.,112,#petlover #adoptdontshop,TRUE,15-04-2024,Android,tr,4713,661,87,0.0577
c422a754-88fa-479d-8574-db36a49daad3,8a428d13-338a-4d96-b0f7-8cc0da87d252,lopezbilly,Other,29,32894,8158,05-12-2021,FALSE,Berlin,Politics,For say seven finally animal beautiful system middle ask design add. Itself particularly account despite.,105,#worldnews #news #politics #election2024,TRUE,10-09-2024,iPhone,en,1613,182,100,0.0576
6eaeec7f-0c92-4d41-80fa-65ba9175aca6,60402e13-319a-466e-9fdb-348c095d8b4d,aprilbyrd,Male,52,31038,8246,11-04-2018,FALSE,New York,Fashion,Skin these they draw stock interest instead but rather term. Those let successful determine.,92,#style #fashionista #lookbook,FALSE,17-01-2025,Android,fr,1551,134,143,0.0589
739af48d-f011-4900-ba59-50e9894e7160,5f377a0a-1d98-44cb-8aeb-bcb7f9e0e247,qirwin,Male,56,85336,8029,22-03-2020,FALSE,London,Art,Add near one may with beyond citizen discuss ever may field something participant population full fear true everyone four. Prove real tend feel effect by.,154,#artistsoninstagram #creativity #digitalart #artlife,TRUE,10-08-2024,Android,fr,4134,553,360,0.0591
7b4a19e7-e651-4127-9ab4-3159760d782b,9bf11d90-b7a2-4652-b356-37c8628a5c0c,kendra73,Other,28,72459,2694,11-10-2016,FALSE,Bursa,Education,Democratic first crime agency argue improve lot change measure decade without. Raise into picture family add capital some.,122,#edtech #learning,FALSE,12-06-2024,Web,tr,3625,389,101,0.0568
ee87dee3-ee26-49b7-8227-1cf4f9753a15,61c659cf-6cc9-4c17-a409-a0903625b941,omoore,Female,34,98891,3677,21-03-2017,FALSE,Antalya,Finance,About once senior find support pay join car. Town hospital avoid class science tough way.,89,#crypto,FALSE,10-06-2024,Web,fr,5039,514,458,0.0608
aa791591-708b-430b-b2b5-cbe5b6122ba9,2fb937f2-6f5c-47d1-8fe1-959426388486,mckaycameron,Male,55,48832,2966,24-10-2019,FALSE,Ankara,Education,Truth know shake hotel city ask call situation all month middle table move. Thing middle store.,95,#knowledge,FALSE,05-08-2024,iPhone,tr,2421,179,173,0.0568
3eb1a4a8-ee84-4304-b9f0-07926d2fa5e5,59556750-7443-4f80-9f65-fbd16fc41831,mjohnson,Other,21,10422,3844,25-05-2016,FALSE,Izmir,Pets,Section game other billion of whether relate nature attorney event each. Picture wall feeling north hour once create.,117,#petlover #dogsoftwitter #adoptdontshop #catlife,TRUE,09-10-2024,iPhone,fr,520,44,14,0.0555
60420f91-62c2-4221-85c9-9fd2392a5855,d5bfdd88-7106-43c4-9299-a5c998bf184f,amber40,Male,22,3000,4672,04-01-2024,FALSE,Madrid,Food,Score likely seek case book present ball usually there night thank community describe amount project about also answer assume executive lead nice detail lead. Establish old think message high.,192,#foodie #yum #homecooking #instafood,FALSE,28-01-2025,iPhone,de,155,17,1,0.0577
13048245-1144-4857-a859-d47698ec1e14,6dd3376e-75f2-41f2-977f-258e9329f1c7,charlesbarnett,Female,51,92612,4938,29-11-2020,FALSE,Berlin,Food,East foreign field wait reduce past dream need but by by financial while those. Only address car per.,101,#yum #foodie,TRUE,01-01-2025,Tablet,tr,4582,271,134,0.0538
03527696-6f5b-470a-a3b5-7039026414e1,9b00fc41-b0e0-49df-bf83-c03c15126cb8,sean69,Male,22,45544,6273,14-07-2019,FALSE,Paris,Education,Green baby region nice our drop foreign. Describe model matter always although sport production newspaper.,106,#knowledge #students #learning,FALSE,15-06-2024,Web,fr,2314,267,222,0.0615
60307ded-479d-41bc-913e-3f993bacae07,6ae308f9-f8a1-4ca4-9a21-c717b285dcee,luke73,Other,51,31753,1419,14-03-2020,FALSE,New York,Music,Purpose save difficult garden sign reflect support want indeed less action that rather involve. Rise base glass argue time across skill.,136,#musiclover,FALSE,26-09-2024,Web,tr,1633,200,103,0.061
da360805-141a-4d22-8bc2-540d4508fd94,c493bb77-499d-4041-9cf5-d825b78da53c,morganclaudia,Female,48,74953,6174,07-12-2019,FALSE,Istanbul,Gaming,Market last firm leader whom eye claim woman bank information how another outside attention realize option send scientist parent really especially life might decision. Speech key matter college.,194,#gaming #twitch #esports #gamerlife,TRUE,07-06-2024,iPhone,tr,3775,552,189,0.0603
3c786d60-22a8-44f0-9681-e1556cab620f,7264852d-6554-4db1-af40-d1d8d3628ca2,eric54,Male,26,50546,7787,19-03-2018,FALSE,Izmir,Travel,Take sure appear wall open argue form deal realize. Effect six career again development within.,95,#wanderlust #vacationvibes #explore,TRUE,19-01-2025,Web,en,2496,337,204,0.0601
782db7a0-9605-4cea-bdf7-56d10720ba98,0550d1f2-7179-402c-af5e-b5ea349c2b18,ijackson,Male,37,82534,8336,01-01-2021,FALSE,Ankara,Food,On get serious big cold car really coach not spend. By religious girl soldier prepare.,86,#yum #homecooking #foodie #instafood,FALSE,28-05-2024,Android,es,4195,304,52,0.0551
482052b2-3fd0-4ac9-86f5-51f5e197da54,69f81742-c463-4d72-9431-ebbbafc15c61,thomasmiller,Female,42,50114,5172,22-10-2015,FALSE,Istanbul,Politics,War raise television tax property really community Congress need according city never century strategy member tend see ask since man girl spring traditional happen simply. Capital personal shake treat office those.,214,#election2024 #politics,TRUE,27-02-2025,Web,es,2553,236,44,0.0565
12283900-5204-48be-a284-1dcac3e8a6f4,51e62c8f-8b95-491c-9b29-763b860a580a,stevenlucas,Other,37,50546,8748,02-10-2016,TRUE,Paris,Finance,Year enough common site bad woman. Role result give score his bag.,66,#investing,TRUE,05-05-2024,Web,es,2505,127,62,0.0533
310213f9-d2a0-4680-b916-63de1bb97e6d,f2498cd0-ed24-4b45-b419-8ed7ff415283,ppalmer,Female,25,27031,1317,24-04-2020,FALSE,Paris,Fashion,Weight two seem discussion son plant skill body friend girl. Science through west word.,87,#style,FALSE,21-10-2024,Web,es,1352,113,60,0.0564
8a517d5b-9d7d-4e16-8665-f57b9d7f7fb2,c7490645-e99b-4dd9-a711-76bf98a9aa94,derrick73,Other,57,92909,4872,06-11-2017,FALSE,Madrid,Fitness,Bed decade contain table officer gas style cultural baby worker. Level catch certain.,85,#gymtime,FALSE,07-10-2024,Android,es,4645,624,283,0.0598
b73a4309-e63b-4191-83a3-4074eaad443a,36942d35-0fad-46f6-af96-56ee5f265934,reesejason,Male,54,21341,2317,11-05-2022,FALSE,Istanbul,Travel,Style reason so possible staff fine cover sit provide board pressure doctor organization without. Popular indeed stuff either throughout rise.,142,#vacationvibes #travelgram,FALSE,09-02-2025,Android,de,1105,96,53,0.0588
46787bf6-8733-4de4-b1bf-4b0f1d90a05b,14a1dd60-9754-4f3d-88bf-339ea43a38fc,qorozco,Male,21,95776,2755,09-08-2021,FALSE,Ankara,Memes,Explain front no chair soldier that political prove piece fund not improve course too generation stay condition position. Item general that onto.,145,#lol #memeoftheday,TRUE,13-10-2024,Tablet,de,4862,694,72,0.0588
75cba097-0ec6-4fb7-8dd6-d8c3f2f8fc4d,7dfee714-d7f9-46fb-9175-39cdbe1ac1bf,millerjessica,Female,40,35163,2633,21-09-2015,FALSE,Bursa,Books,Stuff economy class effect manager again food arrive couple about first return. Value church city process specific debate challenge student.,140,#readmore #bookworm,FALSE,02-01-2025,iPhone,en,1716,236,37,0.0566
4c31d822-5266-4b66-81bd-696e6eb69266,64d3e998-15fd-497f-96a9-afb01b66c39b,avilatiffany,Other,38,86293,2775,04-02-2023,FALSE,Istanbul,Food,Life director agency participant society significant should president feel science term office risk foreign sing cost month continue worry drive book energy ready big boy. Defense part energy tonight coach fall board.,217,#foodie #homecooking #instafood #yum,TRUE,23-08-2024,iPhone,es,4200,286,134,0.0535
df46aa95-395c-48e4-b13f-0aa1742d3e97,f5673dc8-d3ab-4d29-b5a0-63f4c73d8516,debrareynolds,Male,38,2291,8661,18-05-2020,FALSE,Izmir,Technology,Church if music buy office hospital cause much television likely box important. Food who on public.,99,#innovation,TRUE,27-09-2024,Tablet,tr,97,5,1,0.045
2cefa508-0b49-4a09-b923-68fb9825c013,afc019c1-3668-439d-a960-c8c1c654ba2f,lewisnatalie,Male,36,73588,3983,15-02-2019,FALSE,Paris,Fitness,Well participant hit hold national talk wife just way speech note mind among next nature budget various information. Throughout sister reality.,143,#workout #healthylifestyle,FALSE,31-05-2024,Android,es,3710,556,270,0.0616
235441b5-983e-4bc2-bde9-119f138cc28c,1b32cd58-bcee-4f3f-b6ef-94bbe9f47e91,ortegajoseph,Female,36,82452,9484,29-10-2020,FALSE,Izmir,Finance,Look whole toward project let child large language break book major town with. Forget capital skill industry include watch.,123,#money #investing #stockmarket,FALSE,30-01-2025,Web,fr,4055,267,96,0.0536
71ee513b-ee2b-474f-86f5-5def1c235637,eb627951-47ec-4289-b729-0ca5c771512c,jacobhernandez,Male,20,27705,2727,18-06-2020,FALSE,Antalya,Food,Impact seat late who southern major why. Particularly since five six.,69,#homecooking,FALSE,24-04-2024,Tablet,fr,1365,148,85,0.0577
24d6abb9-32af-4962-91b9-9d7244f22cbc,19f95e33-2fc5-4d3c-acd6-19c013294069,david98,Female,49,80438,5178,21-07-2017,FALSE,Izmir,Technology,Blood everything who individual executive worker tough sing role plant theory when plant month benefit. Reflect tough every during.,131,#innovation #tech #gadgets #future,TRUE,11-11-2024,Tablet,en,4048,223,149,0.0549
6b44dbb0-9d6f-4ecb-a846-9c5cf70d6ffb,d1ae692f-7a1c-4752-92dd-2e279a2eadc7,acevedonancy,Female,46,55984,3840,28-02-2016,FALSE,London,Fashion,Table question paper guess system toward American brother that event box daughter play some ago next body government year meet according deal. Subject reveal college blue outside me.,182,#fashionista #lookbook #ootd #style,TRUE,12-06-2024,iPhone,es,2832,359,143,0.0596
665dae0f-3e53-42a7-8bda-e48ba543ff81,87b2fe32-fe1e-4663-8a63-e2f9e34c0abb,burnsrebecca,Male,30,14302,4873,07-02-2016,FALSE,Paris,Fitness,Never employee sell listen free name ever oil wrong quality. Cause really born tell player idea recently hold.,110,#healthylifestyle #fitlife #workout #gymtime,FALSE,02-09-2024,iPhone,es,711,102,50,0.0603
ddd187d8-6a11-486a-a146-ca75ec611747,debcf865-8cb3-45a9-83c1-4528fc77724d,kathyroman,Female,21,11014,5837,05-05-2019,FALSE,Bursa,Memes,Positive season pattern toward skill security spring add development challenge stop. Team term indeed dog coach school fund.,124,#funny #relatable,TRUE,31-12-2024,Android,tr,578,48,28,0.0594
7b41f909-18de-446c-8d39-432bd59fa682,68a82df6-4268-4c59-a753-38ce67c13220,daniel43,Female,20,94521,1319,25-02-2019,FALSE,Berlin,Fitness,Same whom sister especially account impact out especially prove as even walk nature energy upon price. Those grow hundred cup.,126,#workout #gymtime,FALSE,22-05-2024,Web,de,4835,372,194,0.0571
ace034b6-4e72-4a9a-838e-389250191408,0898ed27-ecf5-4742-aa5f-359654e123e0,kchaney,Female,52,60131,2211,21-01-2020,FALSE,Antalya,Food,Central whatever play successful player choose behind wall produce total protect would responsibility card finally interesting the. Party series cell senior according.,167,#instafood #foodie #yum,TRUE,04-06-2024,iPhone,tr,2993,373,35,0.0566
a2bf0e27-1c95-4fb7-beea-34c832f60d08,b9f8aa75-8939-4b8c-9d7f-22b30767dbcb,ellenjohnson,Male,39,26767,8904,10-09-2017,FALSE,Bursa,Travel,Issue worry old state produce ever leader popular model sit successful security man. Care make catch despite together whole.,124,#travelgram #wanderlust #explore #vacationvibes,TRUE,29-03-2024,Web,fr,1332,78,116,0.057
74dff48a-469e-445f-9de6-5c736d18f5f2,0d99cf0d-e787-4991-8318-ba0a0efbf4b2,margaret20,Other,32,27637,9069,16-05-2024,FALSE,Paris,Education,Build beat act high look reason particular main season value lead second chance any plant. General computer red response.,121,#learning,FALSE,01-12-2024,iPhone,en,1342,112,128,0.0572
872522c7-f621-4fed-9c3f-0e6b9ec5bc0f,e4ee813c-7f08-44d6-a0fa-b259ee010d11,hsmith,Male,39,54853,4190,16-08-2022,FALSE,Antalya,Technology,Body strong offer item spend voice between. Law dream your more too a.,70,#innovation #tech #future,FALSE,31-03-2024,Tablet,tr,2750,201,97,0.0556
0115daf9-e0f0-4b68-bcbe-48152eb162ba,3d7c3f3e-dcc2-419d-8f33-e2b37f9bd01c,smithjohn,Other,40,11150,5118,03-10-2022,FALSE,Antalya,Art,Film strong natural end bar tax opportunity support store large. Relationship require guess leader member drug.,111,#digitalart #artlife #creativity #artistsoninstagram,TRUE,18-03-2025,Android,de,552,32,18,0.054
43d58f06-f6c6-483b-820a-420b984526a8,9d256985-0b2e-4b86-9774-ab59d89e3cac,penningtonmichael,Other,40,32858,7404,18-01-2024,TRUE,Antalya,Health,Guess seem hard stand where better attention admit avoid choose hundred evidence section body maintain every nor stuff who subject. She suffer work.,148,#wellness,TRUE,15-02-2025,Web,tr,1673,233,20,0.0586
02e45367-5a66-47f4-b561-d73c5d25a822,eb0d85a6-2bc1-4cee-884d-129a84e09fe1,lmoore,Female,42,69003,9469,12-01-2018,FALSE,Berlin,Food,Forget once hold third discuss do determine beat early specific my. Conference specific five financial interest decision.,121,#instafood #yum #homecooking #foodie,FALSE,03-12-2024,Tablet,tr,3395,458,44,0.0565
845abd97-f8bc-44d1-9c0c-a25223da170f,a0877db8-9ee4-47c3-a43f-23184cceeb32,lorraineallen,Male,29,39839,3163,15-12-2024,FALSE,Ankara,Politics,Knowledge cell air believe series machine threat her near city there language model investment edge feel. Expert game feeling pay energy offer.,143,#election2024 #politics #worldnews #news,TRUE,30-10-2024,Android,de,1995,213,186,0.0601
746b32dc-225f-4aa0-ab21-3147faa8aaab,be1233d3-07d9-4d34-9bc5-f3eaa3fc6886,lukecase,Female,33,51663,5668,03-10-2019,FALSE,New York,Art,Responsibility significant station pretty create environmental cost energy number capital cup avoid raise material everybody. Focus even plan relationship I.,157,#digitalart #artlife #artistsoninstagram,TRUE,20-03-2025,Tablet,fr,2581,323,41,0.057
40c71f86-d410-45bf-8f80-340f1fef19e6,de6865d2-ea75-44a0-aacb-f344bfdab44f,blairabigail,Male,28,73200,1975,01-02-2019,FALSE,Ankara,Travel,Research on those throughout simply story per vote sit able student size outside garden fill son. At may respond.,113,#explore,FALSE,05-02-2025,iPhone,en,3694,185,305,0.0572
7ab36978-cdb8-4f8a-a992-4986722ff853,7ab5be40-a293-4bb2-a486-b8483dd98523,seanblair,Other,38,9766,7404,07-08-2022,FALSE,Madrid,Politics,Who wind share news address who. Heart attack example official arm.,67,#politics,FALSE,16-05-2024,iPhone,de,494,71,22,0.0601
d255d42a-c9b0-43f4-832d-14b0c1fa39df,7262f52c-8853-4945-8fa2-55e23385b277,kburns,Other,60,92791,5896,15-10-2019,FALSE,London,Gaming,Life buy management analysis he less. Market establish toward each.,67,#esports,FALSE,04-08-2024,Android,de,4690,613,436,0.0618
a496a65d-f9a5-4b75-845f-7ca7357ed786,5217d0e2-88fb-4741-b0d5-1c03a23ed40d,chaselisa,Other,17,27017,2598,05-06-2019,FALSE,Madrid,Politics,Girl what front author arrive face you you draw certain decade various her could new wait forward. News close choice hope understand game article whether.,154,#worldnews #election2024 #news #politics,FALSE,10-10-2024,Android,de,1345,181,28,0.0575
91afa396-14d7-432b-a275-ea524a21d2df,ff1204c4-24b7-4586-a688-147628ca1f16,thomasdavid,Male,43,64192,8508,22-11-2023,TRUE,Istanbul,Finance,Agreement laugh stop eat quickly fall strategy agent drop son onto stuff. Store source little middle hotel.,107,#investing #stockmarket #crypto,TRUE,19-05-2024,iPhone,en,3125,466,179,0.0587
e1521386-e557-45df-892b-f6a9013dec86,e6a44763-f200-4d4d-b679-dbf1d898fa97,evelyn60,Other,55,73307,3797,04-10-2016,FALSE,Madrid,Fitness,Theory a public water I radio brother point nor name easy hard lead moment include attack even. Call speech suddenly arm occur.,127,#gymtime #healthylifestyle #fitlife #workout,TRUE,19-07-2024,Web,de,3551,231,92,0.0528
9ea2d2c2-52f5-41fa-9d20-5cf4a48b4aed,f5161109-7072-4237-bf01-9de2618cc6f1,josephshelton,Male,47,14710,156,06-11-2020,FALSE,New York,Gaming,Forward see former relationship player have million make bit. Against success always.,85,#gamerlife #gaming #twitch,TRUE,12-05-2024,Web,es,762,99,57,0.0624
e878bb84-7bae-47ee-9b27-6034ea89a0da,4e4ec483-a603-4fbf-9fa9-79ea2f7a99e7,dawngraves,Male,60,2233,8602,07-11-2016,FALSE,Paris,Politics,Organization thing lose least inside beyond describe alone dark range finish model give everybody senior difficult then scene hit large six arm laugh member far despite. Medical box five very on blue.,200,#worldnews,TRUE,18-08-2024,iPhone,tr,104,14,4,0.0546
e509909f-f406-4679-9581-31a807eb1ad1,3be9c3ce-7ac4-4fa9-ac76-5b4d892a36d3,hooveranna,Other,53,15312,3816,20-10-2019,FALSE,Bursa,Travel,Possible discuss until certain decide than there history here do poor hear door stand imagine effect. Good simply box security admit.,133,#vacationvibes,TRUE,30-06-2024,Web,en,798,85,25,0.0593
4f4106a6-95b5-4bf6-99ef-79bfdebf4ea4,b0184524-0b8a-49ce-a90d-4012ad5bdf9a,wendyburton,Male,27,89577,2897,09-08-2019,FALSE,Ankara,Education,Brother class reflect major answer thought building they second community. Knowledge follow table I understand.,111,#students #edtech #learning #knowledge,FALSE,14-07-2024,iPhone,fr,4432,223,284,0.0551
c19152d8-9e9e-402a-bd71-2cfe7c3e3699,c007bb44-c690-4a3b-9a86-d01178e60d9d,michele43,Male,60,80454,4883,11-09-2015,FALSE,Berlin,Books,Technology live history ten role several clear accept range receive about law all pressure. Lose likely perhaps mission.,120,#reading #literature #bookworm,FALSE,28-01-2025,Tablet,es,3976,557,211,0.059
8ec78aba-160f-45e8-8fa2-efdd8cfe3162,8efcfb36-87dc-4a4b-b632-877959479f61,walter05,Male,16,14890,7475,02-09-2021,FALSE,Antalya,Food,This could them surface much economy floor surface agree animal help. Environment piece add bit soldier.,104,#foodie #instafood,TRUE,28-06-2024,Android,tr,712,83,17,0.0545
f2ff33e3-314e-4886-803a-036f7bab0bfe,972e7b62-7730-40fe-a00c-234f6b13211f,michaelbaldwin,Male,59,43846,5444,16-06-2020,FALSE,Antalya,Art,Authority make cause late film appear support success walk north happy collection manager ten end necessary success similar responsibility much bill. Baby will risk per why grow evidence.,187,#creativity #artlife,TRUE,03-11-2024,iPhone,es,2123,164,200,0.0567
55f5cb9b-3dbc-4883-9260-c4a9398380bb,c5dcd7fc-4c7d-49c2-9506-6c94ab199b76,stevenrivers,Other,24,19251,8403,02-05-2015,FALSE,Ankara,Technology,Live any especially himself law world. For protect detail between down article newspaper staff.,95,#tech,TRUE,24-10-2024,Android,es,978,115,64,0.0601
9c907e30-ae5a-4a20-ade7-ce6d8e980ed5,795f1cdf-8d5f-4e0b-9ae9-930bb68b8149,ucarrillo,Male,52,72621,6088,20-11-2015,FALSE,Ankara,Politics,Drug actually career despite dog position same seat city medical kind hotel. Who together prevent true by.,106,#news #politics #election2024,TRUE,07-06-2024,Web,tr,3716,417,109,0.0584
f4e9855a-434a-47a2-86e5-d338195c5eca,af5a7971-74e2-4310-a9ed-d3c5c7ec85f9,zpark,Female,59,9042,488,17-08-2020,FALSE,Paris,Pets,President exist loss provide mother policy form conference ever year up brother positive value. Nature top task west try member would.,134,#catlife #dogsoftwitter #petlover,FALSE,14-01-2025,Web,de,441,33,26,0.0553
3d4da322-d76a-4329-8368-3f2ada53b9b2,bfe88252-fc11-4bb6-a407-68c9a0a10767,abaker,Other,32,79688,4692,02-07-2020,FALSE,Antalya,Books,Into lawyer feel describe catch compare network any speak forward interview do fly magazine whatever major theory while place even. Wish hit not anything.,154,#reading,FALSE,13-03-2025,Tablet,fr,3937,529,258,0.0593
ee7f0c15-0315-4781-ba46-d00524fd682a,6f162674-3d3b-4d0b-be6a-a4178a6b406a,sarahhicks,Other,53,85880,1410,16-12-2016,FALSE,Istanbul,Books,Reveal those mother difficult every different order couple key. Defense age always sing building exist affect with.,115,#literature #readmore,FALSE,21-01-2025,iPhone,es,4254,452,159,0.0566
f2ded547-af12-486b-82c5-dd2091b189a4,2a2406a3-525d-42fe-9bf0-94fee34f905e,twatkins,Male,59,12142,2429,24-09-2016,FALSE,Paris,Books,Down wonder pattern friend ten anyone example read lot involve allow focus hand develop least write its hold newspaper hospital chance threat generation lose author age foot. Marriage time population site.,205,#literature #reading,TRUE,01-07-2024,Tablet,es,621,39,25,0.0564
06da3f87-4111-4096-851b-eac063686039,07818640-5555-4fbb-9dd3-c49b96c413c0,nicole81,Female,41,5724,503,21-04-2024,FALSE,Berlin,Education,Yard significant level various summer back sport effect spend nature store town of degree. Decision every admit federal also see time.,134,#learning,TRUE,17-10-2024,Tablet,en,261,30,13,0.0531
1152d609-4ee3-438f-8eb6-53292d89d687,4328db7d-4d2e-4929-b30a-f65de50cd425,curtismoore,Female,41,79641,9698,23-12-2018,TRUE,Istanbul,Fashion,Ability rock miss move brother I. When open mother or yourself.,63,#lookbook #ootd #style #fashionista,FALSE,04-11-2024,Android,de,3929,421,220,0.0574
bc1103cc-7558-44e3-856a-90f1655ff320,0fd11022-0daf-4c7c-aeda-019d09e73351,rebeccamartinez,Male,39,24984,4284,25-03-2018,FALSE,New York,Food,Rule white truth by assume keep respond office trip work research treat exist recently away decision star indeed develop do usually back job well. Return old way short really full capital.,188,#instafood,FALSE,04-06-2024,iPhone,de,1150,82,33,0.0506
49f54095-b788-4742-8fb4-84e1c62bac23,eaf5ecb7-8ddb-4612-87f7-d535b9fbf49d,laramary,Female,51,22699,8920,04-12-2017,FALSE,Ankara,Photography,Test director first hand body oil draw both debate break natural machine particular. Talk federal which Democrat build member network.,134,#snapshot #photooftheday #dslr #travelphotography,TRUE,20-07-2024,iPhone,tr,1026,59,84,0.0515
a99bb263-8341-4a85-a783-37ffcdc11072,50916089-68a7-43c7-9008-bc10a1ac1d23,helen27,Other,51,18404,4628,15-01-2017,FALSE,Bursa,Memes,Down career pick policy degree read stop front project could necessary knowledge first station same glass condition realize every support early. After gas address security analysis.,181,#relatable #funny #lol #memeoftheday,FALSE,04-06-2024,Web,tr,868,78,60,0.0547
224f7d9b-0279-4cd0-ae2d-eb7332e97fbc,e733aa2e-b87f-4263-a34b-f3a1e93be219,lowerywilliam,Female,54,11009,8851,27-11-2023,FALSE,Izmir,Pets,Hear answer pass sport course inside information around important common figure kid. Property position administration.,118,#catlife #petlover,FALSE,17-01-2025,Web,tr,537,80,44,0.06
5bea634b-fd27-426c-a966-993520560c8b,be4685b8-9aa4-42bf-89ea-53e344f9953b,ypatterson,Female,50,52991,9332,03-01-2016,FALSE,Paris,Technology,Southern central light rate whether because not lay center above for shake plan along. Teacher meet seem learn.,111,#gadgets #innovation,TRUE,08-05-2024,Web,es,2636,149,89,0.0542
1355b5b7-32cc-4058-a8db-a9c57748416d,9ed5f361-e22a-4d8b-aada-dfbc8eec5cfa,tsilva,Male,52,8614,3932,19-06-2021,FALSE,Ankara,Books,Understand paper fine week reason most glass close eat stock strategy. Fall thank recent hotel.,95,#bookworm #readmore #literature #reading,TRUE,18-12-2024,Tablet,de,405,56,4,0.054
17d0a08e-96b5-4691-90cb-8af07e356b86,6f35abb2-52ab-4a48-8706-aa45ef9a8e55,nperez,Other,55,53935,2160,14-06-2018,TRUE,Paris,Food,Think too lot third unit occur week open wide. Program tonight knowledge stage area.,84,#yum #homecooking #foodie #instafood,FALSE,04-11-2024,Web,tr,2716,238,38,0.0555
650e774b-7566-4b8a-80f3-01bc175f6f80,b64e23f6-aadd-43b6-a6bd-53ca33152829,dmiller,Female,33,83826,7045,26-11-2020,FALSE,Berlin,Education,Might clear stock boy manager run everyone animal teach fact mean. Senior senior writer apply.,94,#learning #edtech,TRUE,13-11-2024,Android,tr,4116,491,366,0.0593
9ca22d3c-29cf-4f57-9e3a-8b48cfee7456,c62603bb-5f92-46c5-8d92-83c2c03c12e0,matthewbrennan,Other,29,63280,4533,24-04-2020,FALSE,Ankara,Fitness,Population magazine return purpose respond hundred fight law test. Writer candidate now newspaper bring hard heavy.,115,#healthylifestyle #gymtime #workout,FALSE,28-04-2024,iPhone,es,3136,438,298,0.0612
925a4317-9ea4-4e67-8b93-de1395ed1205,8e6d174a-02e5-41a5-93c8-84c5186036f1,michaelstevens,Female,28,74477,4403,04-06-2015,FALSE,Paris,Technology,Part figure defense fear after idea more everyone ok chair share. Up wear student full suddenly community word.,111,#innovation #tech,FALSE,18-07-2024,Android,en,3710,341,71,0.0553
4b91ae1d-293c-4abf-a6f2-d9cbf22174c1,b8307dfc-aaef-462a-9f97-c58724cfb7ad,andersontiffany,Male,57,54849,7291,26-05-2015,FALSE,Bursa,Memes,Father already fire personal economic during goal war partner. Oil about despite.,81,#memeoftheday,FALSE,22-02-2025,Android,fr,2751,372,232,0.0612
88bfbe02-4be5-42e9-a0f8-f139ef4036c8,b804ac8a-85fb-48fb-bd3a-8846de57153f,oliviamunoz,Other,45,41249,7421,08-02-2018,FALSE,Antalya,Photography,Research late region church shoulder body senior book day instead consider despite sometimes expect painting resource condition news. Garden season couple civil prevent find control.,182,#snapshot #dslr,FALSE,15-07-2024,Tablet,es,2029,113,107,0.0545
3dda4a02-e1f6-406f-925a-ab0bbf568a3d,e71f47f7-eddd-4bbc-aa84-addf3caa7312,iperez,Other,49,76389,3624,02-10-2015,FALSE,Istanbul,Politics,Enter design decide give after camera threat family peace west first next sure economy today. Commercial party bed low spend federal.,133,#election2024,FALSE,28-10-2024,iPhone,de,3784,434,319,0.0594
d78a2043-b9bf-4c7e-9f53-a39387104298,4c18e522-e526-4998-b4b0-8fbc1c22c288,djones,Female,59,71034,5385,06-11-2020,FALSE,Bursa,Education,Affect music name second training ground continue travel wish. Last general public their money expect analysis.,111,#edtech #students #knowledge,FALSE,25-07-2024,Android,de,3525,385,142,0.057
a5667dd1-2cc9-4b25-9ef6-d1ea4817d40b,89aa99ab-6731-44d7-8916-77ab411f323f,kevinroberts,Male,26,52035,2624,25-03-2020,FALSE,New York,Music,Treatment great clearly program study include lose history you arrive boy. Recent movement remember film city.,110,#playlist #musiclover #nowplaying,TRUE,05-01-2025,Android,tr,2560,306,91,0.0568
98e64347-4d1d-4d77-ad2e-34a67b835467,1279e686-bdf3-457d-9e0a-8a2f72284bd2,benjamin96,Female,31,64899,2467,05-02-2021,FALSE,Istanbul,Politics,Great final size tend south office test might pay reality nearly evening season. Role each end accept.,102,#news #election2024 #worldnews,FALSE,10-05-2024,Android,es,3286,257,240,0.0583
02e466a0-85c1-4ded-a1ac-f08cd28854dc,d0f0b88c-28e9-4a35-9d2e-57d5f3c2387c,gmayer,Female,26,70205,1752,16-04-2023,FALSE,Istanbul,Travel,Concern piece man development process east available program past model color effect mission the traditional drop someone society full character much. Technology final smile buy return.,185,#explore #vacationvibes,TRUE,04-04-2024,Web,de,3595,241,177,0.0572
b5096f3a-8a87-4a26-8257-5781d151bd9f,8797b026-d770-46f9-921f-3b81a3e1ce68,heathermontgomery,Male,24,89545,1126,28-03-2020,FALSE,Berlin,Travel,Support majority movement base when later time play you toward. Ten much most feel always let.,94,#travelgram #vacationvibes #wanderlust #explore,TRUE,20-02-2025,Web,en,4476,242,287,0.0559
0e8e8893-e39c-49d3-8e4b-07c7e1af6c02,c51863a7-75af-4704-8999-860939e59b49,wgibbs,Male,39,91097,9443,23-05-2019,FALSE,Paris,Fitness,Table Democrat group table participant better middle tonight poor so try positive commercial suggest term bank. Painting travel college message.,144,#gymtime,FALSE,26-09-2024,Android,fr,4471,667,300,0.0597
79370697-f1ab-4c17-ae01-1028b4b267a0,c2b55f18-9bf0-4ce8-8eea-7d8a86fd680f,mcastillo,Male,24,9635,1946,27-01-2020,FALSE,Berlin,Travel,Should simple describe material new watch protect school research suffer. Compare cause site total letter fill environment ago.,127,#travelgram #explore #wanderlust,FALSE,12-08-2024,Tablet,de,480,35,17,0.0552
dd3ba1cd-b18c-4401-a79b-a92459b1eb55,5ffeffea-ab2b-4713-bfd1-995cf6cda9b5,kara13,Other,22,3780,2257,07-12-2022,FALSE,Paris,Politics,Federal hope truth behind under special practice easy wall finally front decide goal star. Meeting fund instead bed.,116,#worldnews #election2024,FALSE,09-04-2024,Android,en,191,11,2,0.054
61807742-f778-4ccc-8179-59ad4ba7bb47,aca78ce9-11c9-4644-a1d2-36f1fb5a0716,bandrade,Other,31,90407,8627,03-11-2019,FALSE,Istanbul,Food,Food feel hope letter goal teach end nothing help since. Rule billion price many its.,85,#yum #instafood,FALSE,24-09-2024,iPhone,fr,4555,512,46,0.0566
960c6732-d093-4b1e-8aac-6eac0a15ff36,5a2cac5b-d455-4170-aba2-9d4aaabdabe0,daniel15,Male,44,80702,1140,27-12-2017,FALSE,Istanbul,Food,Eye under opportunity race century name similar goal idea staff professor. Affect floor west question environmental.,116,#yum,FALSE,05-12-2024,Android,en,4125,373,361,0.0602
b109bf38-cdf7-4244-ab01-c1232f014788,913b2c22-2a91-4af0-8168-c5ca0d468abc,shawn89,Male,18,61515,5917,22-09-2024,FALSE,Ankara,Music,Minute loss five pull dog PM agency specific rule institution sure certain weight lawyer third agency customer many. Upon attack and seek treatment many Mr.,156,#nowplaying,TRUE,31-05-2024,iPhone,tr,3006,166,43,0.0523
babccb20-4d2b-4cbb-b09e-a1b42e2dd5d1,6514e3e1-07b1-4490-975e-ce0717d46800,adamstout,Female,46,78866,6622,10-10-2015,FALSE,Bursa,Finance,Conference purpose fast enough thus should world past as alone. Class board economic.,85,#crypto #stockmarket #money #investing,FALSE,01-08-2024,iPhone,tr,4026,591,397,0.0636
cafd1049-b14f-4c94-8dbd-dfcf0d4b3f47,9539fd1f-973b-4b0a-b129-aaefc75f9472,lewisrichard,Other,30,82088,6887,21-12-2020,FALSE,Izmir,Books,Film often attack coach organization case option agree site also. Still best against first low reflect.,103,#literature #reading #bookworm #readmore,FALSE,05-11-2024,iPhone,en,4115,586,228,0.06
5750c60c-aafa-4150-bc12-6adf492f871b,3464f6bc-3443-4311-9f77-d1fcf054b2dd,derrickbennett,Male,47,36549,4202,18-12-2018,FALSE,Paris,Music,Air security simple seven health responsibility official subject writer relate win dream trade child. Lawyer thank purpose appear class toward western.,151,#nowplaying,FALSE,12-05-2024,iPhone,de,1850,231,50,0.0583
e66992ad-bf5c-4147-95a3-261d10bb47a5,cb7730ad-19dd-4256-8bc8-15d6859c835b,hernandezanthony,Other,53,16675,8061,01-07-2020,FALSE,Ankara,Fitness,Every indicate sea Mr thank suggest. Fire story at painting treatment check bad.,80,#healthylifestyle,FALSE,26-11-2024,iPhone,de,869,101,29,0.0599
9a685c6c-d2c7-4aa7-8331-fd4a05ee73ce,1bbdbdd6-cad6-4f30-aa3d-943ae674315b,joseph14,Other,35,41244,1091,14-11-2021,FALSE,Paris,Pets,Build not happy international carry range while current want maintain in wear those dinner a. International some tonight interest lot push.,139,#catlife #dogsoftwitter #adoptdontshop,FALSE,19-03-2025,Tablet,de,1995,144,130,0.055
7813c4ab-7261-4462-bca6-30b40d753e62,4c889015-c7f6-450f-939f-1e973339d188,annalopez,Female,53,13693,7958,04-08-2023,FALSE,Madrid,Art,Why network national or sign matter leader message see key thus section likely early guy. So strategy simply lose clearly subject about.,136,#digitalart #artistsoninstagram,TRUE,13-12-2024,Tablet,tr,685,97,49,0.0607
9578e1f6-380c-4646-8890-eccd1a37392f,33a119c5-83aa-4c22-946c-b13a1c3bced2,cassie99,Other,25,82423,6795,19-12-2021,FALSE,Madrid,Fitness,Talk board new everyone later various kitchen house as be center hit cut analysis. For half agreement.,102,#workout #fitlife,FALSE,02-09-2024,Tablet,es,4167,364,404,0.0599
4ee52664-3c8d-4554-8536-60c20f96dad9,64d3e998-15fd-497f-96a9-afb01b66c39b,avilatiffany,Other,38,86293,2775,04-02-2023,FALSE,Istanbul,Technology,Reveal value black star example standard condition administration so whole customer fire show movement. Service now better machine.,131,#gadgets #innovation #future,TRUE,04-12-2024,Tablet,de,4351,286,58,0.0544
5bd91831-115c-4b04-8460-187d7421149a,af4b2105-6550-48cf-8db8-62958909f3a8,joshua31,Male,28,54117,3608,18-09-2019,FALSE,Izmir,Finance,Prepare involve focus reason alone impact party player go deal thousand another big. Early agency major.,104,#investing #money #stockmarket,TRUE,20-06-2024,iPhone,fr,2672,146,90,0.0537
725d7a35-c3b7-42ff-8ea7-2b219352de78,dd449c6c-6660-4157-862f-2790c334d2a6,baileyhenderson,Male,40,65128,7040,01-07-2023,FALSE,Bursa,Books,Represent prepare company exist clear color detail at. Develop bar inside.,74,#readmore #literature #bookworm #reading,TRUE,12-01-2025,iPhone,de,3328,415,58,0.0584
d3e24514-a1d9-40d0-85d6-c1c2456083cd,539f774b-fa00-4fb8-a6d3-c91993067e79,johndawson,Female,56,96090,8032,06-06-2019,FALSE,Izmir,Food,Magazine finally policy decide watch guy responsibility everything first especially hand bank federal office month. Help threat painting red.,141,#instafood #foodie #yum,TRUE,27-03-2024,iPhone,en,4748,308,278,0.0555
97de5c17-22a7-476a-815b-18f04e8ee37b,5c4a9d27-ca8a-4e2a-82ae-0f2fc2599ae4,bbennett,Female,49,86561,7124,19-10-2016,FALSE,Madrid,Pets,Technology improve computer apply travel none which perform south ahead walk fear since try half would authority whom song nice. Fill sister evidence always bit.,161,#adoptdontshop #catlife #dogsoftwitter #petlover,FALSE,08-05-2024,iPhone,de,4364,345,374,0.0587
f1ece8ab-adfc-4ecb-8e9f-5efc598c861f,4c00b83a-16c3-478b-8417-f136c7ffca05,donaldmalone,Other,26,72473,498,10-10-2022,FALSE,Istanbul,Art,Friend knowledge information clear allow serious most avoid community college. Agree by only sound any year true suffer.,120,#creativity #artlife #digitalart #artistsoninstagram,TRUE,22-09-2024,Tablet,fr,3651,238,330,0.0582
3f7037fc-99be-4731-ab10-2f30a07d47e3,06ede0ab-fab2-4326-a0b0-e3b875e839d5,jacksonbrandon,Male,44,90942,6766,09-04-2019,FALSE,Berlin,Health,Power vote level beautiful red believe these many hot our. Recent evening receive pretty itself cup determine view.,115,#healthtips #wellness #mentalhealth #fitlife,TRUE,15-10-2024,Android,tr,4508,357,221,0.0559
981b9fd3-3272-43fd-93b2-1adbd75b9b20,e42d3ccf-63d9-4f94-b626-bae056c3d03a,craigmitchell,Female,53,77758,1119,18-09-2024,FALSE,Bursa,Memes,Usually agreement raise want like hair us sort myself picture machine machine letter everyone. Idea anything charge relate.,123,#funny #lol #relatable #memeoftheday,FALSE,22-02-2025,iPhone,en,3814,374,302,0.0577
b574845f-3195-4e71-bcd4-0bdf733864fa,2cad5c84-2a57-41d1-846f-d7675bdfc3b2,wmartin,Other,57,45931,4051,07-08-2022,FALSE,Izmir,Art,Anyone few international can require meet seek where around along party green past remain fill cultural identify wife. Find give collection from speech suffer green.,165,#creativity #artlife #digitalart,FALSE,19-11-2024,Tablet,fr,2361,208,89,0.0579
e8954c0c-9957-4517-b21c-a1c200206255,c8bf553d-3878-479f-be73-9259de123be0,burkeholly,Male,38,18756,9552,22-08-2021,FALSE,Paris,Food,Thought green summer long training different window board great direction. During population plant such nation spend.,117,#foodie #homecooking,TRUE,05-07-2024,iPhone,tr,938,122,67,0.0601
63d4d67e-df12-4950-ab9d-768d6f248371,106c68c6-cef8-4792-bf20-fb6b18f3bc24,catherineturner,Female,56,9743,1300,08-01-2025,FALSE,Paris,Books,Never imagine participant hold benefit head. Easy college Congress various second.,82,#readmore #literature #bookworm #reading,TRUE,15-03-2025,Tablet,tr,477,25,28,0.0544
da280821-2692-4b14-ba6a-ca729a702000,a91de9ce-ff05-4467-a547-2ec69b438b87,whitejacqueline,Other,34,58322,7405,21-06-2020,FALSE,Bursa,Pets,Customer power Congress concern forget agent field anyone safe environment follow whether continue husband hospital author. Page Republican about wear stay believe large.,170,#dogsoftwitter #catlife,TRUE,14-08-2024,Web,fr,2854,179,96,0.0537
0dff9755-a412-47fa-8e3a-7e332dbbcd56,821964cd-f7b3-45ed-ac08-ccfbcd54f95e,gwade,Male,32,14960,5518,08-07-2023,FALSE,Ankara,Pets,Piece decade deal only discover citizen bit try rather include blue. Hotel soon where question two someone near.,112,#petlover #adoptdontshop #dogsoftwitter #catlife,TRUE,01-07-2024,Android,en,741,78,30,0.0568
83eae0eb-fc53-41f7-82fa-f3036e679e1a,380ac0d5-969a-48af-8fb6-f7a481c350a9,ldavid,Male,31,93188,2705,18-03-2023,FALSE,Istanbul,Music,Ten soon color someone daughter particular resource painting morning effect act choose wide. Year city full year part common.,125,#playlist #nowplaying #vibes,TRUE,24-04-2024,iPhone,es,4559,505,439,0.0591
8c46064e-e583-460e-b32d-7f7eef7f0b4e,3858d0ac-42db-4b4c-883b-7721dd80c682,jack45,Female,44,93048,2227,29-01-2023,FALSE,Paris,Pets,Item already garden both eat reduce forward author later point hundred possible over often sign western probably human much employee amount. Campaign consumer church American act Congress agent.,194,#adoptdontshop #catlife,FALSE,08-10-2024,Web,en,4638,518,327,0.0589
9a78b875-71f5-4663-a161-8c2cf50a45ba,6c1a79fe-0f55-44e1-9406-71b2d7be0e9d,jamessmith,Female,54,28273,354,16-12-2019,FALSE,Izmir,Photography,Pay social another event kitchen deal agreement meeting teacher behind. Still now during too strong.,100,#photooftheday #travelphotography,FALSE,27-03-2024,iPhone,de,1431,100,34,0.0554
e941f98d-35b1-4379-aff8-41358e040eac,1650534a-3480-4e92-959e-ed2fc391e502,kenneth17,Male,28,32958,9562,20-04-2016,FALSE,Berlin,Photography,Science someone meet energy likely visit however force including since two star water. Side focus letter vote whom spend.,121,#photooftheday #travelphotography #snapshot,FALSE,31-07-2024,Web,tr,1623,165,130,0.0582
4141def3-fdf7-4128-bd66-70c04d7e2cb1,8269c96e-7e67-4e3d-a0bf-9908a4fe3230,melissa61,Female,40,83201,462,21-09-2017,FALSE,Ankara,Memes,Improve certain dark family change generation case our result within site they drop. Bill police similar something throughout decide official.,142,#relatable #memeoftheday,TRUE,15-05-2024,Android,tr,4178,444,145,0.0573
085fd3fb-3412-4db9-b553-e6e888dbf932,4a8f8180-713f-4f19-882a-5f99e8ad3f7d,candice25,Male,25,7906,9661,12-03-2020,FALSE,Izmir,Pets,Be admit threat six remain important dark involve trip. Moment paper film consumer short television.,100,#petlover,TRUE,29-07-2024,Tablet,en,430,37,10,0.0603
fbfc9e73-5c61-456d-9bca-844f0e52539e,0761b6e5-d8c3-4a23-81fb-65dde640b41b,katherinepeterson,Other,53,99376,9228,13-10-2022,FALSE,London,Politics,General whom will home argue such reason these material require sound themselves fund church. Recent student parent.,116,#politics #worldnews #election2024 #news,FALSE,21-11-2024,Android,es,5055,317,377,0.0579
b6b39891-92d3-45da-adbf-0cf000a1a9af,2e53db49-c93f-4429-8ce0-fc0c32802835,jacobmorris,Male,19,51314,7406,02-02-2019,FALSE,Paris,Travel,Mention history imagine today use finish weight win local oil late type respond law grow him these body another consumer important success weight ready. Drug Mrs administration certain opportunity model cup.,207,#travelgram,TRUE,09-07-2024,Web,tr,2614,291,98,0.0585
214ad2d0-4d2e-4239-b9ef-fd81657e1279,a960935d-6789-4dae-a1fa-5799a46a7614,rosskaitlyn,Other,24,91341,6490,13-01-2021,FALSE,Madrid,Gaming,Foreign apply better history business visit western challenge while century form director young thank car box radio still day foreign model. Catch fish subject.,160,#gamerlife #twitch #esports,FALSE,09-02-2025,Tablet,de,4507,449,154,0.0559
8ea3afb6-0234-4d04-923c-f4c9eabeb445,23fb9ba3-d779-44f0-a0f7-7e1cd6269cfc,royrogers,Male,53,32332,6213,20-04-2018,FALSE,Bursa,Pets,Decide drug audience land me woman father manage modern stand. Order prevent stand concern anyone yeah coach.,109,#catlife #petlover #adoptdontshop #dogsoftwitter,FALSE,21-04-2024,Web,fr,1639,103,147,0.0584
dd39d55b-68c7-4932-ac8f-ec9b6877be33,3b6d7972-ac44-42a5-8ac4-09c1be0d9346,rachel51,Male,53,75128,3739,10-12-2015,FALSE,Izmir,Gaming,Candidate establish marriage most resource like white military have parent have analysis beat maybe success first. Attention course sing church.,144,#twitch #gamerlife,FALSE,16-10-2024,iPhone,en,3768,379,313,0.0594
e6b7d7f4-81c7-4483-98e6-a728e0bcaaae,5fca8072-25ff-4460-bbba-9cfb8ac1eabb,robertgonzalez,Other,46,42761,9764,28-05-2020,FALSE,Istanbul,Fitness,Test on deal laugh tend risk however. At material away wonder their.,68,#fitlife #workout,TRUE,12-03-2025,Android,en,2191,149,55,0.056
dca589cc-2305-47cc-ac5f-67e1e45bdc39,a8103408-a160-44b6-b48a-58eddbe080a9,schwartzlisa,Other,35,77639,8204,29-08-2018,FALSE,Izmir,Education,Fish chair kind lay upon result perform none church. Decide song me base feeling.,81,#knowledge,FALSE,18-05-2024,Tablet,es,3801,241,268,0.0555
ec824a3a-7e41-4c7e-9fdd-ea68531d155f,d7943c50-e8c8-4e69-be94-5265247c22d8,hhoffman,Other,48,57299,1944,30-06-2016,FALSE,London,Photography,Call upon do bill age center her nature sense performance try special church no especially enough unit among. Rather stand place southern various although.,155,#snapshot #travelphotography,FALSE,07-09-2024,Android,fr,2902,358,132,0.0592
a36127ac-16ec-4359-973d-1c15108cca59,214e4ec5-96b8-48ed-a033-56ae7a54f93f,twillis,Other,43,35860,197,25-07-2023,FALSE,Antalya,Fashion,Whole goal show exactly couple that pick hundred arm century both while effort. Talk within stuff move instead successful that message.,135,#style #fashionista #ootd,TRUE,02-12-2024,Web,tr,1853,121,154,0.0593
713e47b2-f5eb-47ec-8efd-47d1357f9677,17733fe3-ad67-4a41-be3f-fead664eba10,richardhaynes,Female,24,7117,6651,30-11-2021,FALSE,Madrid,Books,Unit ok right picture candidate character off choose bit player only government her especially thing. Material weight away late teacher lot often.,146,#reading,TRUE,07-06-2024,Web,en,363,53,25,0.062
75d4c6e9-d069-4254-a923-11a61ee3a24d,9783d4e4-b800-4648-afbc-77b96def54ca,dhill,Female,28,19077,9515,12-01-2023,FALSE,Ankara,Music,Report detail which hold myself past hand across parent me assume. Mouth represent hold lawyer space above.,107,#vibes #musiclover,TRUE,12-05-2024,Web,tr,922,54,57,0.0541
ea32ae3c-289e-4bb3-9703-7bcd8bc9e038,e714e416-43d0-424e-af84-a0df6e137df5,tara37,Female,55,74299,4959,01-07-2016,FALSE,Izmir,Books,Someone oil recently lose everything one. Financial writer choose where particular art.,87,#readmore #bookworm #reading #literature,FALSE,09-05-2024,iPhone,de,3817,327,194,0.0584
73896e3f-14fc-43b9-bbb3-9c83f74ef6f3,4de319b2-d015-41a0-9bfb-d2da17d8fc46,ssalinas,Male,18,19771,9108,23-05-2016,FALSE,Paris,Photography,Animal other full possible minute point name mean food. Court soon number training best report.,95,#snapshot #travelphotography #dslr,TRUE,19-10-2024,Web,tr,955,107,47,0.0561
0a977b03-03ec-4816-b4d8-4726ad1e5721,43ea128b-dd01-4a82-af85-9c0ff1168f8c,williamspatrick,Male,54,71635,9493,12-03-2017,FALSE,Antalya,Fitness,Soldier oil public claim local minute that year new administration recognize throughout increase expect. Long field magazine foot capital this large.,149,#healthylifestyle #gymtime,FALSE,14-08-2024,iPhone,es,3487,318,261,0.0568
6a0cd506-ab19-4374-b22b-f9b362583e59,d3a37d2e-07ff-4834-815b-2137bd70bde4,victoria57,Other,57,13013,4717,23-01-2025,FALSE,Madrid,Finance,Suggest off take walk loss current I loss rather force garden possible exist century reduce sort election each high human record soldier. Star type foot kid after.,163,#crypto,FALSE,02-12-2024,Android,es,612,32,45,0.0529
b3d665a9-86c6-4e52-93b4-b79500021c48,8bf5485e-dfc6-408f-b73d-a2f5f4992963,linomar,Female,45,21405,3953,24-02-2024,FALSE,Istanbul,Books,Week well only once how. Maybe reveal population foreign suffer trial.,70,#literature #readmore #bookworm #reading,FALSE,14-02-2025,iPhone,tr,1055,56,98,0.0565
e11cb692-0035-4392-b47a-c3ab0b9ebcc9,c9db0f8b-9b33-493e-a7d7-94ad16e0d4f2,mirandawalker,Other,25,14752,7195,24-03-2024,FALSE,Izmir,Food,Put pattern cover tonight case bed near again. Area wife dream benefit although federal.,88,#homecooking #foodie #instafood,FALSE,07-10-2024,Android,de,745,98,35,0.0595
192e0807-6620-4222-a7a4-2433e5439959,d4b45317-87fb-4654-9a76-281b22330d01,timothy62,Other,22,47098,3678,07-12-2024,TRUE,New York,Art,Environmental treat ball four third life heavy case generation their party still military adult feeling. Large account however.,127,#digitalart #artistsoninstagram #creativity,TRUE,02-07-2024,Android,fr,2366,138,189,0.0572
f94588f9-9948-4ea1-a092-7a2e7bbe3714,bc6b31b1-bc25-44d5-aeae-d9e69bdeb5bd,james14,Male,16,46783,8913,11-08-2017,FALSE,Paris,Technology,Pm than chance cause quite more especially sometimes yeah various window former much general shake study type candidate especially. Partner herself fire include best be subject.,177,#future,TRUE,16-05-2024,Web,tr,2366,327,196,0.0618
6546bcee-a0c2-4057-ba8d-71418e193239,d7a412e4-bdde-4794-b07e-a51e31981016,ofritz,Female,58,97213,8461,04-10-2017,FALSE,Izmir,Music,Option another thought whole move appear which measure president player friend should doctor into two including huge wear local. The them statement develop human mission challenge.,180,#vibes #musiclover #nowplaying,FALSE,30-05-2024,iPhone,es,4651,685,60,0.0555
691f7f6b-3788-4061-ba4a-50973b82de13,55ec3a76-d783-4ff3-998f-296dcf3a3755,gomezbradley,Female,26,85866,2675,09-08-2024,FALSE,Bursa,Music,Nature road especially continue visit back catch method decade stuff red trade friend often answer. Grow continue model body.,125,#vibes,FALSE,23-10-2024,iPhone,de,4253,546,234,0.0586
4166d0de-cab9-4f2a-b98b-5a6e879dc6f5,3fb87c20-178b-4165-b41a-7236b26bcc29,eric33,Female,56,25507,1818,10-02-2016,FALSE,New York,Fashion,Near particular carry mouth staff current game camera good realize successful. Economy our small able yes prove lay away.,121,#lookbook #fashionista,FALSE,03-07-2024,iPhone,tr,1257,68,31,0.0532
61f89c73-ede3-44fa-b3d9-ae686b3c121f,7c34b2f0-c159-4bfc-8de8-e8adf2594153,andrew64,Female,58,56036,4226,10-05-2015,FALSE,Izmir,Music,On food inside fact civil air car employee current nice worker trip under former catch. System occur move loss.,111,#nowplaying #playlist,TRUE,13-08-2024,Android,tr,2842,359,108,0.0591
b279d584-5b2d-4cde-a2b0-f8b29561765c,4f622d62-105e-4ff3-8173-307f5fdbeaf6,swhite,Male,25,3767,9710,19-05-2019,FALSE,Antalya,Travel,Ask ahead teacher right spring expect chance wish point we young after alone surface tree study. Heart yet factor.,114,#travelgram #wanderlust,FALSE,13-01-2025,Android,tr,199,17,15,0.0613
ea9dfcd0-ecbc-4088-bc85-328414e6f90e,2c01c50e-f2ab-4b8e-8135-9fd1e2e53eb1,gbaldwin,Male,38,66466,6945,23-10-2015,FALSE,New York,Books,Offer black ten laugh market animal task her physical song think woman. Short music draw wonder while and fast language.,120,#bookworm #reading #readmore,FALSE,28-02-2025,Tablet,fr,3370,332,112,0.0574
c15d845a-95af-4422-bd03-5b92ebc6ffb6,62729b47-8c4f-47ea-a914-668b239bfad7,jessicamorton,Male,25,41856,737,29-11-2016,FALSE,Bursa,Fitness,Again life true new real minute change side conference throw who onto official reflect actually material. Perhaps financial network.,132,#fitlife #healthylifestyle #gymtime #workout,FALSE,21-04-2024,iPhone,de,2090,157,104,0.0562
05739ccb-2187-47d6-b5e9-e5c84b510d2d,48f7d609-ee5f-4a5a-89e8-8d9355bd5926,wrightmia,Male,41,54227,8871,09-05-2017,FALSE,London,Pets,Most read reach heavy woman evening purpose father power idea represent information reflect institution parent like company I third red teach. Break build child way young.,171,#adoptdontshop,FALSE,10-09-2024,Android,de,2677,308,108,0.057
de00d879-4529-424c-b68e-6632d4bf5ad4,7d60627e-1cbb-4783-8943-e15ab42036a2,sherylgreen,Male,28,2201,5838,08-05-2021,FALSE,Ankara,Fashion,Behind identify nature control toward these hotel send air true daughter first minute certainly dinner machine buy. Too ask author rise test.,141,#fashionista #lookbook #style,TRUE,17-02-2025,iPhone,fr,127,13,7,0.0668
f6a03a2d-99db-4db4-9265-20549e1770d4,2f1f50a6-d228-4104-b08a-ffa0a625b5c3,schmidtvincent,Male,24,44048,2526,29-05-2016,FALSE,Madrid,Finance,Wall send southern what stop south local next win local summer require others. Move nothing education majority can.,115,#money #crypto #stockmarket #investing,TRUE,20-05-2024,Tablet,fr,2246,210,72,0.0574
b3ba2d93-17cb-4d75-b2b2-8876da4ca4a4,025f1988-6595-45c5-bda0-1eb50cb26050,kimberly37,Female,55,52830,8493,17-04-2018,FALSE,New York,Fashion,Heavy system your much country military push person quickly parent. Soon most under money social explain.,105,#style #lookbook #fashionista #ootd,FALSE,20-02-2025,Android,tr,2661,275,234,0.06
9f805df2-8fd7-491c-a94c-2f0c020549e7,0f108a0f-0f17-4ec9-b3ef-74ad37781209,breanna67,Other,43,84588,4938,18-07-2023,FALSE,Ankara,Technology,That chair little both around scientist young measure treatment author ever senior. Teacher director dog radio push learn place.,128,#innovation #tech #future,FALSE,18-01-2025,iPhone,de,4246,368,353,0.0587
d3e74c06-e45c-4b89-9632-4a0845f5fd6a,b5c97215-499e-4735-b9f4-9024cfd77a84,fbarnes,Male,45,15280,5274,19-05-2024,FALSE,Berlin,Photography,Million tonight number culture think positive must how well least idea right far. Next certain relate base camera.,114,#snapshot #dslr,FALSE,20-04-2024,Web,de,739,103,24,0.0567
ed242089-a5f3-4acb-8f20-ce000a6f43e3,9573ecd2-5172-4d8a-a8f1-2f6b7757633d,josephangela,Other,28,15909,7998,28-10-2018,FALSE,Bursa,Memes,Above side laugh I reach measure notice skin view business nearly certain knowledge perhaps president. Serious certain wear increase there increase.,148,#lol #funny,FALSE,23-01-2025,Web,es,840,108,67,0.0638
885f4065-b93f-4ab3-a4c7-6cc889bed676,3eec65a5-971a-4df6-a12b-39507a18d221,hartangela,Other,18,57768,5906,30-12-2022,FALSE,Ankara,Art,Listen sign explain little camera represent indicate sister return suffer heavy by western response live. He analysis despite.,126,#artistsoninstagram #digitalart,FALSE,28-08-2024,Tablet,fr,2904,329,260,0.0605
3cad5b03-e07f-4f90-bd30-c82855565005,8f565b27-fc6f-46d0-8fab-8dcfe056f68e,vdavis,Other,58,10782,2367,22-07-2021,FALSE,Antalya,Art,To thousand people nor always bag no prove scene build. Country son detail late employee green stuff.,101,#creativity #artistsoninstagram,TRUE,05-01-2025,iPhone,es,507,64,50,0.0576
446f487f-6766-4bb0-92f8-6b61aa32ced9,9484ff60-db19-4619-8e88-6e727d830eb3,bwhite,Other,17,59278,6795,29-11-2017,FALSE,New York,Memes,Catch possible vote course culture station play blood. Decade attorney later opportunity vote.,94,#relatable #memeoftheday #funny #lol,TRUE,20-03-2024,Android,fr,2943,308,135,0.0571
f6a7ac1c-3f7b-4291-a733-3aee42203c51,51b8520a-6960-47d9-91da-5343f448a598,warebruce,Female,22,93633,8092,27-02-2018,FALSE,Bursa,Health,Successful per several group information care of. Everyone officer night heavy.,79,#wellness #healthtips,FALSE,01-02-2025,Web,es,4616,433,287,0.057
845aed5a-3f32-49fb-a884-0ce898a68a55,5ffe87c0-9a7c-4ea6-8021-981b43b6d392,tranbenjamin,Female,26,36911,3476,18-03-2023,FALSE,Antalya,Pets,Next author sit any opportunity kid item answer political important expert yet miss operation sound. Attack rock base who worker.,129,#dogsoftwitter #petlover #adoptdontshop,TRUE,29-09-2024,Web,de,1790,103,164,0.0557
635459ea-a130-4192-8a02-41a72002e2a3,12af530b-3ea7-4277-b106-df9a02d995ed,monicaoliver,Male,50,82739,8914,16-12-2024,FALSE,Istanbul,Travel,Sense president necessary toward appear capital share process be training who together eye. Through speech candidate still red.,127,#travelgram,TRUE,03-04-2024,Android,fr,4172,453,288,0.0594
87a2799c-9afb-4a5c-ae29-829496e7e056,44dbf011-2c10-4bdb-b499-3a0fbf922f8d,stephanieweaver,Male,30,35915,4533,12-02-2016,TRUE,Paris,Food,Health modern this international born shoulder specific worker must fact stop cold speech agreement make natural administration series Republican several yeah newspaper program couple owner attention. Less future up impact us American performance.,247,#foodie,TRUE,13-05-2024,Web,en,1800,136,73,0.0559
08679eb0-5019-42d6-85a5-f9348dce7c4c,37865fc8-79a1-4771-a55b-bfa435cc4465,murraysara,Other,46,83547,4023,03-02-2025,FALSE,London,Gaming,Toward participant film church represent imagine each Mr address. Age international business food will minute series hope.,122,#twitch #gaming #gamerlife,TRUE,04-04-2024,iPhone,en,4265,382,130,0.0572
37ca94b9-4896-465e-a264-0647054e7c74,026f549d-75a2-4958-b67c-ee6715b45603,montesjuan,Female,21,77521,158,30-09-2015,FALSE,Antalya,Memes,Environmental reflect single apply shake low others special fight threat. Choice particular off firm.,101,#relatable,FALSE,08-12-2024,Web,en,3856,201,92,0.0535
96498593-38ad-4940-ad46-92f04d37fc6a,b2bf2230-5890-4fae-8c23-7084731aef4f,conwaylori,Male,48,34216,8124,14-11-2016,FALSE,Madrid,Art,Show position base thus voice scientist remain score technology effort course form have. Whose still agreement check plan oil fight loss.,137,#digitalart,TRUE,06-10-2024,Android,fr,1744,139,45,0.0563
8753aa6c-b843-4ab5-91c9-89f2912a78c6,0687ba66-fbc7-4a4c-a7e3-405e92519217,melissa55,Male,59,50731,7515,02-09-2018,FALSE,Bursa,Gaming,War gas interesting boy these seat contain partner development born. Soldier manage ahead four discover.,104,#twitch #gamerlife,FALSE,22-01-2025,Android,es,2463,279,140,0.0568
36263091-6373-4912-88b7-5d43d9f264aa,42b34359-cfb2-4fbe-b5a8-94e3af5ebf8c,bcarroll,Male,20,12468,6146,04-05-2017,FALSE,New York,Education,East card trip drop per result wind certainly successful third yeah space. Unit according away much three life second.,118,#edtech #knowledge,FALSE,27-06-2024,Web,en,592,83,49,0.0581
3c0695ce-d98c-47ea-9d11-5ebec9da2152,f1df1bda-b20f-47d4-8120-456b66333844,pmartinez,Female,51,87972,8318,17-02-2022,FALSE,Paris,Health,Act choice east recently blood put a television present bad scene space however until audience price above every why investment court usually. Quality house south actually senior meet concern.,192,#wellness,TRUE,09-10-2024,Web,de,4399,426,163,0.0567
d0f79518-f5da-471c-ad56-eb7b2915a377,66ebbcd8-9453-4355-b970-ced1ace93aa4,martin40,Male,43,98672,3464,06-11-2016,FALSE,London,Food,Close soon hotel trip play two knowledge partner almost there skill more. Group ready production yourself stage entire data.,124,#yum #foodie #instafood,TRUE,25-01-2025,Web,de,5060,655,381,0.0618
241787ba-2703-45ff-82fb-e8d19b29d8ce,4535fc22-a7cc-4174-826c-c7291217391c,boydmichael,Male,49,86726,7156,24-09-2017,FALSE,Ankara,Fashion,Risk head practice various daughter his whatever it produce spend theory store above move toward type respond center. Decade nor success fight officer these.,157,#style #lookbook,FALSE,06-01-2025,Web,es,4369,617,68,0.0583
d56f7f33-2963-4ee4-a34e-2d6f16e249dd,001940bc-9dbc-4e3b-afdd-191cc0a2675b,williamsanthony,Male,52,69913,7821,27-03-2022,FALSE,Berlin,Food,Fly least five message open sense board situation trouble sense argue road. All before receive camera.,102,#foodie #instafood #homecooking,FALSE,08-10-2024,Android,tr,3528,365,242,0.0591
02f33993-a975-4051-bebe-e3a0adf89174,ac381bea-dcc5-4efe-a64e-c6adda575005,bbell,Other,46,70290,9433,26-07-2020,FALSE,Madrid,Pets,Couple including quality chair tree ready available be place let thus task less. Student beautiful treat police art.,116,#adoptdontshop,TRUE,24-10-2024,iPhone,de,3587,386,77,0.0576
dd518870-9b62-491b-98ea-d25991dbab63,b31cc9ab-8add-4451-9813-6fb41fd19b8b,mclaughlinkeith,Female,55,52651,2163,24-12-2022,FALSE,New York,Books,Good already lot that walk report couple figure available lead past open art require PM six cell realize dinner process fire magazine mind service after argue. Allow senior paper many.,184,#reading,TRUE,27-08-2024,iPhone,en,2628,318,240,0.0605
d0ac09d4-83b1-4ac1-bec9-400fdd4139f6,5cd9e29e-8414-4171-a5dc-01c84120c5e7,carol60,Male,52,40748,6199,09-11-2022,FALSE,New York,Education,Feeling scene bad huge part rest cultural job hard now believe appear. Box degree job happen than.,98,#knowledge,TRUE,28-01-2025,Android,es,2014,156,33,0.0541
2a26d484-3113-4c35-b8a0-60017760e0da,ced64bb6-8074-455a-badb-fc2849d8e13c,fuentesashley,Male,54,23356,4404,29-02-2020,FALSE,Ankara,Finance,Leg race car trouble long compare do forget to nation. Less middle southern ability hold use region.,100,#investing #crypto,TRUE,02-10-2024,iPhone,de,1189,60,103,0.0579
4beb9c09-09e9-4884-901c-6b31b616998e,5b107ac5-6b84-4172-8290-d05aff7106db,dcole,Female,20,15160,7290,08-10-2023,TRUE,Istanbul,Photography,Bag material character successful red safe recognize keep green senior approach. Audience condition phone manage level college.,127,#dslr #photooftheday #travelphotography #snapshot,FALSE,21-08-2024,Tablet,es,757,106,13,0.0578
4d1d53e5-ae0f-45aa-b821-5c3ef4c50f81,e9b4d67c-572e-4bc4-8709-dade5f9bb79d,alexanderwong,Male,40,56514,7424,31-08-2017,FALSE,Paris,Education,Yard morning a dinner available machine say yourself fire consider make. Air job tend young herself.,100,#learning #students #knowledge,TRUE,11-07-2024,iPhone,de,2805,233,254,0.0583
968be41e-289c-41cf-8ec6-8ad8b647389f,f99b6c83-2938-4ef6-97be-6a70fbd282a9,deleonkimberly,Other,59,90517,4450,18-08-2015,FALSE,Madrid,Food,Carry itself question toward eight particular describe assume various become success tonight yet team. Defense body sit should pressure building general.,153,#foodie #instafood,TRUE,19-01-2025,iPhone,tr,4510,516,415,0.0601
eb4aaa61-b95c-4fad-b693-7a80a903d2a2,8daf976e-b7e3-4c77-91aa-eeb9daadc463,jessicafox,Other,35,30852,9758,21-12-2019,FALSE,Ankara,Books,Society forget nor thank people stock him raise enjoy can reflect story. Similar political like beyond trip born sit wrong.,123,#readmore,FALSE,04-10-2024,Web,es,1564,114,86,0.0572
9b7d647e-ac7c-4c45-97e9-133756a8564b,e7f585c8-e034-4994-826d-b5533a683648,jasonwilliams,Female,28,65469,2534,12-01-2020,FALSE,Istanbul,Gaming,Water research policy this information truth generation investment car tree cut cultural why out blue company. Every own create according political international.,162,#esports,TRUE,26-01-2025,Web,en,3231,229,58,0.0537
e3534c82-fb06-45b2-8d5a-2ac77d8291db,060e3492-60d3-41e1-9c4b-09e926fcd50a,lauren18,Other,54,31303,7320,14-09-2021,FALSE,Berlin,Music,Product notice ok conference hour appear well it indicate against present house huge structure offer three really. Thousand good continue material bag different.,161,#musiclover #nowplaying,FALSE,23-10-2024,Android,en,1485,200,38,0.055
ffb305de-eea6-4859-9544-06b94dff35bd,507d5605-8172-4c60-8c8f-1730d469cdfc,douglassusan,Male,38,23292,7915,29-12-2019,FALSE,Antalya,Gaming,It including discover lawyer though course ahead experience decade free response card what now report. Financial whole visit whole democratic everyone.,151,#twitch #gamerlife #esports #gaming,TRUE,07-04-2024,Tablet,tr,1168,150,61,0.0592
168e6fd3-1335-4a14-ac23-5a90d1e90d92,ff4436ab-fd7e-48c1-8f4f-36773afec056,littlebeth,Other,30,10227,2312,22-12-2016,FALSE,Istanbul,Fashion,Provide argue read indeed often own theory resource miss. Value kid thought social.,83,#style #lookbook,TRUE,19-03-2025,Web,tr,559,34,23,0.0602
987bcb5d-2c39-43f7-9dcf-74f249d660c5,367db590-9a16-44d3-b7e5-5dc1f8bcedc3,tara69,Male,51,96860,9009,15-04-2024,FALSE,London,Memes,Focus total design reality support return. Prepare watch step by.,65,#funny #relatable #memeoftheday #lol,TRUE,29-08-2024,Web,de,4907,579,356,0.0603
4ca9c5b2-eb85-4560-a91d-fd51100fe039,c845b797-22af-478a-8305-3dc4b88aa1bf,cynthia86,Other,48,59123,9540,25-03-2018,TRUE,Izmir,Photography,Worker impact firm certainly Mrs it oil reality. Hold peace building heavy dog almost decade.,93,#photooftheday,TRUE,08-04-2024,Tablet,tr,3029,294,132,0.0584
f51b5a1e-e48c-4931-a7e5-619912902a07,2e4cd1a3-0572-49a1-97ef-682968a253e2,uwilson,Other,47,61508,1893,26-07-2021,FALSE,Berlin,Food,Also chair allow level suffer raise view place think car just environment two determine news front woman light kind. Mean full ask guy water culture.,149,#instafood #homecooking #foodie,FALSE,26-02-2025,Android,es,3017,178,182,0.0549
615eeda2-64f2-4234-941c-012a0733041f,a960935d-6789-4dae-a1fa-5799a46a7614,rosskaitlyn,Other,24,91341,6490,13-01-2021,FALSE,Madrid,Art,Edge travel available future rest physical office through continue hand character bag room mother country again yes seven summer of establish gun. Defense enjoy prevent cold market machine.,189,#artlife #creativity #artistsoninstagram,FALSE,19-04-2024,Android,de,4495,600,123,0.0571
63de76a5-cc28-468b-8deb-f9e6c5c76402,ca8f8783-7973-4adf-a7a0-5e5a5b729a2f,nrodriguez,Female,51,33562,7061,20-04-2023,FALSE,New York,Finance,Degree half continue speak create include group ready situation fly change chance early seem practice. Future type process form month easy.,139,#crypto #stockmarket,TRUE,01-03-2025,Tablet,es,1684,171,134,0.0593
cae4beef-f22d-4763-8d50-b557f9d8b8b4,1cbed5b2-c6ed-4c0d-9201-08cf9c97e52b,wardlaurie,Other,50,3037,8301,22-02-2016,FALSE,Antalya,Art,Pattern us that successful answer floor whether list civil peace century wife decision west process view sit could why. Those resource space food international ahead manage claim.,179,#creativity,FALSE,07-03-2025,iPhone,de,143,16,12,0.0563
0aed12a9-ec2c-4419-873c-9687da45a787,6f162674-3d3b-4d0b-be6a-a4178a6b406a,sarahhicks,Other,53,85880,1410,16-12-2016,FALSE,Istanbul,Education,Word center college address industry. Good finish heart black least remain.,75,#students #learning #knowledge #edtech,FALSE,20-05-2024,Tablet,es,4358,245,196,0.0559
0caadca2-1cff-4bdd-a93b-17dc3a0bbe53,df90d94c-ba4c-4210-9fdc-f45ddd101bfe,gabriellecameron,Female,25,84359,4389,02-03-2016,FALSE,New York,Gaming,Analysis keep purpose consider modern job yes water media station contain. Price back serious yeah old deal.,108,#gamerlife #gaming #twitch,FALSE,26-02-2025,Tablet,fr,4245,304,196,0.0562
449bc410-2e3c-47f9-a259-921416351093,86c18e8a-c4c8-41b3-8eac-765e18be4bfb,wpayne,Female,42,90779,5315,12-05-2018,FALSE,London,Technology,We need record whether crime great then listen edge product true important themselves piece. Than many fill loss.,113,#gadgets #tech,TRUE,14-07-2024,Android,es,4513,282,404,0.0573
bbfca3d6-6c66-482e-a519-a5c91310f6f6,f6b88b0c-3fe1-4396-be13-63bb90b5dd1f,jbrown,Male,58,29010,2800,23-02-2016,FALSE,Istanbul,Books,Decide act recently ready husband something job most between government. Of certainly professional maybe minute event.,118,#readmore #literature #reading,TRUE,09-06-2024,Android,fr,1405,191,132,0.0596
9c03deb9-753b-4ab9-bc9a-b8e111683e0d,53185d59-615b-4f94-89cf-961ed4eb6215,sarah62,Male,34,19412,8134,05-06-2017,FALSE,Istanbul,Education,Court wide space their result prove military thus population TV decision. Leader staff particular thought worker memory.,120,#knowledge #students,TRUE,02-09-2024,Android,fr,957,124,63,0.0589
baf1ffb9-67da-432a-9839-8275d6581d44,60cf9c88-a044-4627-b145-0cf34005c58d,mariagonzalez,Male,19,68937,8623,15-11-2015,FALSE,Antalya,Technology,Two very boy feel check plan. Southern after rich sure six.,59,#tech #future #innovation #gadgets,TRUE,27-08-2024,Tablet,fr,3463,350,89,0.0566
75e821e3-5319-4092-b86c-69f467b80e30,3bbb8e65-04a9-41b0-9e1b-7b572b1fef20,joe47,Male,24,22892,2147,19-09-2015,FALSE,Bursa,Politics,Might above start accept civil same herself difference nature fast. Top ability ground sometimes middle.,104,#news #election2024 #worldnews,FALSE,09-10-2024,Web,es,1104,69,99,0.0556
83f477e0-7c87-4be5-b7b8-ccdb76d6ec94,5ebb683e-f772-4296-91c9-81a9f667b958,wnovak,Female,35,38097,7305,21-11-2015,FALSE,Istanbul,Fitness,Vote I determine teach other area realize edge. Eight personal government find glass.,85,#fitlife #healthylifestyle,FALSE,02-08-2024,Android,de,1909,242,122,0.0597
b764499e-576d-4c2d-a7fd-eea52aefc3b0,9f94fd38-1322-4083-be5a-7b1986e2a9c7,taylordavis,Other,47,58680,7707,19-07-2023,FALSE,Antalya,Fashion,Executive movie within direction star choice mention soon stock play him moment yes area job design. Subject music summer drop economic.,136,#ootd #fashionista,FALSE,22-11-2024,Android,es,2983,392,93,0.0591
995580a1-5cb2-48fc-9b7d-b95792301459,7b6602e4-daee-40de-a4d4-c5f816e08387,jenna62,Other,25,97996,439,19-02-2024,FALSE,Berlin,Music,With task necessary treatment other per note system hear moment production traditional arm quickly happy ask. Provide build lead everyone.,138,#vibes #nowplaying,TRUE,12-01-2025,Tablet,en,4897,575,111,0.057
846dfeb7-3fb1-4442-8e92-0bd22a6f5fe4,31b5cf5f-ab46-4404-b793-c98d26c58964,kelly70,Female,45,44796,8307,26-05-2020,FALSE,Ankara,Books,Full something have lay day to much piece born green education everybody half although put management too increase idea. Sense billion statement movement right possible computer whose.,184,#readmore #literature #bookworm,TRUE,17-11-2024,iPhone,es,2223,247,156,0.0586
19c2d812-c6cd-4b6c-9d30-f9512f287deb,6514e3e1-07b1-4490-975e-ce0717d46800,adamstout,Female,46,78866,6622,10-10-2015,FALSE,Bursa,Food,Young better should hair among me us much teacher. Quite money instead give movie even drug.,92,#instafood #yum,FALSE,20-01-2025,Android,es,3944,386,143,0.0567
81241b5c-d526-45b4-a738-c2d5c18fecc5,fcf20b51-5828-44f7-a252-38d23056b1a7,kstone,Other,43,38498,6673,25-07-2020,FALSE,Ankara,Food,Prove thus least brother commercial involve lose PM many minute suggest hot. Beat so operation increase budget.,111,#foodie #yum #instafood #homecooking,FALSE,02-04-2024,Tablet,fr,1963,205,25,0.057
8a17b5b6-82b5-4510-b51a-0806de80c540,6e0084f2-927d-4ed5-ae5f-828041a47df3,vcain,Male,44,96233,7232,19-07-2021,FALSE,Paris,Photography,Available student usually term society finish yet important call TV kind whom way staff happy American article church apply fall officer similar. Stuff certain protect charge discover will.,189,#snapshot,TRUE,19-10-2024,Tablet,de,4705,419,305,0.0564
e259ea66-a8b8-476d-9248-600c28fab885,40963fe7-3ab0-4b4a-8288-cad42bde3eff,nicholas33,Other,19,32753,2893,30-10-2022,FALSE,Berlin,Travel,Management certainly type arm then to hotel onto claim knowledge store customer skin firm hope stop feel act smile door executive although Mrs. Civil official management increase who type.,188,#explore,TRUE,16-01-2025,iPhone,tr,1621,81,32,0.0529
4b87eba4-a729-4b87-9a07-89ef5dae1e04,1375d5c6-ab0f-4785-970e-ae96abbd446a,bergerdonna,Female,48,79219,6158,02-10-2015,FALSE,Berlin,Books,Wait under itself worker program difficult represent machine perhaps. Would career second them building stuff share.,116,#reading #literature,FALSE,15-05-2024,iPhone,tr,3884,246,174,0.0543
b1a556d1-4c27-462b-841d-4e121f270fc9,79153c25-8a5f-4e22-ba09-2995bed19361,cmitchell,Female,60,93662,1952,20-11-2017,FALSE,Izmir,Books,Yes recent administration agreement represent place or join result system statement population movement avoid analysis organization stuff worker. Attorney arrive foreign take amount born.,187,#literature #reading,TRUE,22-10-2024,Web,fr,4645,589,142,0.0574
e401a914-15fd-4721-aca8-bf5f1333be2e,a594ccd5-808c-42e8-a404-4d01f7a06725,makaylasanders,Female,32,74947,4209,06-05-2022,FALSE,Madrid,Education,Floor audience religious indeed teach worry commercial east outside huge store west hundred even. Begin late strategy computer career.,134,#learning,FALSE,19-07-2024,Tablet,de,3817,253,351,0.059
481d869f-5d6e-4f05-8021-8436bf847f33,abc5a30f-0159-4351-80bc-3831c584e8f9,wesleybutler,Female,56,65748,5177,07-01-2016,FALSE,Antalya,Travel,Industry service remember very focus military north president size media. See contain price baby skill.,103,#explore,FALSE,02-05-2024,Tablet,tr,3211,225,287,0.0566
1d99075c-6869-41b8-b4fb-a5eb8ac0c134,689a645b-03cf-4b16-8772-a44cd26b5b06,brian62,Other,36,91752,5968,26-01-2022,FALSE,Madrid,Fitness,Nation religious consider meeting yes out guess another entire position film bed theory social above camera himself ground. Night speak hold wide.,146,#healthylifestyle #gymtime,TRUE,06-12-2024,Web,en,4635,275,401,0.0579
793423a5-6889-4405-a9fb-f62b08b8eb3c,30adc949-7cab-46c0-85ba-19c3a9b9aef3,houstonvalerie,Female,42,38362,7800,03-01-2018,FALSE,Antalya,Health,Across why few toward suddenly with everything stage watch marriage his task consumer act. Say consider pay attorney hot response center future.,144,#wellness #healthtips #mentalhealth,TRUE,16-02-2025,iPhone,fr,1831,184,159,0.0567
33e7574b-ef0d-4aae-b834-4938a5d10a29,9bfdd5d9-30ae-4d4f-8d24-c4f16d0b70ca,sotomisty,Female,25,62634,5215,09-05-2015,FALSE,Paris,Books,By bill carry like this. Table firm more.,41,#readmore #literature #bookworm,TRUE,03-11-2024,Tablet,de,3096,303,251,0.0583
b94491de-a937-4b7b-b1c2-474c58f6f86e,83c8feeb-8c08-47e5-a1ba-dfa4e0093db5,williamssandra,Other,57,92995,5646,24-12-2023,FALSE,Paris,Health,Traditional beyond expert up listen week left. Magazine goal before.,68,#fitlife #wellness,FALSE,23-01-2025,Web,tr,4648,439,248,0.0574
a0535d1d-bd9b-49d6-8406-648348a1f70a,1b01a3aa-46aa-40da-b828-b8e16b51392d,johncarter,Male,23,71886,2520,17-01-2018,FALSE,Paris,Photography,Once challenge can eye Congress onto service hospital size call left character response great point move newspaper group page address. Product message miss.,156,#photooftheday #travelphotography,TRUE,04-12-2024,Web,de,3637,286,202,0.0574
258f7af1-07be-4ca7-9be1-f721033bcd89,acb9b4ef-94b9-4194-ba59-16c682716a35,sarah83,Male,51,59556,5026,10-07-2024,FALSE,Bursa,Art,Listen become town Mrs quickly peace money admit clear factor together affect half ahead. Themselves religious hotel agree.,123,#artlife #artistsoninstagram #digitalart,TRUE,19-12-2024,Android,tr,3040,407,280,0.0626
fc83339f-a30f-4767-b525-73c6f5db0b14,7ee90f73-e59a-4288-9229-09f25a4b9779,hannah48,Female,38,60075,8580,29-06-2020,FALSE,Antalya,Books,Hundred in find practice play enter little military discussion hit. Occur window leg while.,91,#literature,FALSE,01-11-2024,Web,fr,2999,354,248,0.0599
824b5e09-93be-46c4-b481-73c7b6d46c19,f2aa13a8-76d5-4fc0-a873-cc3db06fb2b6,vrussell,Female,42,502,1980,20-06-2017,FALSE,London,Photography,Group special usually mention tell no focus certain guess probably. Several in need explain.,92,#snapshot #travelphotography #dslr,TRUE,30-09-2024,Tablet,en,23,1,0,0.0478
10ddf621-315d-465d-b245-6a5ae39f8034,d2ff9bdc-9661-4eb4-a6cc-16399d7dc03e,michaelfigueroa,Female,23,80303,663,05-04-2024,FALSE,Ankara,Gaming,Career former garden staff trip church child according if its rate police collection both. State particularly key artist treat boy situation these.,147,#gamerlife,FALSE,16-11-2024,Web,es,4019,599,328,0.0616
038a4034-f5d3-4f43-9884-a9af56999694,0a0c45db-c54f-4dab-92d9-a0d9ba35145b,jamesgraham,Female,28,50306,9342,24-07-2019,FALSE,Ankara,Music,Season discussion system why trip collection material employee. Without require Republican against high strong.,111,#nowplaying #playlist,TRUE,01-01-2025,iPhone,en,2533,162,109,0.0557
b69561b5-63ec-4960-9b11-230fdfe49f26,b64e23f6-aadd-43b6-a6bd-53ca33152829,dmiller,Female,33,83826,7045,26-11-2020,FALSE,Berlin,Photography,Car customer their response professional magazine morning local six indicate individual yourself quickly. Happy heart smile early such.,135,#dslr #travelphotography #photooftheday #snapshot,FALSE,11-04-2024,iPhone,tr,4255,524,297,0.0606
80002ccd-7c1a-4f16-bd4b-4088cca0cdbc,86c6d3b7-4f0d-41e5-9a49-eab75167e2ff,robin23,Male,43,66466,7479,23-06-2023,FALSE,Berlin,Memes,Society thank program too dream well budget rate. Ground beat sort fall family.,79,#relatable #memeoftheday #funny #lol,FALSE,22-09-2024,Android,es,3241,186,215,0.0548
caa39965-d6c2-4795-8008-3e76e9900bfe,83584dd4-180f-495c-995d-e586910a48dd,kfrye,Other,58,96816,9435,24-11-2022,FALSE,Izmir,Fashion,Become every then standard country hundred own edge maybe glass wide natural summer turn fish son. Notice sport law sing camera worry of dog.,141,#fashionista #ootd,FALSE,05-01-2025,Tablet,es,4882,393,211,0.0567
15a038df-9449-422e-8b49-98c433921a68,bc060d6a-eac2-406a-8c09-206b47c541ba,briansnyder,Male,26,21046,6852,23-03-2022,FALSE,London,Art,Mrs position good accept nature us keep while make task throw. Soon family through how.,87,#artlife #digitalart #artistsoninstagram,TRUE,08-05-2024,Android,en,1082,94,83,0.0598
9d13d52c-fa93-4006-bcdc-b3ed3f20c8e8,8a1a9f1c-6082-4b5a-8332-3335b364cf64,brandi40,Female,42,56721,393,05-09-2016,FALSE,Izmir,Finance,Create hope method event page walk change up usually adult back air stand item. Partner race must part along that.,114,#money #crypto,FALSE,19-08-2024,Tablet,de,2836,159,228,0.0568
f2f61684-2e50-466c-9610-4cee921f2e8e,b0826df6-303e-4f18-aacd-37126d6e9e69,zdaniels,Other,43,54067,6517,12-10-2016,FALSE,Paris,Food,Coach professor prepare poor later talk word range suggest prove economic face blood bad hope blue sign get two compare. Teacher foot how color.,144,#instafood #foodie,TRUE,06-01-2025,Tablet,tr,2714,238,103,0.0565
dfe1f8a9-2437-4dca-85ef-bc17fea0ee21,028eec4b-c825-4ec4-a6dd-e3c2a8fd0ba1,tammykim,Male,50,41287,4596,01-12-2024,FALSE,Bursa,Food,Black quality trial thought provide night father federal identify read stock do price. Campaign crime customer listen.,118,#yum #instafood #homecooking,FALSE,03-05-2024,Web,en,2074,191,21,0.0554
e516f304-174f-43af-aedb-1d02ee58ea6e,d9d2cdf1-efff-4a88-a631-ba5ec4092120,timothy29,Male,19,4344,2092,31-03-2022,TRUE,Berlin,Travel,As itself raise per training kid economy should be resource vote actually exist knowledge trial remain look Congress floor note. Discussion section personal phone ball skin energy.,180,#travelgram #wanderlust #vacationvibes,TRUE,29-07-2024,Android,tr,211,25,20,0.0589
a3449519-445f-476f-ab9c-c553a078695a,d6707f1c-83c8-4c25-a754-9337a2725432,sandramendoza,Male,34,71112,2409,08-07-2020,FALSE,Ankara,Finance,Top have international visit national good key artist article. Effect language follow hour action purpose.,106,#money,FALSE,05-10-2024,Tablet,de,3526,289,311,0.058
fa1fa089-e824-4e73-b76b-f7b19e16b426,3227f46e-c3c8-4cdf-9071-f9a094de7cd5,ugardner,Male,24,99147,6291,24-03-2019,FALSE,Madrid,Fashion,Line fall coach down war avoid their management trouble just trial themselves heart. Quite memory into rise.,108,#fashionista #style #lookbook #ootd,TRUE,27-03-2024,iPhone,tr,4971,486,307,0.0581
606d060d-8988-4039-aa74-a6a24c0906b8,396b1810-009b-4b44-b877-dc56a05422b5,cdavis,Male,57,27882,6182,10-07-2017,FALSE,Ankara,Technology,Stock friend car approach weight available figure reduce rise rate husband evening fill wind red build star present lay. Environment great common floor standard lay.,165,#innovation #tech,TRUE,21-01-2025,iPhone,tr,1392,181,88,0.0596
060e8f15-7bac-4ffc-ac00-6b892d288ff6,6dd3376e-75f2-41f2-977f-258e9329f1c7,charlesbarnett,Female,51,92612,4938,29-11-2020,FALSE,Berlin,Books,Work beat outside morning live hundred kitchen particularly exactly you service lawyer just. Benefit design light.,114,#literature #readmore #reading #bookworm,TRUE,12-07-2024,Web,en,4739,632,320,0.0614
f0833843-ad51-41c6-a4ad-43d77e9f0747,8e087841-6bac-42c3-9ee8-dc74d78bbd64,daniellesolomon,Other,38,95740,4105,26-11-2022,FALSE,Madrid,Music,Relationship get child policy analysis six measure her feel official. Customer poor he language.,96,#musiclover,TRUE,12-09-2024,Tablet,de,4792,511,173,0.0572
da3a7e68-8845-4cd1-8981-b45b011039c7,1acb7844-76d9-4919-882c-221680059d5c,brianmorrow,Female,53,15708,4969,20-04-2015,FALSE,London,Gaming,He institution morning new learn popular together teach anyone current indeed almost against box thousand brother sit make yeah. Follow hotel team.,147,#twitch #esports,FALSE,18-07-2024,Android,de,732,58,7,0.0507
150efbe3-34a5-4c53-b547-0dc26782fddc,e9f2842a-0a7e-4c1f-8837-cf306dc34378,michelle88,Female,52,59488,2168,12-12-2018,FALSE,Istanbul,Art,Look hope fast worry leader discussion final mean front mother assume well accept mind measure sound cold plant your value must hotel talk. Half painting protect standard.,171,#artlife #artistsoninstagram #digitalart,TRUE,28-08-2024,Tablet,es,2976,245,181,0.0572
9141d516-0f9a-4351-9613-83ec229896b7,f1df1bda-b20f-47d4-8120-456b66333844,pmartinez,Female,51,87972,8318,17-02-2022,FALSE,Paris,Travel,Plant since interview thank money a major itself truth. Visit white north into none mother.,91,#travelgram #vacationvibes,TRUE,13-09-2024,Android,es,4454,667,226,0.0608
0fd79986-9bac-4d70-b75f-20deb5f2d30a,f7d2d88d-2b75-4760-9cc7-86237d905407,yvonnecastaneda,Male,43,94581,7448,11-01-2017,FALSE,Paris,Art,Different strategy own end training training determine reveal education go security specific official. Money reach above girl.,126,#creativity #artistsoninstagram,FALSE,04-06-2024,iPhone,es,4708,327,436,0.0578
b418e499-1a7a-4110-bc0b-45de3b1fde8d,8927ee9e-f36b-4f0a-b5bb-aceacc271253,timothy90,Male,27,77053,2935,03-04-2024,TRUE,Paris,Fashion,Ball sound also be little second fact field nature note record. Big either sense.,81,#fashionista #ootd,FALSE,02-01-2025,iPhone,tr,3807,384,57,0.0551
cc0e581f-62d4-4d01-b719-9153c44a729c,8e2b07a0-a93c-45b3-97f4-6e0f1e3313a8,matthew24,Female,50,71812,7528,06-01-2021,TRUE,Berlin,Music,From human show recent indeed hear door only can data also feeling local. Entire thousand dog help entire big.,110,#playlist #nowplaying #musiclover,TRUE,27-12-2024,Tablet,es,3501,500,282,0.0596
1d460dc3-75e6-415d-b897-d7b7a8a53968,25c61a92-89b6-44b7-a380-f558d01fda6e,nicholasmay,Male,24,30373,8311,08-04-2019,FALSE,London,Art,Recognize show democratic just room church fish course team power board group discussion small owner film receive PM around assume party administration manager hear majority growth. Throughout federal oil ready determine.,221,#artistsoninstagram #artlife #creativity,TRUE,04-04-2024,iPhone,es,1458,127,79,0.0548
09674890-48f1-4ff2-8e8e-a74b1662d43c,0fd6d21b-1f50-45b3-8c70-c561c74f42cd,melissaturner,Female,20,27072,9509,02-09-2017,FALSE,New York,Fashion,Computer better center behind change try provide director tax discover small. Body start whom garden inside successful.,119,#lookbook #fashionista,TRUE,02-09-2024,Android,en,1334,173,100,0.0594
d5b7f953-ba37-49b8-8258-b298806369d9,8935d7b8-b05d-4c7f-ac8d-bb88f478092f,dmiller,Male,23,15386,8065,12-06-2022,FALSE,New York,Technology,Picture key billion discover buy majority. Class international sell I consider.,79,#tech #gadgets #future,TRUE,11-11-2024,Tablet,de,703,100,41,0.0549
6501f92e-8a32-4709-8d6a-7f8a2cf2a2c0,c800b074-b5ab-46be-8be3-d1a98a882e18,brenda49,Other,21,94680,7151,29-03-2024,FALSE,Bursa,Memes,Until fast then environment stage place make measure ask effort option study rest natural fire start improve hour beyond scene drive early fund treatment young edge. Only west factor until upon often.,200,#funny #memeoftheday #lol #relatable,TRUE,28-03-2024,Android,fr,4716,611,94,0.0573
ab1a7197-c6a1-43a0-ac5a-dfd9759fbd15,90711904-6c35-4361-917b-61d1eea8caa1,smason,Other,36,82450,8892,07-05-2017,FALSE,London,Fashion,East sound trade plan long record guess control leg realize today light close. Happy senior network agreement data.,115,#lookbook #style #fashionista #ootd,FALSE,02-01-2025,Tablet,de,4081,499,153,0.0574
5c6cc899-3ef0-4d13-a12b-7d9d53c2a080,1e066860-ee56-48ad-8d93-1ba6f39adee9,lyonsdeborah,Female,24,23431,9307,22-12-2022,FALSE,Bursa,Education,Employee book board population receive apply view both expect rate. Town activity chance week memory.,101,#knowledge,FALSE,22-10-2024,Tablet,tr,1142,79,21,0.053
8d5718a8-8b81-4e08-ba8b-5f195ea6b815,c5812272-740d-4a44-9371-d6b8e8a4a2ff,pterry,Other,25,12809,9875,17-03-2020,FALSE,Izmir,Finance,Note heavy arrive lot PM price reveal Mr act knowledge simple away should everybody position born door foreign factor take major. Can glass parent single southern loss able goal.,178,#money #stockmarket,FALSE,05-03-2025,Tablet,es,632,62,41,0.0574
f57d78f3-de09-47eb-99fc-6320d690d653,f6e54bd0-4c8f-4106-899d-f511f15563a1,amberfields,Other,52,76518,3161,19-05-2015,FALSE,Bursa,Pets,Cover follow behavior phone power others. Boy music newspaper also night our moment herself.,92,#petlover #catlife #dogsoftwitter #adoptdontshop,FALSE,02-01-2025,Web,en,3797,206,203,0.055
000b03b6-fd49-471d-8e52-1b4d025ca2d8,a1894a53-3e77-4269-94df-9037c7ef6041,aliciajackson,Male,20,97500,2221,16-09-2017,FALSE,Istanbul,Books,Property lawyer past remember teacher billion old bed beat ten myself least season wind machine. Project so wife.,113,#reading #literature #bookworm,FALSE,24-08-2024,Android,fr,4878,389,480,0.0589
250c3203-d9f9-4f6e-9bd5-563b76c55e3b,c06680f9-bf44-465b-acf7-aa1fb8a4c1d9,patrickcooke,Male,24,55270,5004,05-08-2022,FALSE,London,Pets,Set drop among magazine service remain protect least coach offer. Experience fear behind again think woman nice glass.,118,#petlover #adoptdontshop,TRUE,24-11-2024,Tablet,de,2692,274,143,0.0563
fe88895a-8872-4268-8dc9-86ef0db7e84f,63be9c52-2844-4ab6-9f53-74f6ab12400d,bbrown,Female,31,89794,8620,06-09-2017,FALSE,London,Pets,Fight race official wrong simple evening ahead product dinner. President whose available look.,94,#adoptdontshop,TRUE,19-09-2024,Web,en,4549,581,84,0.0581
583eb39c-50d0-4136-ba11-24a6c8e62ffd,ff6ba2ee-1d82-4251-b5bc-8d331bd67089,ocollins,Male,47,54374,1422,28-01-2021,FALSE,Izmir,Technology,Price guy again east it player daughter then value administration. Open lose music watch by heart bag decision.,111,#future #tech #gadgets,TRUE,04-08-2024,Android,tr,2717,401,155,0.0602
6fa2409b-1dac-4204-b26c-d8d5cf64bd21,067109fc-46b7-4e29-bb25-dc11dc482ba1,dustin55,Male,21,8852,904,31-07-2020,FALSE,Izmir,Education,Benefit audience though fire because their so floor couple law why of blue. Clear rest only adult cell.,103,#edtech,TRUE,12-02-2025,Tablet,tr,454,62,29,0.0616
98520065-68ec-4a1b-bde0-c2e26c7eb258,b31cc9ab-8add-4451-9813-6fb41fd19b8b,mclaughlinkeith,Female,55,52651,2163,24-12-2022,FALSE,New York,Gaming,Get floor find affect still whose protect character student surface skill food view grow action can because white. Recently where full enter up.,144,#esports #gaming #gamerlife,TRUE,01-08-2024,Web,de,2645,302,70,0.0573
eda428cb-4aec-488b-a012-eafeaec7f79e,649d2b93-1478-4203-86ba-0c82362f33ed,gina74,Female,55,68886,9937,23-09-2024,FALSE,Bursa,Technology,Do voice type practice measure item another. Training animal west must southern air movie.,90,#gadgets #future #innovation #tech,TRUE,27-09-2024,Tablet,fr,3403,273,139,0.0554
85b99adf-a24d-4f58-a777-f4baf8a7ed89,06bb3e6a-e334-409f-bf07-60a09e480627,astokes,Male,24,74699,8524,06-06-2022,FALSE,Ankara,Photography,Already fast record performance wife fact because mouth follow. While your this particular letter full this.,108,#snapshot #dslr #travelphotography,TRUE,26-08-2024,iPhone,en,3834,205,314,0.0583
8f44c504-6d02-451a-9d8b-45e28cafd131,c0f0320d-c63f-4aea-92b8-cdf4ba98240c,jgallagher,Male,16,55370,5573,01-09-2024,FALSE,Ankara,Finance,Determine capital bad when behind whose service use writer section left fire behavior financial. Instead leg recent position.,125,#investing,TRUE,21-10-2024,iPhone,tr,2711,305,251,0.059
e07930c7-01ac-460a-8354-caf03d996a63,443ff0f9-2f7b-4f42-99db-dac867a379a0,william17,Male,47,28478,5260,30-06-2023,FALSE,Bursa,Pets,Develop ever within order hand officer hotel charge. Inside pay then court above ground break sign.,99,#catlife,TRUE,22-11-2024,iPhone,tr,1410,109,59,0.0554
bc4426c4-20cf-4f1d-b7c5-970583a3489f,8966394e-8785-45d2-99ec-663bd4267b2e,lawrencebullock,Other,20,32775,5238,16-04-2019,FALSE,Istanbul,Finance,True friend audience race series democratic still watch simple fight choose again behavior policy guy me. Assume face lead blood about.,135,#investing #stockmarket #money,FALSE,04-09-2024,Android,tr,1621,193,65,0.0573
0f16ffbd-59eb-45c7-a949-8b00c80aeb86,5a2cac5b-d455-4170-aba2-9d4aaabdabe0,daniel15,Male,44,80702,1140,27-12-2017,FALSE,Istanbul,Fitness,Ok international sister begin share station dinner him old. Voice Republican will.,82,#gymtime,FALSE,17-09-2024,iPhone,es,4134,402,363,0.0607
17e235ef-4ec6-4a09-9e58-94624432d96b,ccf68bdb-df16-42ab-aba8-19446114f3bd,hhenderson,Male,33,45240,3482,16-01-2018,FALSE,Paris,Gaming,Price of environmental hotel television power again environment financial economy free close make stage challenge alone citizen size staff keep education car. Blood prevent arm herself new.,189,#esports #gamerlife #gaming #twitch,TRUE,20-05-2024,Web,en,2256,312,100,0.059
5ee23dfc-a88e-4c64-86b1-6e033faef096,7df39fa9-4072-4f51-8219-908da605c15b,huffmannichole,Male,57,47251,54,09-06-2017,FALSE,Ankara,Photography,Popular war far drug it hundred service four entire partner others attack especially produce assume. Want section them walk range work early American.,150,#travelphotography,FALSE,20-04-2024,iPhone,de,2397,199,68,0.0564
a0e34dcf-32a2-4351-a4a7-3277cb947019,7ac6e21b-80c8-4e88-8d68-8deace8a19c4,brooke94,Male,20,85923,7742,08-09-2022,FALSE,Antalya,Fashion,Skill he find short car something magazine operation participant north show wind ability enter phone more here. Study few fear bank debate.,139,#style #fashionista,TRUE,06-03-2025,Tablet,fr,4367,229,147,0.0552
1be7c7bc-ec06-4959-a81c-e149715083af,8c255574-fc06-4db4-9873-cb80044e4ae7,veronicaanderson,Male,55,31440,9993,02-05-2022,FALSE,Izmir,Finance,In participant remember guess edge blue speech president. Again risk respond hour short middle modern.,102,#money,FALSE,20-06-2024,iPhone,en,1624,96,125,0.0587
56d122bb-935a-4ad2-9e12-a9e5d63e69ad,30c406cd-a1fa-4575-9a57-ca1aad4d0da6,wking,Other,47,66909,9272,20-06-2018,FALSE,Istanbul,Travel,Design point maintain enjoy page could five drop nothing site sign voice trouble increase foot per kid take notice right onto meeting early enough hard interest similar. Bring interview special picture.,202,#travelgram,FALSE,24-06-2024,Android,tr,3296,324,164,0.0566
aadded05-bdd9-47a6-9126-482cff673e61,d1e1cb43-88de-40b4-985b-96034e6f6718,jasmine39,Male,26,29656,7161,01-05-2022,FALSE,Bursa,Fashion,Example reality quickly difficult huge direction describe if century budget present because economy heart doctor today him either daughter know over life type. Piece himself middle be smile discuss push.,203,#fashionista #lookbook #ootd,TRUE,11-06-2024,Android,en,1487,185,147,0.0613
3c23dded-89f0-47fa-9efc-1befb3eadc17,11d0c0e1-a2ae-41b0-adff-4321e6da25b4,qnielsen,Female,36,2396,4927,27-02-2018,FALSE,London,Health,Condition sound bag send point throughout low may key similar discover Mrs sell job billion threat theory. American economy college positive understand.,152,#mentalhealth #fitlife #healthtips,FALSE,03-05-2024,Android,tr,136,14,11,0.0672
e1d842ce-25b9-4691-a6f4-6799bc127122,794cc15d-3c4a-4cbf-9c6f-d73b37505592,schmidtjames,Female,60,89842,7890,27-02-2021,FALSE,Izmir,Finance,State set land part this none science time security executive author language. With table former system environmental low.,122,#stockmarket,FALSE,24-05-2024,Android,fr,4589,373,47,0.0558
715a9310-7c2d-4c9e-8b08-040ab6ac50dd,a1997a53-3c52-478e-be0c-95218c253168,barnettcameron,Female,21,70282,9575,28-05-2019,FALSE,Izmir,Fashion,Maintain perhaps pull land since maintain step paper support mother money along court. Listen matter third heavy than participant attack.,137,#style,FALSE,27-04-2024,iPhone,tr,3545,294,182,0.0572
020a749d-c283-4ab1-a640-284d4b59e8e5,e99f7e69-85a5-43f3-9ce1-e0923579031b,wmartinez,Female,29,59351,2812,01-10-2018,FALSE,Izmir,Travel,Attention sure throughout office treatment travel it begin buy music family without push fine so truth believe most. Bar I possible no.,135,#explore #vacationvibes,FALSE,07-03-2025,Web,tr,3042,216,269,0.0594
bde1705a-e350-4e83-82c4-99a582e071f0,2eff9509-92ae-4091-9c07-55f99773276e,gsimmons,Female,18,60621,982,23-07-2023,FALSE,Antalya,Books,Speech others school moment agency leave always throughout away move response product offer. About seat speak sea of.,117,#reading,TRUE,02-12-2024,iPhone,en,2959,295,42,0.0544
3b8b57b1-ae60-438b-a925-cb3c128709fd,d57380a7-5228-4e40-abbb-96f10cdd1f71,shansen,Other,22,31700,6480,12-07-2023,FALSE,Izmir,Fitness,Night receive son I community which Republican drop state between fine war watch east left area fast visit policy may Democrat hope. Include pattern interesting respond good hard.,179,#gymtime #healthylifestyle #fitlife,FALSE,28-02-2025,Web,fr,1579,183,129,0.0597
3ded8ae5-142a-45f9-996e-9d99824c1ef5,fd36911f-5b46-4a00-a5fa-e7fd4a2335f3,traceycarr,Female,37,3904,6674,15-06-2016,FALSE,Madrid,Photography,Write stop maybe ever economy investment. Hear clear west high seem.,68,#travelphotography #snapshot #dslr #photooftheday,FALSE,27-04-2024,Tablet,en,202,15,14,0.0592
bc50ea80-e754-42e8-a03a-dbe6ccd67b30,71b10e2e-db2c-43fa-a759-68934c19cd25,laura90,Male,43,35059,1343,15-03-2021,FALSE,Izmir,Education,West speak indicate produce price both would arm science music from create heart natural individual full similar wrong performance along company simple east. Help measure loss best movie standard bill.,201,#students #knowledge #learning #edtech,TRUE,16-11-2024,Web,en,1786,190,93,0.059
1af30bac-d092-412e-8b4b-d728e93d26c5,38768c81-1d52-419a-bc26-12d68e7800e2,lisawoods,Male,17,307,7666,08-11-2016,FALSE,Ankara,Fashion,Book might general staff music push today board old somebody they. All reveal raise.,84,#fashionista #style #lookbook,FALSE,10-02-2025,Android,es,18,2,0,0.0651
a7bcb7e5-d161-4e6a-a619-e9a29815b7d5,8e773dd6-2d02-4d36-8c0e-e95282c4caba,zconley,Male,28,1364,6013,27-04-2018,TRUE,New York,Health,Scientist military national economy still special. It Mr win style social.,74,#mentalhealth,FALSE,25-09-2024,Tablet,tr,66,3,2,0.0521
7db7fed5-cfd3-4a50-9eb6-5f0df7c74856,44b99403-5575-4a4e-9e4b-3d9942926c11,turneralex,Male,31,88586,9138,09-11-2016,FALSE,Izmir,Pets,Body range key across particularly company decade according candidate represent enough set else oil put professor. Help watch official.,135,#petlover,TRUE,17-01-2025,Android,fr,4451,407,383,0.0592
2dd39f76-f20d-4cfb-bfc4-5c96fcc34a80,8f811174-6971-4ca9-a08b-d9456e956b31,msantiago,Other,53,10789,5177,31-10-2024,FALSE,Madrid,Art,Easy increase outside know nature writer Congress home again forward station next while doctor four. International current kind trouble face.,141,#digitalart #creativity,FALSE,30-12-2024,Android,fr,522,37,41,0.0556
22a231e2-e2f8-4b0e-9da1-207585b42ddc,1279e686-bdf3-457d-9e0a-8a2f72284bd2,benjamin96,Female,31,64899,2467,05-02-2021,FALSE,Istanbul,Fitness,Difficult bar across above leave parent east receive whom who letter chance indeed bar eat. Low make little role family fight low.,130,#gymtime,TRUE,07-03-2025,iPhone,es,3191,241,237,0.0565
b712fe84-95e6-4acf-a483-68108f49ceb8,36a381e5-a9de-4e3a-aef6-54ab8f0676a4,kspears,Other,58,29270,3373,18-04-2015,FALSE,Ankara,Pets,Participant us must part successful either child magazine style agency set most. Behavior read worker role family entire item management.,137,#catlife,FALSE,05-09-2024,Tablet,de,1456,124,93,0.0572
3b8c9c2f-3c57-4c78-bb00-b912079347fb,4a92d548-41f3-4c19-84b6-b45585ef664c,salazarjoshua,Female,19,72285,3403,14-03-2020,FALSE,Izmir,Travel,So specific ability sometimes natural painting million group deep entire amount leader let lose here trouble trial there. Thing music so brother training option wear.,166,#travelgram #vacationvibes,TRUE,07-11-2024,Web,de,3538,363,230,0.0571
91dbd072-7706-4b43-a8d8-3f8d917589e8,a791fa88-c77d-47c8-984b-20703d83e81c,daughertypreston,Other,19,14575,6160,24-07-2023,FALSE,New York,Memes,Former real fast soldier whatever. Mother go it affect court create soon.,73,#relatable #memeoftheday,TRUE,11-03-2025,Android,de,742,98,27,0.0595
4e0c2550-db2c-4d51-a22d-82951aaea42b,5e261273-c351-4aec-a80c-51694f66c54b,hunterandrea,Other,30,88824,5222,28-08-2021,FALSE,Berlin,Technology,Cell class live realize least admit student simply from expect real dream hot agent government fact. Son wall language local.,125,#innovation #gadgets #future #tech,FALSE,26-12-2024,Android,tr,4450,398,175,0.0566
515740f5-7259-43a4-91b5-76b2d8875929,b8034cdb-c618-4e97-8040-cc875d2a96c1,william47,Female,27,3874,8225,18-11-2015,FALSE,Paris,Food,Miss senior attention animal worker toward lay hard administration window recent group. Prove situation charge board brother.,125,#yum #foodie #homecooking #instafood,TRUE,18-08-2024,Tablet,de,188,21,7,0.0558
711df7ca-e145-4d51-9b13-7971c5bf70f6,c2d57ddc-315b-4f08-b9b8-db4b14f526d6,laurakaufman,Other,46,24828,7886,23-09-2023,FALSE,Ankara,Technology,Enough also why treatment apply lead board who impact finish sister service information current protect production price rate source figure. Surface perform in yeah fire.,170,#tech,TRUE,11-06-2024,Web,de,1247,167,105,0.0612
a53c66fe-62bd-46d9-875e-be11fc4a882f,aea6d71e-b48b-48aa-a9b8-620a9ca5c910,eddie23,Other,30,2121,8896,10-12-2023,FALSE,New York,Music,Everybody hit science address I manage although only their three language each natural choice TV avoid. Nothing media deep girl note president.,143,#musiclover #vibes #nowplaying #playlist,TRUE,06-06-2024,Web,tr,100,7,2,0.0514
4f0e38ea-4847-46a7-846b-a9ce882d5be4,8ae7aa0b-c3f9-418b-b858-7ce8db32d7b7,sancheznicholas,Male,58,19563,1225,02-04-2023,FALSE,Paris,Finance,House great include peace right local itself. Boy place age actually difference send.,85,#money #investing,TRUE,22-06-2024,Android,en,951,98,91,0.0583
e659cb64-29f0-4a70-8302-90088293b54a,5d19e3dd-58bc-4a0d-af22-2faae16856c1,aaronfinley,Female,28,43036,1432,02-06-2023,FALSE,Izmir,Health,Though everybody pick interest mind or better find compare morning rather fall reflect realize theory end. Bag possible pass number give.,137,#mentalhealth,FALSE,22-03-2024,Android,es,2136,121,86,0.0544
be2df63b-f18d-4e29-b2c9-d5e164feb614,8b68c8cc-31cc-4c3b-b1f6-400c84101400,mosstracy,Female,54,61826,9851,17-07-2015,FALSE,Istanbul,Photography,Scene within citizen risk deep cultural leave until something thought reach for perform gas audience whether style officer common. Hold such become away.,153,#photooftheday #snapshot #dslr,FALSE,03-06-2024,Android,de,3170,320,167,0.0591
36d043b3-73ff-43c4-9677-5610ec78b9fc,ad3da1d9-eb3c-477f-ab10-b0c7ff3c7104,kristinarobinson,Other,46,64140,367,03-08-2021,FALSE,Ankara,Travel,Turn risk home assume school several scientist research sure Mrs change short factor. Ever modern agent adult better fine ever.,127,#vacationvibes #explore #travelgram,TRUE,02-09-2024,iPhone,en,3278,412,287,0.062
6173dcac-bd63-466a-a159-2449ffaba55a,15689404-31d5-4ee0-9cf3-5e04351e89f1,zhuang,Male,49,84223,604,01-02-2021,FALSE,Ankara,Travel,Range model entire focus phone task east between up think gun budget she health window. Analysis second recent fine require must home.,134,#explore #wanderlust #vacationvibes,FALSE,29-09-2024,Tablet,es,4075,579,112,0.0566
6536903f-bde3-417b-827d-25a72acd1132,73e0d6e5-d55d-49ca-8f1e-2df031271806,nicoleanderson,Other,37,56281,9874,11-06-2018,FALSE,Paris,Gaming,Tell blue sort activity improve health. Sport improve first enter.,66,#twitch #esports #gamerlife,TRUE,04-10-2024,iPhone,de,2778,320,128,0.0573
efd40f41-47ab-44c6-b775-99d60e79334c,c94f7af8-de2b-4fc2-ac50-2e1b6ac9fb8e,juarezearl,Female,37,90726,8778,15-02-2020,FALSE,Ankara,Pets,Thousand list since debate all check put resource time yard public score. Money hear group score control report.,112,#catlife #petlover #dogsoftwitter #adoptdontshop,TRUE,05-11-2024,Web,fr,4605,341,56,0.0551
cd4fd76b-dd37-45e3-9420-f45f63e2ff17,63af4063-fe65-44a3-a12e-ca92510646f4,nicolemiller,Other,34,9514,4676,11-05-2024,FALSE,Bursa,Books,Piece ever set part room information take agree light. Movement the draw second project once.,93,#bookworm #literature #readmore #reading,TRUE,28-12-2024,Tablet,de,481,40,23,0.0572
5c07dca0-6261-4eac-9fd5-93c07393e052,821964cd-f7b3-45ed-ac08-ccfbcd54f95e,gwade,Male,32,14960,5518,08-07-2023,FALSE,Ankara,Music,Message sell community spring game. Agent year name.,52,#playlist,FALSE,26-08-2024,Tablet,en,808,92,45,0.0632
a75ee9a3-5034-4960-bc9b-6658a5968792,90a937cb-3873-416d-b36f-07e0db5245d6,rodriguezjohn,Other,31,97037,7650,03-04-2021,FALSE,Madrid,Gaming,Human scene race fact less successful analysis area section energy. Myself doctor project far billion natural.,110,#gaming #gamerlife #twitch,FALSE,05-09-2024,Tablet,fr,4771,712,69,0.0572
a53bb849-12c4-460a-8a9f-c7ebf99e1ea8,04662a43-8980-4967-9504-183df5ca4107,zrogers,Other,51,18256,336,09-12-2023,FALSE,Antalya,Memes,Live official final level which responsibility compare sure half own system what bed force. Collection hair when quite.,119,#funny #relatable #lol,FALSE,09-09-2024,Web,es,920,118,46,0.0594
2261b2b1-df68-486a-8683-a8480a286b03,bfec1b6f-e594-4ea5-8e81-fe83210312c9,rfriedman,Female,51,52602,902,18-10-2016,FALSE,Istanbul,Books,Measure grow tax company perhaps board end study. Him impact production and none major employee.,96,#bookworm #reading #readmore #literature,FALSE,31-05-2024,Tablet,tr,2713,201,27,0.0559
a5680366-7161-4db8-a595-d7ee4a66d554,0dd301e6-2c52-405f-92ab-8b45816d5a25,kjohnson,Other,46,14657,2583,08-11-2024,FALSE,Bursa,Pets,Rest board we interview citizen century. Manage mouth full factor act front drug source.,88,#petlover #catlife #dogsoftwitter #adoptdontshop,TRUE,25-09-2024,Android,fr,747,60,24,0.0567
5826bd6f-6009-4661-9dc5-dea4fbf1c076,17733fe3-ad67-4a41-be3f-fead664eba10,richardhaynes,Female,24,7117,6651,30-11-2021,FALSE,Madrid,Music,Wrong teacher leg leave whole prepare candidate after any only certain. Necessary agree property detail community.,114,#vibes,FALSE,26-07-2024,Tablet,es,356,46,35,0.0614
601a815a-1f28-47ea-a4c7-0c3d80f95b0f,20872195-2f21-475d-ba46-e686c2f83b46,amydickson,Female,39,92867,9706,29-09-2021,FALSE,Ankara,Photography,Whom happen affect allow life some look than parent. Impact social conference me head.,86,#dslr #travelphotography #photooftheday,FALSE,30-10-2024,Tablet,es,4685,643,243,0.06
4b81260f-3bff-4230-a418-28d9d6acd882,4f93f555-1c6f-4fb1-85e9-b87313b2379d,steven64,Female,56,82257,72,22-02-2016,FALSE,Ankara,Music,Senior tree bill catch doctor current benefit school three blood best about fill source war language customer food. Wide wind each since area water left know.,158,#musiclover #playlist #nowplaying #vibes,FALSE,22-04-2024,Web,en,4143,396,68,0.056
885ef213-6bbd-4b3b-b8d5-391a85b064f2,83c8feeb-8c08-47e5-a1ba-dfa4e0093db5,williamssandra,Other,57,92995,5646,24-12-2023,FALSE,Paris,Politics,Almost local reveal herself industry pay office American police focus book film hair establish test civil case. Year many explain later tax affect.,147,#news #election2024 #worldnews,FALSE,09-08-2024,Tablet,tr,4717,336,432,0.059
0ef55b35-a4c0-4f3f-95f1-ac2c43cb72ff,e4ee813c-7f08-44d6-a0fa-b259ee010d11,hsmith,Male,39,54853,4190,16-08-2022,FALSE,Antalya,Fitness,Them year boy Mr evening lose will eight food than business help participant. Commercial realize cover exist receive.,117,#workout #healthylifestyle #gymtime #fitlife,FALSE,16-09-2024,Android,fr,2736,322,261,0.0605
05df68fe-70e0-436b-8809-00df43eacccd,8312c17f-29f1-460d-a521-2d8c7eb02b01,nicole24,Other,25,63349,4518,18-08-2019,FALSE,Madrid,Memes,Entire identify drive child dark part each keep little American couple one possible either the official take education. Determine car security fund.,148,#relatable #lol #memeoftheday,FALSE,22-03-2024,Web,tr,3187,362,88,0.0574
800cca88-3ac3-4af6-aaa5-35b7d15f3fbd,9a64a321-bb5e-4d28-bac2-44c75b9abba7,jasmineryan,Other,19,62593,6714,10-10-2016,FALSE,London,Fashion,Trial represent baby all total. Foot institution history possible ask community hot.,84,#ootd #style #fashionista #lookbook,FALSE,01-08-2024,Web,en,3150,193,195,0.0565
866a3939-064f-4a0b-bbfe-e0f9f6b93075,3b19fa80-9062-4fd9-be72-16acd34a7aba,charles39,Other,16,46501,5691,12-05-2019,FALSE,Ankara,Memes,Only marriage under capital find. Development let kitchen audience them evening.,80,#funny #memeoftheday,FALSE,24-09-2024,Web,de,2342,273,107,0.0585
fe58b1a5-9689-431b-81a6-6ce5e67d021e,1341d573-03ef-489b-b014-b1ee47e40b6a,petersonlisa,Female,40,23804,6998,21-07-2022,FALSE,Bursa,Art,Effort never from apply treat medical feeling space major person three candidate young. Last until seven save represent likely including.,137,#creativity #artlife #digitalart #artistsoninstagram,FALSE,23-05-2024,Web,fr,1229,83,118,0.0601
de8326ad-bc26-4307-99d6-bb220a614fda,fafeb469-e175-4727-8c6e-3e65485627c1,imcbride,Female,60,79395,4724,09-05-2017,FALSE,Bursa,Fashion,Issue though order popular stand some them try catch focus walk security week tax international public very customer pretty them no trial hot. Peace southern else decision sister fill.,184,#style #fashionista #ootd #lookbook,TRUE,17-12-2024,Android,en,3968,201,67,0.0534
8923208c-e237-4065-954f-e86597c94dd7,04f9fbdd-de35-480b-9d93-fd539fdc0e01,harrellholly,Other,24,59074,4997,22-07-2020,FALSE,Izmir,Travel,Maintain hour others bit than military risk spend source minute write detail sister movement civil. Mother political soldier message.,133,#explore #wanderlust,FALSE,25-01-2025,iPhone,fr,2919,155,55,0.053
83e155dc-f99d-4693-b04a-cdbd58bc9edf,8c828984-a888-4dbb-b32d-3eff355b3833,jeffreyanderson,Female,51,11846,1574,27-10-2017,FALSE,Berlin,Travel,Listen manager know institution indicate responsibility summer participant PM best room follow teach. Share probably employee water recently.,141,#explore,TRUE,15-03-2025,Android,fr,605,87,15,0.0597
acd2e0a0-71a3-4ac0-8de9-7ab090744661,3dff91d7-191f-4c1d-bf63-80fe957465b4,timothy64,Other,25,75165,2745,07-12-2022,FALSE,New York,Books,Agree close whom present professional subject argue little this. Within campaign reason decade traditional.,107,#literature,FALSE,18-04-2024,Android,fr,3732,485,135,0.0579
0001f25e-928a-4236-844b-84dd54e809ad,b7882731-86bf-4743-9943-5be37e0697fb,rebekahhill,Other,33,86932,9972,21-10-2022,FALSE,Paris,Food,Behind thought music other treat field teach case seven perhaps citizen order past whose. Standard two look special newspaper.,126,#instafood #homecooking #yum #foodie,FALSE,21-02-2025,Tablet,tr,4293,235,362,0.0563
50d530fa-92b6-4d6d-9eba-2b8df8574bd8,10b93061-d545-48ad-a8ac-208010a66f00,fhiggins,Female,53,1985,8719,21-07-2022,FALSE,Antalya,Travel,With simple mean person top professional many third focus science whole various itself choose just society American teacher lead. Research success under heavy treatment account candidate heavy.,193,#explore #vacationvibes #travelgram #wanderlust,FALSE,24-06-2024,iPhone,en,103,5,7,0.0579
144c8509-a072-47f4-9a4a-72071112e851,ff4a89a6-2c7a-4170-bcbd-7567d42bda56,margaretrussell,Female,46,97343,3003,12-06-2024,FALSE,Istanbul,Memes,Fast environment white west several great half send according pull protect computer quickly. Compare tell commercial clearly still lot you between.,147,#relatable,TRUE,13-06-2024,Web,tr,4915,596,313,0.0598
fc88d48e-e952-4c2b-a191-3f5550b3c1c7,e357d91c-d967-4f93-9356-2007e93cd6af,fberg,Female,17,88969,658,10-10-2017,FALSE,Madrid,Health,Approach check base order they hospital great decide nor adult growth body human her say. Appear for operation strong race.,123,#wellness #mentalhealth #fitlife,TRUE,29-06-2024,Web,en,4428,416,317,0.058
9593bc10-5e64-44a3-a4a8-8d05de3662aa,4cef6c49-ac21-48d2-bdd8-750ea1393477,nbullock,Other,22,95640,5308,30-01-2022,FALSE,Madrid,Finance,Base degree level sometimes job prove part avoid anyone coach seven. Although none business month room yourself figure.,119,#crypto #money #stockmarket #investing,TRUE,08-02-2025,Android,es,4830,362,383,0.0583
99ea9202-08f6-412c-ad8a-0e16a89d5dad,dae49524-0fa4-4d82-80ca-7927021b9043,hthomas,Other,45,5465,8638,23-08-2015,FALSE,Izmir,Technology,Young worry true less test age environment within wind. Likely stage near exactly place there.,94,#innovation,TRUE,27-07-2024,Tablet,fr,263,32,15,0.0567
004775cf-37ee-4ff8-8a17-ea1130783bb4,cc800fb4-f0d9-4fc6-adc8-3b4546b461a8,mharding,Other,55,25765,1760,23-06-2019,FALSE,Madrid,Fashion,Suffer whose rock performance take interview together above. Trial drive Mr brother national travel leg.,104,#fashionista #ootd #lookbook,FALSE,29-11-2024,Tablet,de,1312,159,91,0.0606
2a2a086f-9c0c-4bba-9152-a656a595551e,a2fdf266-d498-4512-a147-c07c8b8158ce,nhayes,Other,41,35941,8712,05-12-2022,FALSE,London,Books,Serious only chance think poor fight argue turn. Sometimes official tend then wish some buy take.,97,#reading #bookworm,FALSE,25-09-2024,Tablet,es,1850,98,131,0.0578
82dd32f3-c45c-4925-a69b-f47285a29e00,669d0177-dd55-49f7-9118-a0c0141381cc,lhall,Male,30,81239,6477,13-08-2024,FALSE,New York,Food,Protect quickly democratic stand carry walk fear line along morning office voice design situation these almost miss around mind pretty. Mouth himself quite personal.,165,#homecooking #yum #foodie,FALSE,30-08-2024,iPhone,en,4091,464,377,0.0607
1af82325-3f09-4053-8c7d-28e6c279f2ac,7a7e1fb5-e8a7-4376-b19c-255f822b0f06,amandaadams,Male,44,7525,3008,05-09-2022,FALSE,Berlin,Finance,Night throughout mission others machine quality southern last hard north want own painting. Economic herself cold cultural always.,130,#investing #crypto #money,FALSE,29-01-2025,Tablet,fr,371,24,4,0.053
cc25fcb2-9937-4970-a11c-e195e89409bb,4bc14e11-73e9-4552-a23a-75a29dba8904,howardmonica,Female,46,79545,2055,05-08-2018,FALSE,Ankara,Finance,President scene media three throughout one thing quite start minute call religious traditional not western. Charge family officer few similar.,142,#money #stockmarket,TRUE,08-09-2024,Tablet,tr,4022,306,158,0.0564
58884415-c2e4-4c31-8a16-77a239b3812d,7e49b5d4-a194-4331-b179-8fb031b60e38,petersonkyle,Female,16,72279,1140,12-01-2019,FALSE,Antalya,Fashion,Defense by such industry themselves anything apply time. Stock network away situation middle.,93,#ootd,TRUE,08-11-2024,Android,de,3514,298,128,0.0545
5d347d4b-c27f-4bce-875b-e6c315b57f0b,ff6142a2-f58f-465d-9bb6-386df5371671,madison97,Male,28,83013,3485,12-08-2018,FALSE,Antalya,Finance,Before Mrs remember truth rate safe why reveal moment support. Focus light right short animal.,94,#investing #money #stockmarket,FALSE,16-06-2024,iPhone,en,4146,620,86,0.0584
a33d7316-0d22-4433-89fa-f5050c98d83b,9b296572-8b92-4907-aae9-545e51c1a5db,david10,Male,49,1694,4406,27-09-2018,FALSE,Istanbul,Education,Live officer available west series Mrs successful carry race art trial. Popular whole between opportunity everyone group thus before.,133,#edtech #learning #students,TRUE,13-11-2024,iPhone,fr,92,13,4,0.0643
dc405814-d488-4f69-a0ec-b405ded1a662,868dfc9e-c75f-4130-9d7e-82d85ed4743d,thompsondouglas,Female,29,57315,2139,04-08-2023,FALSE,Bursa,Food,Response can a mouth whole apply top state develop return push everything instead room. Six together lose.,106,#yum,FALSE,27-12-2024,Android,tr,2792,212,122,0.0545
ca2e4bd9-a99a-448d-8c7d-7f2a62d82298,46834fd9-f092-44a6-af84-d6ad6b649354,wmendoza,Male,33,88852,5701,08-03-2024,FALSE,Berlin,Pets,Look enter clearly customer by several suggest heart bring former product. Behavior home describe sport seven sound.,116,#adoptdontshop #petlover,FALSE,24-11-2024,iPhone,tr,4393,434,124,0.0557
f716e68a-2aa4-45fb-8815-13b4e1915ad6,ad7432e6-1609-408d-bffd-a0810b5291d7,parkerkatie,Other,58,50893,6534,07-02-2021,TRUE,Antalya,Music,Music care face forward herself draw true herself gas approach center reflect nice book section Congress one before six statement work. Scientist seem gas community down red.,174,#nowplaying #musiclover,TRUE,25-05-2024,Web,fr,2492,227,84,0.0551
7f8f8c3d-66ed-487e-ac3d-8abd34d3ba7a,786329d4-752b-4cf2-bdcd-2067d0487a52,aprilmclaughlin,Other,54,17675,7730,20-05-2016,FALSE,Berlin,Music,Student establish military mouth serious against lead later today window sing up purpose break the now rich mean sit attorney them light art lot stand. Pick since rise service it leave letter long.,197,#nowplaying #vibes,FALSE,14-07-2024,Android,en,903,110,18,0.0583
84740cc8-ef39-4442-b393-b612e21122bd,97f8dd0b-009d-439e-8c05-0392c6e37f49,longheather,Female,29,12811,3512,13-12-2022,FALSE,London,Pets,Particular cause avoid important list machine. Develop control part away.,73,#adoptdontshop,FALSE,11-03-2025,Web,tr,661,75,41,0.0607
6718cecd-a762-4cc6-8a67-72f76b335406,a7413784-1fe0-4327-97bb-a3f5a1bacc5c,sanchezjennifer,Other,16,8386,102,03-12-2015,FALSE,Bursa,Pets,Another across chair something foreign front like share road play sure run plant fact around. Wide four reason both miss paper.,127,#adoptdontshop,FALSE,08-01-2025,Tablet,en,466,36,10,0.0611
e1fd38e2-cffa-47d0-bec2-f8bb4d5915c5,8de288ab-4370-4665-8ba0-b635d72158d7,anthony76,Male,52,25833,6858,21-05-2024,FALSE,Ankara,Education,Character city could anything begin provide spring pretty boy. Could ok position check box heart main feeling.,110,#learning,FALSE,03-10-2024,Web,fr,1283,175,37,0.0579
c2c87824-4389-46c7-a43a-0ce81c9a1c6b,828eedc9-8338-46ba-8fe4-3f7bd4f79cae,htaylor,Female,59,65948,9844,20-09-2016,FALSE,Istanbul,Art,Before throw southern against past ability high can new movement region official almost. Very add stay investment prove important.,130,#artlife #digitalart,FALSE,10-08-2024,Tablet,fr,3324,495,137,0.06
d98fa32a-2df5-4fc3-94b9-ed4ae9ae6713,eb880592-8d5b-4c59-a846-4fb7b61ae707,erobertson,Female,52,62547,9885,22-03-2019,FALSE,Paris,Music,Fire American high performance establish air seek worry produce fact your become. Must small world yes green common.,116,#vibes #playlist,FALSE,19-02-2025,Web,es,3200,204,101,0.056
0e635383-9add-4178-b619-3484ad89d67d,adcdba22-9ee9-4ccb-851e-c3b599b3ef1e,reesesamantha,Other,55,31602,4044,21-07-2021,FALSE,Berlin,Health,Collection crime couple technology role cup hold know meet reduce success positive tend animal seek compare. Official popular apply exist both drug third.,154,#mentalhealth #wellness #fitlife,FALSE,09-10-2024,Web,fr,1547,96,148,0.0567
7ddd539b-647a-4ee2-9cb7-edfae31e288c,23b049f2-e459-4652-9c1d-9f342061f4b9,thomasroberts,Female,27,27119,1703,01-12-2016,TRUE,London,Photography,Wind onto entire program process story explain president back study western toward clear enter weight stop Democrat mother Mr fly must military here. Argue ask employee or land.,177,#photooftheday,FALSE,22-07-2024,iPhone,es,1380,160,102,0.0605
20c3f7a1-ee01-4cfd-837c-1147e9ceb977,bc815882-e937-4bf8-97d7-f06eedb5d9b3,dsharp,Male,60,79409,7724,04-01-2021,FALSE,Paris,Fitness,Support receive issue already happy will act read cup. Born various step case red cost rate.,92,#healthylifestyle #gymtime #fitlife,TRUE,21-08-2024,Web,es,3952,277,249,0.0564
5686b3af-58e5-44da-a2b4-8e778b6caf9d,35af5117-8b4f-4cc6-8a08-557a93501849,ygarcia,Female,21,14050,5723,04-08-2015,FALSE,Ankara,Art,Start look these between music easy accept for less important too true bar explain old better I next western. Another play station morning certainly include onto.,162,#artlife #artistsoninstagram #digitalart #creativity,FALSE,05-07-2024,Android,de,674,65,19,0.054
87d3b1f1-aade-426c-aa13-78b81ef23f73,b6aa3f2c-d588-4c3e-b988-db1c62bbdf84,cruzcarolyn,Other,36,78622,1641,09-03-2024,FALSE,Istanbul,Fitness,Three support family theory nearly way sister among allow beyond article sport coach economic place recently require against herself future safe police alone main rock. Since daughter pull think.,195,#healthylifestyle #workout #gymtime,TRUE,17-09-2024,Android,en,3908,505,238,0.0592
081d2b91-d76f-4190-a73d-353456cfa0ef,1271b2ed-6950-450d-a52d-516c7c444ef8,don79,Female,42,20314,2822,12-02-2024,FALSE,Berlin,Art,Safe price include air important large history choice tend where blood myself mother lose cell sport individual. Foot add Mrs left century.,139,#digitalart #artistsoninstagram,FALSE,19-05-2024,Web,tr,985,133,9,0.0555
4115cf0f-e4f8-4ce1-8d1c-57d42aa6b8d0,da1f179f-7769-4cd6-9999-9e2d0bc99163,browndana,Other,47,63871,7141,11-04-2016,FALSE,Izmir,Music,Mouth report choose church bill it collection various. Stop early car baby.,75,#nowplaying,FALSE,22-03-2024,Tablet,en,3163,272,293,0.0584
b478b643-e915-429f-835b-40181a103ec3,ad6b2949-b1e8-41bd-b343-f1037283b157,bmoyer,Male,24,24519,1435,08-08-2023,FALSE,Istanbul,Food,Space behavior individual require sport attorney develop itself pattern thus cost sea machine record you type give follow surface surface identify. Name center book fall foreign.,178,#yum #foodie #instafood #homecooking,TRUE,02-06-2024,Web,fr,1199,120,94,0.0576
e09416dd-b24f-480c-afc0-e5941fcbb2b5,aa940ab8-5dbc-4508-a67e-ef8a97918273,fjones,Other,21,10157,9783,11-09-2020,FALSE,Madrid,Fashion,Owner pattern product teacher college music site usually these public person adult yourself nothing civil however identify force gun. Stand measure people American threat.,171,#ootd #style #fashionista #lookbook,FALSE,10-11-2024,Android,es,505,38,20,0.0554
8665a933-0c8b-4819-b676-d8660f8e8c39,2702f8c8-8350-4d66-ab37-9aca68cfd74b,nicole66,Male,36,30254,3781,17-05-2020,FALSE,Paris,Politics,City view spend lot now difficult from second evidence try significant head here list wait question eye. Blood color entire.,124,#politics #worldnews,FALSE,05-11-2024,iPhone,de,1525,98,100,0.057
96c543ec-a126-4e84-90a3-d90e291557fa,7eba95ac-c5d5-4c10-a193-5c6ad35cbab8,collinsmark,Female,23,5716,663,22-08-2015,FALSE,New York,Pets,Safe so scene ball actually scene lead nation reach car among. Positive own ok risk notice have bring.,102,#petlover #adoptdontshop,TRUE,01-09-2024,iPhone,en,291,22,24,0.059
ce105c34-9067-4c65-a9ed-2ec566d39e6d,83f3082b-a454-4833-ba75-742cdf14aed6,barbaraolsen,Other,16,74731,364,01-02-2025,FALSE,Paris,Art,This suffer range born detail method. Movement ago various set end doctor us.,77,#artlife #digitalart,TRUE,03-03-2025,Tablet,tr,3775,432,225,0.0593
f711f898-40e7-43de-af51-afccfbeca3d9,ff878e90-8380-4e3a-81d0-1d8887b8ce7f,jacksonjillian,Male,60,51797,7314,03-06-2022,TRUE,Paris,Pets,Fact economy national try sign decision friend live hair opportunity sister big door. Action city bill hot purpose security whose.,130,#catlife,FALSE,11-04-2024,Web,fr,2578,358,102,0.0587
fe74c66f-3dc5-4d3a-9b75-ab818c1ff94a,1375d5c6-ab0f-4785-970e-ae96abbd446a,bergerdonna,Female,48,79219,6158,02-10-2015,FALSE,Berlin,Music,True partner design have least rate attack reach ago loss despite yard address down risk defense nice. Decade court challenge prepare next.,139,#musiclover,FALSE,26-02-2025,Android,tr,3977,415,272,0.0589
3a01cc25-1d2b-4951-9173-f359437d2a60,d7af47c6-535b-47ea-af3a-9bfa5da25f20,kvillarreal,Female,27,77962,7825,21-06-2021,FALSE,Berlin,Art,Experience yet this score but student fire practice blue fast buy deal computer but let region remember subject item help. Might probably wide beautiful wonder interview.,170,#creativity #digitalart #artistsoninstagram,TRUE,03-04-2024,Android,fr,4012,388,243,0.0596
d6a623cf-63c8-47a0-90af-f31bd51f1bae,95f65187-0648-4ca1-9779-d5508158c891,matthew08,Female,26,70074,5848,09-09-2018,FALSE,Ankara,Health,Reason not image be consumer box unit if place. Girl important effort lawyer clear prevent do.,94,#fitlife #wellness #healthtips #mentalhealth,TRUE,09-11-2024,Web,es,3439,373,330,0.0591
c0c58ae3-3f0c-4679-9cd5-90e5826495c2,f1515032-3292-421c-b0b9-d0dc195fc54e,andrearivera,Male,31,91442,1248,22-07-2024,FALSE,Antalya,Fitness,Majority arrive involve station training look difficult ok big. Hot movie establish far go heart pressure.,106,#workout #fitlife #healthylifestyle #gymtime,FALSE,17-10-2024,Android,en,4513,489,300,0.058
b2e22640-459e-4900-ad61-332e9a8f9488,1538f225-72fe-487e-b642-67f4cf05e25f,gonzalesmaria,Female,54,51319,3731,26-03-2016,FALSE,Izmir,Politics,Model physical dog treatment into agent she condition. Action stop physical piece fast create.,94,#politics,FALSE,22-08-2024,Web,fr,2575,314,25,0.0568
6dbd187f-cfb0-439e-89e8-9bca62a1216c,b7282a0f-0f85-4209-8277-7621df78ed3c,travis36,Female,21,42273,6058,12-03-2018,FALSE,Antalya,Education,Others town American vote everything girl large surface. Audience first base present alone state throughout.,108,#knowledge #learning #students,TRUE,23-07-2024,iPhone,fr,2123,248,36,0.0569
99986c96-5f18-446b-bf94-07cb9fa0aaf1,50853e9c-a243-4ccc-a7ae-4ef038149408,ywolf,Male,26,71728,8598,02-06-2023,FALSE,Ankara,Politics,Poor relationship consider court debate after less gas community chair state fine. Leader down that decide wide movie.,118,#worldnews,TRUE,16-11-2024,Android,fr,3503,432,328,0.0594
9322d8f1-53da-4aef-a97f-742cecf3cf05,3a25bd2c-697a-4a11-9481-ca22f94abe3d,kelleycarlos,Other,48,79552,3488,23-12-2015,FALSE,Istanbul,Pets,Easy interesting receive range chair crime market store single nor with the sort on receive compare watch help bag price. Help affect somebody upon door.,153,#petlover #adoptdontshop #dogsoftwitter #catlife,TRUE,01-12-2024,iPhone,es,3951,380,104,0.0557
38a46729-1a30-4127-8c1b-656e01ab8ac7,5f0c1582-39b8-4490-b2fb-60d7f0515b82,williamsjason,Other,38,9140,4216,31-01-2021,FALSE,London,Photography,Indeed wonder avoid religious the Democrat single name. Possible former guy friend whose describe.,98,#snapshot #photooftheday #dslr,TRUE,12-05-2024,Tablet,en,408,35,38,0.0526
a60917d5-5267-4d72-90ce-2858d744a0bf,c5e28686-3aa1-4cf0-8a02-936feb30b338,julie62,Other,27,51360,6850,22-07-2022,FALSE,London,Finance,Try tax like run kid discuss religious raise hot affect health. Wear hotel well back.,85,#crypto #investing,FALSE,22-01-2025,iPhone,de,2622,137,69,0.0551
b5ed04a5-be2d-4912-9df4-d8c382c8dd4f,6f0e0faa-53f4-406a-aab6-77d80b6e27c8,mike03,Female,16,17805,4970,11-01-2024,FALSE,Bursa,Books,Action loss next great too number win authority practice garden thank your thousand left star director again. With red popular.,127,#literature #readmore #bookworm #reading,TRUE,23-12-2024,Web,fr,895,93,20,0.0566
75c322bb-731f-41a7-b7a1-84f061a2fcee,aa7cb334-876a-414d-94ec-37cbc17a06dd,mjohnson,Other,20,51299,2908,05-06-2019,FALSE,Berlin,Gaming,Discuss moment against now both with attorney find each experience social commercial add serious. Determine pay military one else all.,134,#gaming #gamerlife #esports,TRUE,08-07-2024,Web,tr,2614,150,67,0.0552
26d57455-0374-49d2-b77b-b1400235b8f1,a6df9e9b-9be5-4992-be27-30dab6e39ef6,yburton,Male,31,17596,8011,31-08-2019,FALSE,New York,Art,Recognize news open yes continue someone I material particular book treatment everybody now. Always idea realize difference key both ball ask.,142,#artlife,TRUE,30-12-2024,Android,en,851,72,79,0.0569
82613821-5154-46a8-b3ce-70462b1edf32,3d9a7035-f0aa-4325-b89a-3f511d7b2525,ramirezderrick,Female,42,26533,4889,11-08-2018,FALSE,New York,Photography,Run activity green such seat will head last young ahead war should if usually. Sell year live.,94,#snapshot #travelphotography #photooftheday,FALSE,23-05-2024,iPhone,fr,1285,131,46,0.0551
6fd95dfc-10a5-4921-89eb-0d668a90cccd,3dff2480-b67d-47e2-b981-c1230d937a55,lwalker,Other,41,4361,5376,21-05-2016,FALSE,Izmir,Technology,Factor so generation particular heart skill network news become ability Democrat include arrive. Subject PM huge benefit goal window.,133,#tech,TRUE,20-12-2024,Tablet,en,233,12,14,0.0594
869fbbf2-0352-4eb8-8312-b433d57897c6,e60940cf-8cdf-4c4e-8916-763032053bbd,mikewaller,Female,59,11396,6047,16-04-2016,TRUE,Berlin,Health,Field recent sport success look enter management now last recent job yeah watch city present few. Shoulder dark teacher fight skin really.,138,#mentalhealth #wellness #healthtips,TRUE,25-10-2024,iPhone,en,566,55,5,0.0549
4f010254-fe4a-4db8-a5a4-7812962accec,38531179-793d-4020-ba8e-b9979a8baff1,madeline02,Other,50,15865,2994,12-01-2024,FALSE,Antalya,Pets,Party sense minute huge apply international these keep discussion such. Subject through hour first miss those.,110,#petlover #catlife,FALSE,27-08-2024,Android,fr,758,67,63,0.056
26c5eda2-c9aa-4c00-a457-43c1d67890b7,960f1e1d-6b35-4326-8970-0d44a6015a98,morrisonaaron,Male,60,57899,2062,17-02-2017,FALSE,Paris,Fashion,Hit so state fact TV mind remain too free deal. Happen wind carry firm.,71,#fashionista #lookbook,TRUE,06-07-2024,Tablet,de,2893,391,168,0.0596
1edcdac6-f609-4846-ab92-643ea876f376,b79272a6-2277-4f6d-ae04-ea9c53910dfe,james60,Male,35,42294,55,08-04-2019,FALSE,New York,Health,Cause guess health on responsibility choice car perform oil picture plan different explain admit ground PM brother actually cold mother property own. Citizen serve growth third later trip learn office.,201,#mentalhealth #healthtips,FALSE,04-04-2024,Web,de,2043,160,109,0.0547
20a829cd-2ca6-41ef-b5b4-c11c0d98f058,983f233d-598d-466f-9af4-268b55bdb31b,russell33,Male,19,70760,470,03-12-2024,FALSE,Istanbul,Music,Goal officer east wait style. Call let whose ahead painting some traditional because.,85,#musiclover #vibes #playlist #nowplaying,TRUE,10-11-2024,Android,de,3532,220,60,0.0539
07b373ae-67d8-4ad8-8f52-2704ee7cd53e,6ff8843c-9c25-46da-8a0a-d8762f077450,smithmaria,Other,24,56941,5665,31-12-2018,FALSE,Madrid,Education,Partner company read few opportunity create type last spend quality consumer series economic though democratic early line actually. Enjoy rich with letter suffer.,162,#learning #students #edtech,TRUE,25-11-2024,iPhone,en,2791,247,63,0.0545
ee267140-d5fa-4f42-9a77-26fd455981d2,5644de2a-b7c2-4fe3-aeab-392ce50799e7,xmoore,Other,40,96446,5536,28-10-2019,FALSE,Izmir,Memes,Even which turn spring win seven important spring second coach course mention street cup. Sport Congress community continue economy.,132,#memeoftheday #lol #funny #relatable,FALSE,22-05-2024,iPhone,en,4759,364,106,0.0542
1b12a603-0954-420c-9476-58f9c4094b0d,1cfa77e9-1e72-4e84-af23-38b4ecaa6a27,pbaker,Male,26,35000,2358,16-11-2015,FALSE,Madrid,Travel,Left ball character benefit commercial option score. Home past adult.,69,#travelgram #vacationvibes #wanderlust,TRUE,28-07-2024,iPhone,en,1771,122,69,0.0561
33ed5d62-74a7-4024-b103-94bd8130b764,3cfceb5c-712c-41a9-a9d0-fb16080c5271,washingtonmelanie,Female,28,43198,555,09-06-2022,FALSE,London,Books,Choice better look according direction majority main listen each believe shoulder purpose material common majority general professional shoulder. The since vote fish growth finally.,181,#reading #readmore #literature,TRUE,17-04-2024,Tablet,es,2131,217,37,0.0552
a4a2cb75-24b0-40d1-9211-876449203ccb,523e0d0f-f0a8-49fd-ba40-c582215b9782,mitchell06,Other,34,47642,5074,28-05-2022,FALSE,Izmir,Art,Method allow baby skill forward effort power wonder third source resource control PM push adult. What they issue hold eye.,122,#artistsoninstagram #digitalart #artlife,FALSE,17-02-2025,iPhone,fr,2424,281,130,0.0595
4fbbeff6-a580-4bc3-a56e-abf52e1397a2,828eedc9-8338-46ba-8fe4-3f7bd4f79cae,htaylor,Female,59,65948,9844,20-09-2016,FALSE,Istanbul,Memes,Step fear understand common heart TV bar try catch increase because Congress article week. Everyone we series summer book country floor.,136,#lol #memeoftheday,FALSE,11-12-2024,Web,fr,3208,280,311,0.0576
4574389a-969d-43f2-8404-a7ab6bd4491b,f3832a22-f437-4a9e-b711-513e2f906a85,joshua60,Female,31,67003,278,08-04-2023,FALSE,Ankara,Pets,Their discuss certain than region role town. Deep recently white surface.,73,#catlife #adoptdontshop #petlover,TRUE,08-04-2024,iPhone,en,3379,202,102,0.055
03cc1e4c-5b29-4572-b4ef-aac48415d9ba,8edbc5a5-d996-428b-bd70-097a51fb49c9,jacquelinenunez,Male,26,74846,5930,10-06-2015,FALSE,New York,Technology,Along how couple early yet cover use. Number dream including.,61,#gadgets #future #innovation,FALSE,12-07-2024,Tablet,tr,3762,262,336,0.0583
bd23db4e-ea7a-482d-90dc-0b4621ed0a1a,624f6c13-764a-42cc-a96b-a04473df1db0,jenniferlawrence,Female,45,80472,9028,19-11-2023,FALSE,Madrid,Memes,Population summer reflect truth common conference town top lose behavior meet music over throw manage answer front. Eat social return claim discussion ever between technology.,175,#funny #memeoftheday #relatable,TRUE,27-05-2024,iPhone,de,4048,225,163,0.0551
093768f8-a42f-481e-b397-35655de154e2,0ebaf3ab-a19a-4ff9-a86a-890de4414435,kirkkimberly,Other,59,97376,8765,13-05-2021,FALSE,London,Photography,Quite station attorney happen budget. Summer office let indicate else many.,75,#travelphotography #photooftheday #snapshot #dslr,TRUE,13-01-2025,Web,es,4866,661,378,0.0606
667ac0ba-f8f6-47e7-8be4-8326b964ad79,e693d971-6f40-4ffc-925a-a080f5388caa,michellejenkins,Female,45,9465,366,15-06-2017,FALSE,Ankara,Fitness,Sort his adult lose difficult themselves someone student. Truth him beautiful too.,82,#gymtime,FALSE,15-06-2024,iPhone,tr,480,56,33,0.0601
39a92913-59aa-47d0-a1fe-573f80861505,5fb56613-f5dc-48ac-aa7d-dcf308514d43,parkeryvonne,Female,26,14864,7568,12-05-2023,FALSE,Izmir,Food,Style chance production through behavior theory mean sit century follow trouble area need line future beautiful step happy exist energy service just. Less time service year.,173,#yum #homecooking,FALSE,08-04-2024,iPhone,fr,690,102,63,0.0575
340ef809-7bb1-4e6d-80de-a684c2f4b3b4,40b5bccf-55b7-41dd-8107-18ea4b17cba8,jamiejennings,Other,18,80676,8756,17-05-2015,FALSE,Ankara,Fitness,Writer building paper professor to so project plan government stay key very woman. Subject sure establish and attention important.,130,#gymtime #healthylifestyle #fitlife,FALSE,04-10-2024,Tablet,en,4021,454,159,0.0574
eb922d26-6736-4e85-ad27-b9e3537fb471,624f6c13-764a-42cc-a96b-a04473df1db0,jenniferlawrence,Female,45,80472,9028,19-11-2023,FALSE,Madrid,Pets,Or action interest scientist win church growth mean many range food where structure growth heavy TV chance. Have early key class child blue unit.,145,#catlife,FALSE,11-09-2024,iPhone,en,4051,434,196,0.0582
21ddcc91-1652-495e-9110-10d8d2cf622d,8bf5485e-dfc6-408f-b73d-a2f5f4992963,linomar,Female,45,21405,3953,24-02-2024,FALSE,Istanbul,Gaming,Note view market option happy assume range federal eight less parent play include impact day really. Everything garden check happy sea other party.,147,#twitch,TRUE,01-02-2025,iPhone,tr,1090,148,88,0.0619
a4a9734c-96b6-4e01-b405-20a2a13c8088,9221f770-e1c6-4da4-9b60-b95741502d7f,staceylam,Female,53,75977,3535,25-09-2016,FALSE,New York,Music,Believe ok really window news evidence view ready agency thank community shake including. Push order authority add interesting.,127,#playlist #musiclover #nowplaying #vibes,TRUE,28-07-2024,iPhone,de,3717,255,181,0.0547
ab8dbd76-a16a-4996-aa30-8a33fc0eaad2,523e0d0f-f0a8-49fd-ba40-c582215b9782,mitchell06,Other,34,47642,5074,28-05-2022,FALSE,Izmir,Books,Claim early meet blue speak head line fine drug article management. Increase beat mean central trial.,101,#bookworm,TRUE,19-11-2024,Android,tr,2512,157,96,0.058
b6e3100f-201b-4e22-bb07-6bdbe4a73811,ba50d987-70b7-46b1-9c06-69559f4229c7,javier42,Other,58,16376,4763,15-02-2017,FALSE,Madrid,Finance,Her election require play view. Eye eight set test.,51,#stockmarket #money #crypto #investing,TRUE,28-06-2024,iPhone,es,865,56,42,0.0588
73f57727-2474-4d17-ad96-372a2082dd46,f2d207cf-f32b-48a8-8a1d-885bea8a3847,robinsonglenn,Male,16,24813,5321,12-11-2018,FALSE,Berlin,Finance,Rather story fire produce institution support next bill poor. Him attorney eat positive.,88,#investing #money #stockmarket,FALSE,06-11-2024,Android,es,1250,162,110,0.0613
2d7f866d-8abf-45a3-b363-9616fe2d618a,b3cd1874-e80d-4eb1-9772-7efddf57c9e2,james54,Female,37,61728,7324,14-05-2020,FALSE,Istanbul,Travel,Ok edge room mention perhaps guess special radio wrong item level sign environment. Sign thing write many bag prepare.,118,#travelgram,TRUE,10-08-2024,iPhone,tr,3128,305,255,0.0597
e2c133a6-932c-4642-9a4c-0766b0a5edf7,028f89f4-c020-445a-962f-99b5e0adb1ca,scottcain,Female,25,14572,4693,09-09-2017,FALSE,Paris,Fashion,Member structure word perhaps we true short white language arrive type newspaper southern impact movement. Care country into eight leader force.,144,#style #fashionista #lookbook #ootd,TRUE,01-05-2024,iPhone,de,746,93,70,0.0624
a9187803-40a0-465f-82d9-143f17b68338,3a4aa266-7312-43d8-8fcc-72f1a12ecbee,ramireztracey,Other,56,10111,1918,05-06-2017,FALSE,Bursa,Books,Protect work other treatment wonder picture gun argue surface star. State bill tonight professional.,100,#literature #readmore #reading #bookworm,FALSE,14-09-2024,Tablet,es,507,64,31,0.0595
5491736c-2361-4bfd-b769-74ca38806136,1077b2a5-d2bd-4ec0-bb12-3220ad4aa33e,sheila14,Female,42,9645,9481,03-04-2018,FALSE,Paris,Fitness,Prove true claim top go rich term old us draw pretty husband never would something bit thousand want than not help effort four. Occur newspaper commercial poor option.,167,#gymtime #fitlife,TRUE,16-12-2024,iPhone,en,455,50,30,0.0555
c50647fe-00df-4c58-95eb-3c27698b8185,73e0d6e5-d55d-49ca-8f1e-2df031271806,nicoleanderson,Other,37,56281,9874,11-06-2018,FALSE,Paris,Photography,Area nature beat body social investment political beautiful in next. Husband voice history reach media sense total.,115,#travelphotography #photooftheday #dslr,FALSE,19-01-2025,Android,es,2882,280,211,0.0599
bf189219-f016-477e-b285-c7eb84ba3e46,01f45e95-bd6b-424e-8bd4-50a6465b342b,jonathan62,Male,49,36136,5514,30-01-2020,FALSE,Berlin,Health,Thank face material low truth culture my movie space yes line boy must indicate bill. Particular little though sometimes idea role.,131,#fitlife #mentalhealth #wellness #healthtips,FALSE,13-02-2025,Android,de,1793,202,28,0.056
41e5d468-5c87-4560-9368-3dad1f4f31a8,42b34359-cfb2-4fbe-b5a8-94e3af5ebf8c,bcarroll,Male,20,12468,6146,04-05-2017,FALSE,New York,Technology,Style food war put court produce. Most final act full.,54,#gadgets,TRUE,07-12-2024,Tablet,fr,655,69,21,0.0598
0dc6584f-f8a9-48b4-927d-4fe86258e16b,c6292e7b-3b38-4b16-9eed-a7490db92e58,pbautista,Male,55,37647,2751,01-05-2020,FALSE,London,Food,Dream budget leave hand go hard kitchen early house front later possible not imagine idea. Everybody community garden human today control.,138,#homecooking,TRUE,26-01-2025,Web,es,1934,125,103,0.0574
538329cd-a7cb-46f8-9bd3-24bd2f125e48,30f7b1c4-c111-44cb-ae9f-da9f27c16b74,flemingwhitney,Male,38,70538,9295,15-08-2016,FALSE,New York,Fitness,Event probably interview me call within add talk wall executive owner. Economy alone left Mr.,93,#gymtime #fitlife #workout,TRUE,11-11-2024,iPhone,de,3482,236,186,0.0553
e5e054c6-2983-4906-8ae1-9555079c97ab,2c2879b4-1c3d-426d-923c-1c048296089e,russocasey,Male,21,63070,5162,21-08-2018,FALSE,Ankara,Technology,Significant student so young gun painting matter edge organization open hit number girl. Security attorney campaign some board manage front.,140,#future #tech #innovation #gadgets,TRUE,15-12-2024,Web,es,3148,432,148,0.0591
06d55092-5fa3-460d-8427-73e5e2797c75,21ef6321-4cf1-4538-9feb-190dc01d3c2e,alicia77,Other,37,78971,2314,11-04-2023,FALSE,Bursa,Technology,Thought size skill without daughter know individual response act economy suggest through travel board use collection bag treat score notice. Certainly society office country.,174,#innovation #gadgets,FALSE,07-10-2024,Tablet,en,3880,572,253,0.0596
3fe33005-92ec-45fc-ade8-6d88f24a7b51,d4667841-ce06-4426-8523-0b140b26e875,megan85,Female,39,34148,9230,19-08-2024,FALSE,Antalya,Finance,And a project order eight charge spring any section training kind treat special heart sure region girl environment window few. If old protect he.,145,#stockmarket,FALSE,03-11-2024,Web,de,1721,190,35,0.057
a2f3bf21-93a6-420e-8b97-a1438e9063cd,474b9ad3-a600-4de2-8e86-e04a47f2ffd3,rhernandez,Male,59,29722,346,03-12-2023,TRUE,Ankara,Art,Pay difficult culture cell bag where concern the official allow whom however poor expect seek reason. Though quality action hour describe probably far.,151,#artistsoninstagram #creativity #digitalart #artlife,TRUE,21-04-2024,Android,de,1484,140,136,0.0592
86cc7d39-4ea8-4699-8adc-5b28ece6a282,4d4f4b74-bf1e-41b2-83bf-19d9d986d345,johnsondonna,Other,51,97991,9561,26-06-2015,FALSE,Bursa,Health,Success natural commercial during model might. Matter result lawyer story account.,82,#healthtips #mentalhealth,FALSE,17-01-2025,Tablet,tr,4937,463,400,0.0592
a749170a-1c4f-466d-a511-9512e1eae317,590a5a44-9ce4-46cc-9db0-d59e274f387e,wdavis,Male,56,75232,8387,18-04-2021,FALSE,Paris,Food,Capital consider week group smile society pass fill might language hard care past and. Ever game from say single organization.,126,#yum #homecooking #instafood,TRUE,23-06-2024,Android,tr,3788,303,115,0.0559
898ce931-834a-43b0-ad68-488177ea61a4,37a4b54a-d477-48fa-a478-66ca04fef327,ramosmichael,Male,26,35837,4533,21-08-2019,FALSE,London,Finance,Food third American season company school receive road plan rest student office six develop right issue magazine open a unit road be set. Tonight name party.,157,#investing #stockmarket #money,TRUE,13-10-2024,Android,en,1764,148,64,0.0551
d0004f00-901d-4b59-a926-cfe736ab47dc,2def2dfe-6bcf-4af8-922c-9cb38b715152,yarroyo,Male,24,43654,152,14-10-2020,FALSE,Istanbul,Pets,Truth itself travel everything treatment list. Fine hard energy world far base old eat.,87,#adoptdontshop #dogsoftwitter #catlife,TRUE,23-02-2025,Android,es,2213,171,218,0.0596
ec3fb05a-3514-42ed-8186-326506c61506,44ce5aa7-6e32-47d7-8322-6776b4adc9a2,ellen86,Male,41,6052,9869,05-11-2017,FALSE,Bursa,Photography,Western particularly wish brother stage size claim process follow three green onto. Interview feel half less.,109,#photooftheday #snapshot #dslr,TRUE,15-03-2025,Web,fr,309,25,24,0.0592
4bc20b6d-b249-4fd0-8823-55233c809a4f,1279e686-bdf3-457d-9e0a-8a2f72284bd2,benjamin96,Female,31,64899,2467,05-02-2021,FALSE,Istanbul,Finance,I reflect three type five laugh south foreign idea goal street customer guess near. Game return week.,101,#money #crypto,FALSE,02-11-2024,Web,de,3314,195,251,0.0579
ae07c386-31c8-4817-8d1a-b6df2f096560,ba686137-377e-42f7-bd89-2c272abe8080,steven73,Male,20,92691,6847,30-11-2023,FALSE,New York,Finance,Beyond brother last media chance administration live for after system long pretty cause sound point while adult rather citizen environment training if. Whole foot off small through.,181,#crypto #stockmarket #investing #money,FALSE,12-02-2025,Android,fr,4652,625,440,0.0617
d287a146-daf5-4479-b081-03330df55c5b,5680a906-5596-47af-9e05-5c98ef3bd6cf,greenjorge,Other,30,29679,910,23-10-2022,FALSE,Berlin,Memes,Suffer collection these notice movie arm law rich expect leg agree couple so. Million discover item point natural term together.,128,#funny #lol #memeoftheday,FALSE,25-03-2024,iPhone,en,1442,164,121,0.0582
9af575a5-b72c-44c3-bc09-d758c5966409,daf85e02-c3de-4d8b-b58a-cf9c165f9a55,snyderfrank,Female,31,59314,8533,24-10-2015,FALSE,Paris,Books,Receive maybe sister section visit bag onto along travel state day. Make around necessary reason.,97,#reading #readmore #bookworm,FALSE,03-09-2024,Android,es,3115,373,311,0.064
fab0a7e6-86e3-429f-a6ca-42f246b154d8,46baaf02-4a5b-4feb-b825-fdbcd6299e2b,shelbybonilla,Other,50,33490,3369,10-07-2023,FALSE,Izmir,Fitness,Production room free mouth experience rise participant senior high news. Add send media grow again sign respond.,112,#healthylifestyle #gymtime #workout #fitlife,TRUE,12-09-2024,iPhone,de,1588,208,74,0.0558
ce7bcda5-1ee8-426e-83cb-aa84022b19a9,a5b75222-5f54-4c91-9808-c4f2e228aec8,heather62,Other,58,24530,7130,26-04-2020,FALSE,London,Education,Wife third plan live modern describe trip military weight single wide operation. Nothing box power this.,104,#learning #edtech #knowledge,TRUE,22-02-2025,iPhone,tr,1214,143,99,0.0594
e843c467-1a3d-4434-a990-888e19214abb,3993d850-b257-431b-8e2c-c357f6b85b9d,christopher24,Male,21,5499,794,10-11-2022,FALSE,London,Politics,Better under chance our point value truth four other wonder act process. Skin police southern onto next act participant.,120,#worldnews,TRUE,02-12-2024,Android,de,300,26,19,0.0627
e34c078c-0543-4901-87d8-b1a7a16b337b,365f500b-1585-407f-966b-0451598e2abe,cwilliams,Other,35,43111,8223,03-01-2022,FALSE,Paris,Fashion,Gun teach require wide huge among these trip morning left know debate news. Brother although stop production performance those hot.,131,#lookbook #fashionista #ootd #style,TRUE,07-05-2024,iPhone,fr,2134,209,208,0.0592
5a0f3785-c047-457b-ad33-0e7bce41f41a,438b15e2-b3de-4371-a161-e5aa9a39c0cf,jwilliams,Male,28,4069,2094,19-10-2017,FALSE,Paris,Technology,Probably month me either scientist rather sit bar place main. Author throughout herself certainly.,98,#future #innovation #gadgets #tech,FALSE,25-04-2024,Web,tr,214,25,14,0.0622
27c06b0e-e01c-4ae1-970b-2c9d893ebcb6,92ca0870-d81f-452e-b6fa-e43afd4051ac,kaylawilliams,Female,47,45349,8265,16-06-2020,FALSE,Ankara,Health,Week during sit section as play enjoy idea place discover affect around country institution approach water great paper common fly impact occur accept. Again who age month happy reality friend.,192,#mentalhealth #fitlife #healthtips,TRUE,15-11-2024,Tablet,fr,2298,250,203,0.0607
ae62fd03-2481-4d1b-b522-19248e1cae96,dc4ab70a-b5c9-4e3c-bffe-bb84cd9241be,jmedina,Female,16,80125,1147,20-07-2019,FALSE,Antalya,Food,Source look morning make miss method sort require until property interesting rather style interest machine will major yet. System wind game figure then.,152,#instafood #homecooking #foodie,TRUE,28-07-2024,iPhone,en,3953,295,234,0.0559
2e98c486-82da-4da2-9e0e-b51b688bc09e,0ea98312-fddf-48a5-b768-867a1d490cd7,josephdavila,Female,42,64773,5152,28-10-2024,FALSE,Izmir,Food,Attention begin capital card authority class number energy style indeed college like. Bill know pass party address remember same.,129,#homecooking #yum #instafood,TRUE,17-12-2024,Tablet,en,3282,236,194,0.0573
9a8dc96a-b688-41f2-99d2-3e7801b6d723,0b8c38c9-7ab5-476f-a9d9-4c2e980500e4,howardmark,Female,30,68960,805,04-10-2018,FALSE,Izmir,Books,Force effect building prevent save act bar free result. Financial citizen song factor executive wait.,101,#literature #bookworm #reading,FALSE,20-06-2024,iPhone,fr,3450,254,322,0.0584
09b6d165-f802-4b8f-ab8c-22315cdb5a81,ecf81f86-047e-4055-bde8-4bbc06c74ba3,jacqueline02,Other,18,62794,8282,05-08-2023,FALSE,Izmir,Health,Five little simply task agreement behind. Shake among far great school stand.,77,#mentalhealth,FALSE,11-01-2025,Web,es,3200,295,245,0.0596
93b9b6cb-4a42-4672-816d-d7fff5b2f7b6,d316f37f-ce9e-4fcb-928b-74fe8d372ff9,aaronmahoney,Other,52,96834,6499,03-06-2023,FALSE,Antalya,Technology,Exactly address could performance together drop majority run lot happen order involve attorney do place hand campaign. Medical get than single.,143,#tech #gadgets #innovation,FALSE,30-01-2025,Tablet,es,4926,259,235,0.056
eaae976d-89e8-45ec-8ca0-0c15ba7579c4,56f5b5dc-4fad-4317-b137-9e2707bd5193,adamwall,Male,38,50549,8860,28-08-2015,FALSE,Paris,Books,Evidence general before control home them central real miss professor. From plant subject usually.,98,#bookworm,TRUE,02-03-2025,Android,en,2545,188,43,0.0549
0b975f3f-898d-4742-84e5-c570b8abf528,64d3e998-15fd-497f-96a9-afb01b66c39b,avilatiffany,Other,38,86293,2775,04-02-2023,FALSE,Istanbul,Art,Clear experience seem exist responsibility affect standard care thing left wish lawyer quite it. Cup south class system white picture.,134,#creativity #artlife #digitalart,FALSE,08-06-2024,Tablet,fr,4260,279,251,0.0555
6983cf2b-1720-4165-9e19-9f93714a7f73,e0ce8a5f-7293-4b12-93c9-e7f507f66f78,katiebaird,Male,22,96911,9037,25-07-2020,FALSE,Izmir,Books,May environmental ground you agency until cell scientist. Around financial quite foot guy employee meet.,104,#reading #readmore #bookworm,FALSE,14-01-2025,Web,tr,4870,697,153,0.059
5d2faf00-2859-4c37-af48-f0fce5478d99,d50b9539-0362-42b8-99d8-66e3fe5b3a00,zacharymarsh,Male,21,74521,7722,04-11-2019,FALSE,Antalya,Books,Safe often camera trip institution politics perhaps quickly option live central different near whom beautiful campaign manage adult resource quite full movement. Beautiful individual sit majority think animal environmental claim.,229,#readmore #reading #bookworm #literature,FALSE,31-05-2024,Android,en,3676,241,216,0.0555
ff0a028b-9085-40fe-ba05-508e8cc7cd04,3a25bd2c-697a-4a11-9481-ca22f94abe3d,kelleycarlos,Other,48,79552,3488,23-12-2015,FALSE,Istanbul,Health,Few moment wide do couple while mention over course suffer. Decade deal simply available because tonight.,105,#fitlife #healthtips,FALSE,02-09-2024,Android,tr,3936,506,73,0.0568
6298904b-12a3-4ed7-a8ef-d31ae42b8bfb,82e0d662-959c-413d-b93b-0a2316741106,karenhudson,Female,34,30440,7488,30-08-2021,FALSE,Bursa,Food,Best usually miss share matter bar road everybody speak. He wife chair firm while.,82,#yum #instafood #homecooking #foodie,TRUE,15-06-2024,iPhone,de,1577,212,143,0.0635
128a505b-58d0-47d5-9111-b5435ddd37e8,40f3c240-646d-424b-a59e-e03c0a613000,gonzalezdarren,Male,30,21811,4628,20-08-2016,FALSE,Bursa,Photography,Less name responsibility worry hour sit mention shoulder let once. Meet show lead call open.,92,#photooftheday,FALSE,12-11-2024,Tablet,en,1064,128,60,0.0574
5d1ac7e8-ffca-45c7-9312-f05317fccd52,4a5afb74-9221-448e-897e-9e969ad2a7dd,brandonhull,Male,43,79598,3078,10-04-2024,FALSE,Madrid,Fashion,Professional beat growth yard say unit speak many region baby without both it note body. Through office point board.,116,#fashionista #style,FALSE,10-03-2025,iPhone,en,4004,459,331,0.0602
261cdec8-b0bf-4f03-9128-a5f37c8674ee,f51bd3d6-814d-419e-99ca-66d0966bfa24,eddie13,Other,55,63297,5223,09-10-2021,FALSE,Ankara,Gaming,Center summer site test position white stop kid sport job drop such enjoy growth us under policy identify statement these. Sort guess federal indeed less.,154,#gamerlife,FALSE,01-01-2025,Tablet,de,3142,171,139,0.0545
30decce6-df09-41e8-a442-402b846d1c94,c7d0438e-aa39-44cf-88fd-dae7d791b699,williamsmegan,Male,35,1096,2015,20-01-2019,FALSE,New York,Books,Director enter beat into instead know organization follow case write single down join reveal. Movement across better.,117,#bookworm #reading #readmore #literature,TRUE,31-05-2024,iPhone,fr,60,6,1,0.0611
3850ead4-da7e-4653-a612-87b99d13d06e,b1673fe5-5407-4e0e-b43e-228686f056f7,michaelgreen,Other,25,29566,4402,22-12-2019,FALSE,Ankara,Art,Sport sometimes magazine need admit majority raise financial bit message she cut camera point TV put small huge detail. Conference happen bring him.,148,#digitalart #artistsoninstagram #artlife #creativity,TRUE,30-09-2024,Web,tr,1432,152,31,0.0546
98c349df-40b7-4a3f-b5a2-0e007eb49d1e,2bcd2bf8-9341-42e2-8bd5-e10cc5da20fc,ashleyjackson,Female,60,54551,6640,10-09-2021,FALSE,New York,Pets,Often line room keep impact consumer partner. Citizen suddenly wish building.,77,#catlife #adoptdontshop #dogsoftwitter,TRUE,09-08-2024,Tablet,en,2698,229,124,0.0559
fc54e4f1-23ae-4e81-8a6c-5c6441aa4fdb,1a2ac905-0aff-4224-b9ce-3d4f9728de42,danielnavarro,Male,34,98616,7332,08-04-2017,FALSE,Bursa,Pets,Explain financial over space very mind room probably order kitchen. Return condition day provide.,97,#dogsoftwitter,TRUE,25-06-2024,Web,es,4961,733,113,0.0589
4b764e35-2b28-403d-86e7-25e68513f4fe,2cc88759-58fc-4532-8cdb-f43618588233,jacobjames,Female,24,93311,8458,21-08-2024,FALSE,Ankara,Fitness,Question discover break director certainly discover sister strong together threat fall four charge newspaper theory sea. Heart treatment Congress debate moment ever so talk.,173,#healthylifestyle,FALSE,13-02-2025,Android,fr,4604,324,169,0.0546
55309d23-33b3-4bf0-9c47-04161113cbf6,1aa659bd-1585-4364-9403-6c3b358ef489,olewis,Male,22,13105,1518,04-05-2016,FALSE,London,Art,Seek sense vote start specific production behind find trip ago cause charge rather wonder area something movie improve crime sport pay every drive. Surface main television.,172,#creativity #artlife,FALSE,14-10-2024,Android,fr,635,91,37,0.0582
43b15ff7-42c5-4daa-a524-44ceea27ca9d,4f28f2e4-ff00-4cef-8a83-ff1164c59911,galexander,Male,21,5833,2687,03-02-2020,FALSE,Berlin,Pets,Up if model bring with push. Road raise movie field woman none strong all.,74,#petlover #adoptdontshop,TRUE,12-04-2024,Web,fr,297,34,28,0.0615
6e9a3d54-6ab1-46a3-b0bf-a647f8e2fc91,eb63ef0a-474d-4fec-a7df-5153644876f2,christinapeters,Male,47,83902,7237,06-09-2020,FALSE,Antalya,Books,Wind hundred effort international character how drop stuff. Near loss ready structure protect nor.,98,#bookworm,FALSE,15-09-2024,Web,de,4211,630,351,0.0619
596790da-cb4e-4f94-82f0-0cdd67745d7b,7f879a77-60f5-4ca0-a2e5-25bb6a1ad19c,maldonadoderrick,Other,32,81335,5857,30-07-2024,FALSE,Paris,Art,Develop film green human group wait outside agency. More move TV forget child.,78,#digitalart #artlife #creativity #artistsoninstagram,FALSE,25-02-2025,Android,en,4131,491,400,0.0617
a23183dc-3403-46a7-89d9-a5f4a09acd6c,2dcb8342-4bb0-44f2-a00e-ab73d05dd74e,bakereric,Male,44,26589,8340,06-11-2021,TRUE,Madrid,Technology,White perhaps billion next strong remember interview play machine marriage form range voice how everyone. Guy report apply wife.,128,#future #tech #innovation #gadgets,FALSE,07-06-2024,Android,tr,1299,70,115,0.0558
796091fd-fd91-427f-a7a0-e31a439f427d,8bb88717-86ac-4ea7-8620-20b72ac3214d,michael22,Female,28,40662,6076,06-11-2024,FALSE,London,Music,Watch me that fact full which form institution science to. Participant ball door.,81,#musiclover #nowplaying #playlist #vibes,TRUE,27-05-2024,Tablet,fr,1954,141,72,0.0533
cde5ab45-bad7-4bc6-9630-c969d9b5f458,179d99d1-ad1b-40d1-ab1d-a189d946de2e,patrickhoward,Female,41,44524,6865,01-04-2020,FALSE,Berlin,Health,Beyond likely wrong half put see ready western word cause view home trade describe maybe. Difference describe base product bad remain next realize.,147,#mentalhealth #healthtips #wellness #fitlife,FALSE,30-03-2024,Android,es,2247,318,168,0.0614
8a622547-15fa-475b-b3e2-7655a0a25f8b,12af530b-3ea7-4277-b106-df9a02d995ed,monicaoliver,Male,50,82739,8914,16-12-2024,FALSE,Istanbul,Pets,Film meeting article parent positive image program rule plan month down piece. War experience attorney road pattern fire.,121,#catlife #adoptdontshop,TRUE,06-01-2025,Tablet,de,4188,248,338,0.0577
6e6e34d8-9262-42b0-8a97-32b68698b0e1,6f1dc81a-a6b5-4414-a8d7-65ebfafdac90,aguilardonald,Female,32,15535,7361,02-03-2021,FALSE,London,Education,Bit with woman after during fly add very material. Quickly main what loss stop include another attack.,102,#learning #knowledge,TRUE,11-03-2025,Android,en,740,109,26,0.0563
a6960fcf-944f-48e5-a520-0f6b3c81133b,4dd1432c-05cd-4207-9d2c-0a4cc43aa81d,mjohnson,Male,48,17109,8680,04-12-2023,FALSE,Berlin,Books,Say computer fish necessary including resource not prevent. Social financial soldier over follow.,97,#literature #readmore #reading,TRUE,01-09-2024,Tablet,es,806,92,24,0.0539
4b36026b-f73b-42b4-8b5c-0c71a7eb1d9a,508c5e94-1e9f-44b8-a9cb-f483d226df0b,hollycastro,Male,55,28469,2450,05-11-2017,FALSE,Madrid,Gaming,Wrong late similar treatment husband owner above test speak southern no later. Quite magazine difficult not cold measure would.,127,#twitch #esports,TRUE,19-01-2025,Android,de,1414,129,60,0.0563
d2ac1eb2-2de4-439d-b8d5-1141ca26f797,709cca52-64fa-40a7-bd08-592526bf4f42,erikanelson,Female,31,91186,6703,22-02-2022,FALSE,Bursa,Health,Sister paper rich true six sport off activity. Receive senior now indeed office likely.,87,#fitlife #wellness #mentalhealth,FALSE,21-04-2024,Web,tr,4615,244,53,0.0539
1d88f2f5-3c96-44ea-b2fb-4b148610a53e,2f143b2f-7afc-46c9-b77a-4d5086ba03ba,justin01,Other,46,49536,969,25-12-2024,FALSE,Izmir,Education,Task language to artist career explain herself stay sense trouble realize interesting want building argue participant try data perform. Poor someone everybody believe.,167,#edtech #knowledge,FALSE,05-02-2025,Android,en,2533,155,175,0.0578
8f3c11d5-1e45-48d3-b8e9-90d7ac9b6d4e,67192ab8-2625-4db0-ad5c-3c1ba38cd5e2,zhansen,Female,56,19965,5749,01-08-2021,FALSE,Istanbul,Health,Everybody girl process condition history Mrs address walk never. Miss season high performance voice.,100,#mentalhealth #wellness #healthtips #fitlife,FALSE,11-10-2024,Tablet,en,989,141,82,0.0607
9cff2d91-7d63-4806-83e8-e15d37923f6e,ce545aa8-ba79-42ee-909a-750726c526f0,clinejasmine,Female,23,10261,8757,12-12-2024,FALSE,New York,Photography,Trip worry buy young time popular station indicate become personal edge recently different tax too arm physical although with. Human quite along heavy.,151,#snapshot #photooftheday #travelphotography,TRUE,16-05-2024,iPhone,tr,555,52,15,0.0606
97f4407c-d7f7-427e-a557-3e22b4ffbc6e,f01ad069-ee57-45eb-b7cf-b1ecb053ae66,darrylkent,Other,28,15379,6859,21-08-2022,FALSE,Madrid,Fashion,Party behind station today improve exist teach check down rule policy reason student medical political expect up material market drug. Too light friend mention sign account.,173,#lookbook #ootd,TRUE,07-04-2024,Web,de,779,85,27,0.0579
1ceb15bc-a119-4319-a74e-cbdc6c0877f0,84931edd-f797-4d16-8029-f525e4c82dbe,robrien,Male,43,64935,4485,20-02-2023,FALSE,New York,Gaming,Source worry actually every here foot evening everyone onto above method mean network society detail individual. Debate down strategy art region.,145,#twitch,FALSE,11-07-2024,Tablet,es,3256,235,240,0.0575
ba409b19-f36a-4fc5-b302-2a04ac006055,a34f2804-9e8b-4ab3-b4f2-af51d69465cd,knichols,Female,27,93287,9835,16-08-2020,FALSE,Berlin,Books,Feeling certainly low of yourself might doctor analysis own item over parent. Itself road bill room focus color plant.,118,#readmore,TRUE,27-09-2024,iPhone,es,4628,687,396,0.0612
e83f498d-c173-457c-ba90-68738ee7a47b,23ba70f6-1def-48a5-a618-acc7d58873e0,wcabrera,Male,53,72703,3658,12-04-2024,TRUE,Istanbul,Technology,Way white put defense resource. Try power moment traditional.,61,#innovation #tech,TRUE,09-07-2024,Tablet,de,3682,540,278,0.0619
14ec987b-ffc2-449a-a500-d33cad6766ed,10759277-637a-4a5b-b176-a24efbcf302f,afuller,Male,31,59622,5230,11-10-2022,TRUE,Madrid,Music,Open read draw position newspaper hot left phone other. We note financial water.,80,#vibes #musiclover #nowplaying #playlist,TRUE,18-10-2024,Android,de,2875,194,112,0.0534
dd38b18d-b522-4bdf-93a5-a4f101e38e41,732f5a39-5a20-4c60-8a7d-36c042ac1cb4,robertmckenzie,Female,19,47551,565,18-10-2017,FALSE,Paris,Pets,They leave road allow half direction individual degree girl mind part discuss real prove and all base vote American media realize. Most total design.,149,#adoptdontshop #catlife #dogsoftwitter #petlover,TRUE,22-02-2025,Android,es,2394,258,51,0.0568
52fadf04-0ef9-4be1-a916-3ad47753a96b,27f16d86-b3ae-4f61-be03-98948edba9b4,doneal,Female,47,7415,175,22-01-2024,TRUE,London,Books,Laugh lawyer Republican page window trade result capital goal five east market consider compare factor process moment thus career. Class while open product sign peace opportunity.,179,#readmore #literature,FALSE,28-01-2025,iPhone,de,390,52,30,0.0637
aac8b1e0-921f-41a4-b7b7-3d4a2dcf855a,b04cbb97-fa33-43fe-ae9f-50229bdb068b,patrick04,Other,44,34202,8427,29-03-2018,FALSE,Paris,Photography,Share song near just position attention media determine phone what may energy knowledge heavy school hospital. Run evening animal write try hundred need.,153,#travelphotography #photooftheday #dslr,FALSE,30-03-2024,Web,en,1690,128,89,0.0558
92773534-3c34-4168-b05a-a44f4a1866a6,839a2b5e-eb90-45bd-b64c-e2ccf8d593c4,randybailey,Other,25,32802,1999,20-01-2018,FALSE,Istanbul,Education,Like short full treatment thing political recently interview artist parent commercial across measure produce. After billion style charge agent.,143,#learning #knowledge,FALSE,04-12-2024,iPhone,en,1593,176,48,0.0554
bab2320a-cc8f-4ec8-949b-c607869b35c9,a6316061-cb0b-47f5-8680-f50d361515a9,astewart,Male,27,27315,2479,02-06-2015,FALSE,Berlin,Finance,Enter participant up side set behavior another total product any myself join. Century office member next development.,117,#crypto #stockmarket #investing #money,TRUE,16-06-2024,Tablet,de,1367,89,81,0.0563
eb0ad88e-f160-47f2-b791-6c3b21a0c62e,a6316061-cb0b-47f5-8680-f50d361515a9,astewart,Male,27,27315,2479,02-06-2015,FALSE,Berlin,Art,Go stuff result forget over play news above return decision them. Consumer while successful both high do.,105,#artistsoninstagram #digitalart,FALSE,20-12-2024,Web,en,1417,84,128,0.0596
06544ae4-ad7e-4eb0-9d67-d5211c7443e1,82b40281-f0f1-4726-9f3b-f382c64d6d94,harold46,Male,28,19771,4306,06-08-2021,FALSE,Istanbul,Travel,Quite painting sometimes professor sure seven bit cover economic young dream sort hand face actually successful art listen. Professor when affect later major note.,163,#travelgram #wanderlust #explore #vacationvibes,FALSE,24-10-2024,iPhone,fr,929,85,59,0.0543
d6821a5a-f8f1-45b7-9d81-aed77d0094e5,a7a7e6a8-5512-485c-ab71-72c6ac8edb84,deanna17,Other,38,21954,9305,01-11-2016,FALSE,Istanbul,Gaming,Natural admit feel ever interview every. Figure force manager physical gun sell.,80,#esports #gaming #twitch,FALSE,19-07-2024,Tablet,fr,1110,79,25,0.0553
ef04c64f-7563-4ea8-83eb-074dae21cb73,592e07f8-6375-4306-a4fd-507508cf0c18,ortizamanda,Male,30,66319,1835,08-02-2018,FALSE,New York,Music,Happen character when explain free partner which tree leader particularly but rather and few partner since hear audience. Same nature and.,138,#playlist #nowplaying,TRUE,09-11-2024,Web,de,3248,318,313,0.0585
89280b76-1601-4d90-86d9-214d054a6245,b8b94184-11b7-48df-89d3-b5c835edba70,wallaceheather,Female,19,22938,2126,16-09-2015,FALSE,New York,Food,Many shoulder daughter majority growth during rather stock term wide. Beat strategy detail.,91,#homecooking #instafood #foodie,FALSE,20-08-2024,Tablet,de,1155,124,114,0.0607
9d3856cc-3da7-4777-80ab-e996776fc5d2,1b01a3aa-46aa-40da-b828-b8e16b51392d,johncarter,Male,23,71886,2520,17-01-2018,FALSE,Paris,Finance,Morning important hospital you international suggest base a life word always other resource reduce. Century present term reflect nice.,134,#crypto #money #investing #stockmarket,TRUE,25-01-2025,Tablet,fr,3583,347,211,0.0576
01abead0-64e3-4df9-b24a-86d13dc8d429,579b18c8-6756-4e58-88ba-149890f1d2cd,llambert,Female,43,76215,3231,12-05-2015,FALSE,Madrid,Music,Why pass next store development can dream international us. Campaign although though day meet camera others.,108,#vibes,TRUE,03-11-2024,Android,es,3832,262,238,0.0568
1f60c6e2-1586-4ee0-855a-bc7ef352243e,95767027-f053-4481-8f76-5d54a4dbb754,aanderson,Other,28,79164,7898,27-12-2022,FALSE,Paris,Photography,Republican hold nothing single. Design break challenge family throughout bank.,78,#photooftheday #snapshot #travelphotography #dslr,TRUE,23-08-2024,iPhone,de,3959,471,62,0.0567
ff27da39-31c0-4651-942a-5607c74caef0,2608e627-35df-4e74-9db1-e0f4b42d4fb7,cooperlaura,Male,18,79189,9578,22-02-2019,FALSE,Madrid,Books,Although court seat enter agency early husband central you deal me. Serve suggest machine myself small.,103,#reading,TRUE,21-11-2024,iPhone,de,3906,484,93,0.0566
2053da69-3a0d-47e7-8b52-90803981b6c9,036e2dc8-0ce4-443c-8b5b-70a7e6d9e280,brittanyhood,Other,22,34089,7157,19-12-2019,FALSE,Istanbul,Music,Grow important get knowledge southern author everybody. East who vote hear college Republican east sit.,103,#playlist #musiclover,TRUE,12-01-2025,Web,es,1628,131,75,0.0538
02e32f43-5aba-4b8f-b94a-33414ac28d16,ba3da61f-2cd6-4510-95d8-0a249c38c0aa,robertroach,Other,57,257,7119,02-12-2023,FALSE,Berlin,Technology,Her property before character culture explain radio successful easy ball final. Notice late medical moment.,107,#future #innovation #gadgets,FALSE,21-11-2024,Tablet,tr,13,0,0,0.0506
ff66ab96-8b89-4655-99fe-07f51bb5c867,6ac3bc3f-2cca-48cd-a9d5-d43ccf2016d7,davidtodd,Other,32,1799,3377,27-02-2018,FALSE,Madrid,Art,Six just short someone turn nothing professor specific not. Soldier or say onto moment.,87,#digitalart,TRUE,03-07-2024,iPhone,en,106,10,6,0.0678
45ded4c8-f824-490a-8a22-315b2372e0c7,46834fd9-f092-44a6-af84-d6ad6b649354,wmendoza,Male,33,88852,5701,08-03-2024,FALSE,Berlin,Health,Wife value finally each eight rate physical light I sound customer how cultural really. Adult since PM.,103,#wellness,TRUE,01-11-2024,Web,en,4346,352,324,0.0565
956b2c0e-aed0-4fa5-9307-a4617365b2e2,45e51835-0604-44d2-bd89-603b8725a59e,duncanjames,Male,25,18450,9097,19-06-2024,FALSE,Izmir,Travel,Standard spring suffer professional pay however risk meeting describe guess hundred nothing join if add personal bill ten able another window which political adult south. Less report who trade poor.,198,#travelgram,TRUE,21-07-2024,iPhone,fr,960,114,83,0.0627
9d6e9c15-409c-47d6-8d8c-feb67b50005b,028f89f4-c020-445a-962f-99b5e0adb1ca,scottcain,Female,25,14572,4693,09-09-2017,FALSE,Paris,Travel,Concern ability sometimes building speech gas opportunity large everything friend quite someone interest body suddenly must nation. Training thank right air child others.,170,#explore #vacationvibes #travelgram #wanderlust,TRUE,22-11-2024,Android,en,703,86,43,0.0571
b15f6231-8e24-4e59-a9bb-0674dd990227,45b735c9-abe1-4a4d-bbe0-a54c09629ed5,buckleyanna,Female,49,92857,3653,07-12-2016,FALSE,New York,Education,Western education read benefit per artist per later rest know significant question consumer street commercial while important deep. Event recent movie smile.,157,#knowledge #learning #students,TRUE,18-01-2025,Tablet,de,4484,632,228,0.0576
be54bd71-8c67-41fb-9ed1-b7c936d5db10,a3c7dc40-9338-4c00-a5f4-dfed7cafbc2f,prestoncory,Female,20,32170,717,19-08-2016,FALSE,Berlin,Fashion,Exactly friend section friend eight we suffer tell decide skill reality more name spend worker. Position candidate data.,120,#ootd #fashionista #style,FALSE,20-06-2024,iPhone,fr,1634,219,126,0.0615
e5e02113-0141-42b1-b658-a6a82d24d6df,698f9e09-3cfd-4958-b29f-8303e8f3d1eb,colton49,Other,56,45369,9426,23-06-2018,FALSE,Antalya,Pets,I report star prevent home surface hear candidate throughout response wind money sing address indicate as anyone simple pull music even leader lay their. Also should phone center believe bed however.,199,#petlover,FALSE,23-12-2024,iPhone,es,2344,185,150,0.059
ec7395fd-7f00-4ccb-b289-1dd2ed9c90fa,0cc37cfb-c055-4744-a527-67e6ec23c3f2,arobinson,Female,31,99708,3293,31-10-2016,FALSE,Bursa,Health,General draw drop week four pass happy call serve finally hard evidence. Present night plant church paper peace.,112,#wellness #fitlife #mentalhealth,FALSE,27-02-2025,Android,fr,5095,320,278,0.0571
f8c5fe7e-7bac-4cd2-96f2-b80ba7c9b7a6,620f0152-8abb-4aa1-9134-c399075c20ee,bryantgabrielle,Male,46,10288,7115,18-02-2023,TRUE,Ankara,Pets,Think white smile society accept question indeed event. He marriage list meet from because.,91,#dogsoftwitter #adoptdontshop,TRUE,29-03-2024,Tablet,tr,492,66,38,0.0579
3095e45a-0ee6-4be2-bf2f-f898997f3ec9,b2bff9a4-12e5-40bc-a514-282807a8044c,stephaniesloan,Other,17,84310,3774,04-07-2015,FALSE,London,Technology,Third professional during environment help act guess picture wide. Write sister close society avoid.,100,#future #innovation,TRUE,09-08-2024,Web,de,4133,381,268,0.0567
d1840d6d-09af-4c09-8fd4-8424243507e7,a4d08845-50ff-400a-af20-e5871c0cd56e,melissaluna,Other,27,58986,4396,21-04-2020,FALSE,Berlin,Photography,Remain group read serious environment dream defense American. Nearly man federal investment away.,97,#dslr,FALSE,05-09-2024,iPhone,de,2950,412,167,0.0598
19f0ceef-3cb4-4809-9a33-c88c2b125e7e,8b18d157-2d72-4d3c-83a6-4d0bafc43911,gregory81,Female,55,23309,8077,20-09-2024,FALSE,Madrid,Fitness,Month seat one range money get choice decision unit image buy. Of party action reveal song magazine firm mission.,113,#fitlife #workout #healthylifestyle #gymtime,TRUE,07-08-2024,iPhone,en,1134,79,93,0.056
4e9c8ebc-92be-4db8-83eb-6ebc51b3fa66,6ea7da9d-ce46-41bf-a923-59a67a5bce52,patriciahayes,Other,30,69892,6351,16-03-2019,FALSE,Paris,Fashion,Here treatment yourself husband early receive reveal television ago have particularly act serious east may technology product high foot soon rate care three. Station true thousand mention.,188,#style #fashionista #lookbook #ootd,TRUE,12-04-2024,Web,en,3384,484,211,0.0584
9cf198fd-906a-403c-b692-0a10acc27570,20366e6f-6fa5-43de-8cef-98f5bc90d6db,egibson,Other,40,49610,5332,24-12-2024,FALSE,Madrid,Photography,Car science already into such five successful fly blood bed author home. Such service heart yes affect stand.,109,#snapshot #photooftheday #dslr,TRUE,24-09-2024,iPhone,es,2429,131,73,0.0531
fe94eb20-82c9-4533-9da3-6beb818618b8,459c9c08-2836-4bf3-a5f3-ea56ca9bec4c,mriley,Female,23,76249,5859,17-10-2021,FALSE,Madrid,Fashion,Project you senior up seem gun be author paper analysis eat world if conference success thought travel. Movement dinner practice own me.,136,#style #ootd #fashionista #lookbook,FALSE,22-11-2024,Web,es,3783,489,53,0.0567
9df9f1f5-79f5-49aa-81ca-0816813857e8,d2ff9bdc-9661-4eb4-a6cc-16399d7dc03e,michaelfigueroa,Female,23,80303,663,05-04-2024,FALSE,Ankara,Photography,Dinner weight quickly wrong yet everybody bit gun into some. Blood list lot represent.,86,#photooftheday,FALSE,13-01-2025,Android,de,4072,208,330,0.0574
34262203-5796-4dc9-9fbe-3e77d87af396,af3aff5e-a078-448f-8924-f0be9630c39d,hdyer,Other,33,55640,5272,06-10-2021,FALSE,London,Technology,Identify suffer head candidate a according usually treat girl stay indicate. Marriage value give now human listen.,114,#future #innovation #tech #gadgets,TRUE,20-09-2024,Android,en,2819,248,48,0.056
1be2df6a-90d9-4f11-8c15-f1edb1191436,ca84dc33-fa10-4db4-a720-407170af11fe,williamsdarrell,Male,17,17429,3365,10-10-2022,FALSE,New York,Fitness,Room floor wrong town special up store health. Make ball vote green town able.,78,#workout #gymtime #healthylifestyle #fitlife,FALSE,07-01-2025,Tablet,es,846,87,70,0.0575
9595cc35-17ac-4ba0-a3cb-39427926d1df,35506a9c-8bfd-482f-afd4-e3a760bdd683,rowlandemily,Other,22,21631,1337,19-08-2020,FALSE,Istanbul,Health,Rate fish social knowledge with state somebody power summer better themselves. System free design official reveal crime able bag.,129,#wellness #fitlife,TRUE,18-09-2024,iPhone,en,1068,62,65,0.0552
eae04c1d-a3bf-412f-90af-796dd966b2b8,5e0f77b4-dcc5-443c-b510-0a0afb238b06,davisemily,Male,52,6628,2880,06-08-2024,FALSE,Paris,Food,Themselves report including hour apply national meeting agent size who argue when. Community tend serious above white sometimes.,128,#yum #foodie #homecooking,TRUE,17-02-2025,iPhone,tr,314,18,19,0.053
0b50593e-27a2-4549-a93a-e5d3a8acb20f,4e2a6b4d-c8b4-4d5c-88f9-97fefd0c0a8e,amurray,Male,42,51026,9026,14-10-2019,FALSE,Berlin,Technology,Expert that billion already worry state true why protect force serve yourself government hour car test yet computer. Take technology there alone beat meet treat some.,166,#tech,FALSE,12-09-2024,Android,fr,2581,255,32,0.0562
5cc126ca-7f17-400b-897d-1ffc90cf6962,5d52758b-8e1e-4a96-a69e-cbdca795a03f,todd28,Male,55,52794,1556,10-07-2016,FALSE,London,Fitness,Mission want any staff employee consumer civil ability campaign time call begin evening notice red head money huge federal. First cell late moment pay my.,154,#fitlife #workout #healthylifestyle #gymtime,FALSE,13-09-2024,Tablet,de,2571,333,244,0.0596
4eae031c-39b4-4ed3-bcd4-3f665512f748,70145265-1c2b-48ca-bb6f-9d57904ce065,aferguson,Other,47,66895,6082,08-12-2021,FALSE,Paris,Finance,Spend other suggest material list area beat international action much there scene provide yes. Next speech professor space spend condition what.,144,#investing #crypto #stockmarket #money,FALSE,17-07-2024,Android,en,3263,349,214,0.0572
1d755f06-0dce-4725-812d-9cefaf6a2f73,a79d536c-811d-4a17-8fd8-4659e7d33b38,danielhayes,Male,36,86206,3096,13-04-2017,FALSE,Istanbul,Books,Require stay type development something half door growth. Specific pass investment debate.,90,#bookworm #literature,TRUE,10-03-2025,iPhone,en,4250,539,234,0.0583
76948421-faa9-4262-99a7-ed69e58371df,bfe88252-fc11-4bb6-a407-68c9a0a10767,abaker,Other,32,79688,4692,02-07-2020,FALSE,Antalya,Gaming,Analysis nearly hard present music draw medical during decision wrong student. Painting television everyone argue write draw little.,132,#esports #twitch #gamerlife #gaming,TRUE,26-09-2024,Web,de,3987,418,308,0.0591
d2c55297-43f9-4159-86d3-58347821a397,b70bc1a4-967c-405e-81c3-e74d71fd3cbe,moraleskimberly,Other,30,3197,7231,04-08-2015,FALSE,New York,Health,Become every somebody score country have participant federal agency star close offer. Not beautiful boy manage likely score decide.,131,#fitlife #wellness #mentalhealth #healthtips,FALSE,21-09-2024,Tablet,fr,147,12,8,0.0522
819b1c2d-8152-4ceb-ac20-265a75461bb3,c334bfed-7bb6-4132-9d05-c696d5ac5746,kwright,Male,57,23690,6937,14-10-2020,FALSE,Paris,Politics,Draw action financial why explain attorney often community. Nothing quality building shake pick.,96,#worldnews #election2024,TRUE,29-05-2024,Web,tr,1068,137,98,0.055
a48afc81-8aae-4f1e-8765-9d4b099230b8,f2ccceaf-800d-47a8-98f9-7a62e007a8cb,paynestephanie,Female,36,69277,4544,07-04-2015,FALSE,Izmir,Art,To inside thus their whom keep history with result very positive parent. Office collection area the need writer investment yourself.,132,#artlife #creativity,TRUE,03-09-2024,Web,tr,3434,306,47,0.0547
88f3f791-4f0e-411c-8281-888d954ecd5e,3c530ca8-ca1e-4e13-bd87-87c9f5becd63,williamsbrandi,Male,52,30962,1740,21-11-2015,FALSE,Ankara,Memes,Statement like various civil hundred several attorney save discuss son detail look sign create sometimes each like foot little whom Mr state fund. Model quality media nor car piece community.,191,#relatable #funny #lol #memeoftheday,FALSE,17-09-2024,Android,de,1519,170,83,0.0572
b22262a9-989b-4121-a0e5-0676580b3df0,41c0e886-2b7b-4db0-9142-b274cb16312e,fbrewer,Other,50,35783,8140,03-11-2022,FALSE,London,Art,Term whose lawyer nation material none head page class southern onto. Central defense company I worker live.,108,#digitalart #creativity,FALSE,07-05-2024,Android,en,1802,109,120,0.0568
25f608e7-09f3-4883-b90b-2635ed7b67eb,4c15519a-f29c-42e2-8284-a5274244aadc,paul92,Female,24,78191,3616,31-01-2022,FALSE,Izmir,Education,Finally people development not continue pass enough scientist range card. There nor area kid upon.,98,#learning #edtech,FALSE,08-05-2024,Android,de,3945,421,257,0.0591
2a9c1501-e931-4c24-94c5-4965000d86d0,8e89f4c5-fc97-4e9f-9668-e8b77bd9d1b1,jamesmoreno,Other,19,49117,1029,20-05-2022,FALSE,New York,Technology,Exist in strong message toward person close southern defense lead positive no what available. Character anything school own term bit war.,137,#innovation #tech #gadgets,TRUE,20-01-2025,Web,tr,2514,357,201,0.0625
407fee0f-68d2-4e94-8fe5-24e69b9658e7,4eeea218-32c0-48a1-9dfa-3a923ca2a4c7,sarahrose,Female,34,32732,9494,22-02-2024,FALSE,Bursa,Fashion,Election available part body art attention lead thank Mrs between bring. Important cold wonder religious until discover.,120,#lookbook #ootd,FALSE,04-10-2024,Web,tr,1631,109,94,0.056
0724a8d7-3f2e-41ce-81aa-42949b2b6ffa,b6d24be0-c2b9-4826-836b-4b24c80fc14b,kathleenrobertson,Male,41,94901,4219,08-01-2017,FALSE,Bursa,Music,Term or now itself view too in box benefit field operation theory what land game size. Can character for modern run more.,121,#playlist #musiclover #nowplaying #vibes,TRUE,08-11-2024,Tablet,fr,4803,551,116,0.0576
bb0a1b80-8fb0-4e99-9608-a19b6a61799c,6d1741f4-be64-4ff0-ac7d-682223645a48,myerstroy,Other,16,86571,7478,23-08-2021,FALSE,Paris,Food,Occur quite poor mention style garden skill main majority step single ten. Too never she citizen order.,103,#foodie #homecooking #instafood #yum,FALSE,22-02-2025,Web,de,4329,619,121,0.0586
f5918d42-1047-4994-bd2e-f90f953d8047,72b879c3-d652-4861-b5e1-5758af2dac32,renee57,Male,28,36331,1896,10-06-2024,FALSE,Madrid,Music,Practice risk force action actually trade easy local almost seek already this within shake rate magazine pay actually hundred degree or house PM early. Election garden people usually black local discuss.,203,#musiclover #playlist #vibes,FALSE,02-09-2024,Web,tr,1809,252,131,0.0603
f371e777-a51d-414c-a6c8-044fdbf1b3a1,8c67b287-f916-4489-ae7e-3d78399eb008,lacey20,Female,54,26841,2403,05-02-2020,FALSE,Berlin,Music,Build national during south various different say happen machine range image compare shake cold dog increase amount show couple your card religious war fish them name. Generation which parent probably.,201,#playlist #nowplaying #vibes,FALSE,15-12-2024,iPhone,tr,1342,155,127,0.0605
5869b0b7-c85e-455d-bfc2-276a207b3222,6c7724fc-e6e5-475f-8ab0-5c07088e853a,normanbowers,Female,29,86398,8532,03-11-2017,FALSE,Bursa,Pets,His suddenly sing stock this able task message care Mrs activity dream million rest field. Budget foot toward heart.,116,#adoptdontshop,FALSE,11-12-2024,Web,de,4241,519,408,0.0598
ad67adad-5814-477b-ad1c-5097cc2124c7,10759277-637a-4a5b-b176-a24efbcf302f,afuller,Male,31,59622,5230,11-10-2022,TRUE,Madrid,Finance,Still he finally start we such great sound realize. Current their language.,75,#money #crypto,TRUE,16-08-2024,Web,tr,2928,299,284,0.0589
7ae5ed92-bbb1-486e-aed1-e9cf81592c40,ea657c9a-2310-44f0-a8af-6482d8253865,wilsonkathryn,Other,52,93529,8996,09-05-2021,FALSE,New York,Photography,Have start speak whether her full pretty experience middle parent it glass. Blue gun drive read claim.,102,#travelphotography #dslr #photooftheday #snapshot,TRUE,13-10-2024,Web,tr,4706,554,243,0.0588
b50d383b-e53e-4781-b771-31455416772f,6ac093a2-e278-43e2-b108-e2aa2aabb232,whitemichael,Other,37,81048,4045,18-12-2017,FALSE,Paris,Food,Level challenge collection happy family now single near fear part big into list special true daughter computer parent remember not. Ahead ball nor.,147,#foodie #instafood #yum,TRUE,06-11-2024,Web,en,4075,289,142,0.0556
e999ad54-55a0-4453-9235-97e66c5278bb,ceabcb66-283c-4277-84fb-b85ee21e050a,whitecharles,Female,43,79976,131,02-02-2023,FALSE,London,Gaming,Entire everyone especially successful good just senior guess woman husband author term join. Many police certain catch enough debate.,133,#gamerlife #esports #twitch,TRUE,15-10-2024,Web,es,3943,554,311,0.0601
d44ed081-b05b-4ee4-856b-22c8a337dc71,f0a67b36-9ad7-480e-b4f8-5bdb577b015a,hmartin,Other,36,90550,8815,10-12-2015,FALSE,New York,Gaming,Us note weight treat trip generation local all doctor. Not must together shake including explain rock.,102,#esports,FALSE,19-04-2024,Web,es,4530,435,441,0.0597
02c34d7b-8284-47d3-8e29-9397ec730f74,df861e14-af9f-449f-b7c5-020191d46064,tomshaw,Other,19,64825,6494,02-02-2017,FALSE,Madrid,Music,History shoulder I already final upon. Ability boy member project appear site.,78,#nowplaying #playlist #musiclover,TRUE,09-04-2024,Android,en,3310,386,155,0.0594
cdfc424d-1a3a-4f9a-84bb-7e587fa3918a,4b1c65dc-7fe0-4afd-8641-d2f67272405a,nelsonscott,Other,47,97549,2481,03-04-2022,FALSE,Berlin,Health,Consider simple car region receive father. Part issue professional over.,72,#fitlife #healthtips,FALSE,30-05-2024,Web,tr,4820,674,436,0.0608
fa66297d-ca5c-4b3b-a5a8-42ad8ac899b4,4ad682df-8818-4c4a-b9be-11403c80b193,sean43,Female,19,44776,3702,18-06-2019,FALSE,Berlin,Gaming,Alone ten help response hour material three join meet fire. Look though service technology new beyond walk during.,114,#esports #twitch #gamerlife,FALSE,20-11-2024,Android,tr,2255,253,100,0.0582
6f840f94-ca6b-40eb-936e-dd4b2b918001,31380c2a-e9dc-4197-bb65-4440fff9948b,gregorylopez,Female,41,41674,1356,02-07-2017,FALSE,Berlin,Art,Current minute my wide police next trip particularly change boy within nice recent think management although factor. Policy hot card contain professor building somebody tax.,173,#artlife,TRUE,03-10-2024,Tablet,tr,2177,194,202,0.0617
aa7605e1-3d43-4a10-8c5a-d01d77ce6604,8af0aba4-887b-4280-93d4-7d82a07c7807,joe99,Other,49,40041,8227,07-06-2024,FALSE,London,Fashion,Yeah professor democratic people need size game. Pay prevent democratic with trouble sport.,91,#fashionista #ootd #lookbook,FALSE,26-08-2024,Web,es,2030,292,149,0.0617
84bed2ed-0ed9-46d8-a77f-b6104280c838,2ecbd646-fa0f-40e0-bc4d-fc0facd62806,markcox,Female,32,38848,2204,18-05-2019,FALSE,Istanbul,Music,Education across special travel book along possible night enough ahead purpose hard argue main learn prepare hair least. Risk method business dark practice.,156,#playlist #musiclover #nowplaying,FALSE,31-01-2025,Tablet,tr,1898,111,171,0.0561
5ee44105-35a2-472f-8d46-30c328cc22b2,7285983e-6e81-467f-8f2c-7a1b27faf5c3,beaton,Male,25,15620,4868,18-07-2016,FALSE,Madrid,Pets,Eye newspaper relationship development view low drug ask level tonight money skill above develop drug. Debate over right sometimes.,131,#petlover #adoptdontshop #catlife,TRUE,28-12-2024,iPhone,en,774,44,14,0.0533
4069d8c5-1228-4fae-92b6-c0d375c71744,1bbdbdd6-cad6-4f30-aa3d-943ae674315b,joseph14,Other,35,41244,1091,14-11-2021,FALSE,Paris,Fashion,Me drug available party reflect discussion require almost interesting this point difficult call personal hard pressure authority necessary carry. Open son decade impact mention prepare president.,195,#style #lookbook #ootd #fashionista,TRUE,23-01-2025,Tablet,fr,2005,143,167,0.0561
7a21371e-73d6-4f8f-996a-85d2645dcd61,8af29948-a38a-4119-9b65-7cc6495b3415,gregory51,Other,58,78378,3450,15-08-2023,FALSE,Paris,Music,Girl economic notice clearly PM ground. Military good notice education hear last evidence pull.,95,#vibes #nowplaying,TRUE,02-10-2024,Tablet,en,3915,203,270,0.056
b55e5127-a894-4573-b015-3c305bb26908,eb947170-2bcc-4d73-979a-7523691dd09c,benjaminrussell,Other,58,45464,9324,22-10-2015,FALSE,Izmir,Finance,Hundred school never attention available tree surface ability public music short very describe. Leader check remain customer care.,130,#money #crypto,TRUE,09-08-2024,iPhone,en,2271,147,55,0.0544
9e5d7bef-895f-4409-af21-12ed2763de90,e80e82fd-ee8c-4d25-9ff2-e28331a4f597,stephenjohnson,Male,40,87564,5835,17-03-2018,FALSE,Paris,Food,Grow daughter sign treat together leave news create spring hotel note administration ready threat. Seat if do note resource five.,129,#yum #homecooking #foodie,FALSE,21-09-2024,Android,tr,4408,310,327,0.0576
1031e825-5513-4537-9b8c-1309461db1af,debcf865-8cb3-45a9-83c1-4528fc77724d,kathyroman,Female,21,11014,5837,05-05-2019,FALSE,Bursa,Fitness,Among whatever factor argue reveal carry dream base property but foreign film woman purpose against best concern free Republican. Kind treat decide attorney traditional.,169,#healthylifestyle #fitlife #gymtime,TRUE,03-02-2025,iPhone,fr,525,34,25,0.053
f33ba6b1-8b56-441d-80d7-54e5869e0752,70bc05dc-eb1d-4a24-a0dd-1780441c3932,hornjenna,Other,26,73256,5024,01-01-2023,FALSE,Ankara,Art,Country inside seven perform carry bad employee foreign treat music center. Respond beat another day toward notice rule.,120,#artlife #digitalart #artistsoninstagram #creativity,TRUE,23-05-2024,Tablet,tr,3654,512,192,0.0595
9fb1fedc-19cb-420b-b892-5b60e22fe3cb,b8f3f10c-66e8-4e22-85c3-6744f4ca5864,tonyaholmes,Other,53,88815,6344,22-12-2023,FALSE,Madrid,Fashion,Like half establish whom as boy weight candidate beyond choice would director financial. Especially mission military somebody out any develop.,142,#lookbook #style #fashionista #ootd,FALSE,13-08-2024,Tablet,de,4394,245,186,0.0543
4ac5a3b3-a59c-4aa7-8fa8-3e00c151e065,cf8b0119-7ed6-4cd2-b8b8-5cbbd614e05b,jennifer46,Other,35,39682,8145,10-09-2016,FALSE,Madrid,Memes,Law others focus nice somebody somebody discussion lot tell leave live consider. Continue present reveal scientist front less reach.,132,#funny #lol #memeoftheday,TRUE,01-05-2024,Android,de,1916,236,144,0.0579
06aec71d-3677-4880-8250-5ff13fc54e07,f53667ca-ae61-47cb-a7b4-c9a24e04cfcb,michaelmccarthy,Female,54,15875,5921,11-11-2021,FALSE,Berlin,Technology,Chance thus wall hot develop beyond cultural every human sing beyond turn community under wonder walk. Between tough so more ability.,133,#tech,TRUE,05-06-2024,Tablet,tr,804,60,28,0.0562
55c9405e-3cad-4e37-893d-894cbd48b1f3,e770dd1f-eefa-4bef-9fcc-60681273796a,debra93,Female,19,15099,9865,07-06-2019,FALSE,Paris,Fitness,Before laugh decide yourself chance top result nearly wear design middle. Lose think already away against upon.,111,#workout #healthylifestyle #gymtime,FALSE,11-02-2025,iPhone,en,784,110,34,0.0615
d2087712-535d-4560-b6b8-6baf60ffde5c,2f744064-9fd2-4300-aa4b-3f759d6550da,vgreene,Other,47,24854,3005,21-01-2025,FALSE,Istanbul,Memes,Newspaper attorney form force space huge new policy alone clearly would girl national remain Congress thank ever. Any fine provide few amount analysis upon.,156,#relatable #memeoftheday,TRUE,22-09-2024,iPhone,tr,1258,153,95,0.0606
f62b5732-00a0-4d4c-a5e2-f375fbcb6ccc,df7a50b1-a7c2-458e-be89-036ee1564c11,qbell,Other,55,63197,7334,16-05-2019,FALSE,Izmir,Travel,Soldier story impact various whose seven state we enter hour. Nothing share morning cold into.,94,#vacationvibes,FALSE,08-11-2024,iPhone,fr,3250,360,153,0.0595
03797b66-12c0-44d7-a426-634c216b7db8,1650a17a-e3e4-405e-af51-525bbe809197,william14,Female,24,75183,5184,21-07-2021,FALSE,London,Travel,Subject design garden lose out sell month rather foreign. Could believe camera.,79,#vacationvibes #travelgram #wanderlust,FALSE,22-07-2024,Web,fr,3738,370,63,0.0555
0e6b6b9c-d975-4e24-8daa-8aa6eef0aad9,2e82f5f5-851c-4eda-81be-08e6f5539122,amanda86,Male,19,53629,1446,27-03-2016,FALSE,Bursa,Health,Begin military represent strategy free partner tell such water shake over last almost less meeting very. Only only process course field economy.,144,#fitlife #mentalhealth,FALSE,17-09-2024,iPhone,de,2586,185,93,0.0534
d15f5679-fa2a-4001-9a74-dd5ffec07cf9,be059ed8-f9ae-4e5b-a81b-a1988a32899f,simsjohn,Male,42,86752,5460,27-01-2021,FALSE,Madrid,Food,Usually man everyone card me name push near necessary answer throughout. Commercial hour amount mind news.,106,#homecooking #yum #foodie #instafood,FALSE,05-11-2024,Tablet,de,4437,649,329,0.0624
5d8313ae-4309-4526-aae8-8eaef38d3a5c,af64fbf0-1bd0-484f-8e51-958ab1e6924f,maryzavala,Other,36,80112,5663,07-06-2022,FALSE,Madrid,Technology,Appear reason discover decide population student blue tree understand material similar money name. Sport learn grow low administration character deep.,150,#future #tech,FALSE,12-04-2024,Web,de,3992,374,232,0.0574
6d6df59c-57b5-4c70-98d0-09227cb40561,c8a3724c-676a-40e4-82c2-2a9855841d78,tfuller,Male,31,45778,3429,08-09-2015,FALSE,Izmir,Food,Push fine kitchen huge us provide star investment institution season statement positive loss education guess research happen. Wish ten in get road improve administration.,170,#homecooking #foodie #instafood #yum,FALSE,14-09-2024,Android,de,2212,257,205,0.0584
45725cf6-7c2b-4fd1-a489-dc0b39998517,bf71ce3e-01f3-4495-a735-ccbb312e7162,murrayvincent,Other,46,31851,4058,22-02-2022,FALSE,Ankara,Food,Whom near young six above high arrive difficult to spring source. Chance present left single break.,99,#yum #homecooking #foodie,FALSE,05-01-2025,iPhone,fr,1661,245,33,0.0609
aa183528-0602-423f-b96f-4647e3817730,4c8a6d46-7cdd-490b-9be0-2fee7f1b8885,fergusonjacob,Other,22,92198,5478,24-01-2017,FALSE,New York,Memes,Member prepare particular left base would leg company turn give art environmental indicate section. Surface value wait reduce poor.,131,#memeoftheday #lol #funny #relatable,FALSE,24-03-2024,iPhone,en,4689,398,254,0.0579
3d771742-18cf-41eb-81df-80059f74c7a1,bb9e069c-b2b4-40f7-b6a1-50127ed72fdf,xlewis,Male,28,60790,4496,13-11-2020,FALSE,Madrid,Politics,For interesting sometimes news later impact safe resource bad not doctor live. Experience decision class watch open special.,124,#election2024 #politics #news #worldnews,TRUE,30-03-2024,Tablet,fr,3064,173,70,0.0544
a95eff1e-7541-4e83-9f97-3cc4570bb933,efc56b37-35c4-4075-a13c-0d7951513661,ssmith,Female,49,55082,1645,03-08-2016,FALSE,Paris,Pets,Television north Mr woman hold which break almost whatever message. Tree read carry his goal four.,98,#dogsoftwitter,FALSE,01-01-2025,Tablet,es,2758,201,47,0.0546
1aeb56d3-402f-47bf-8c3d-646843a16abf,1c3459bf-4d52-476e-9b32-0ba407be1aa3,joshuasmith,Male,23,46583,4287,18-06-2020,FALSE,Ankara,Travel,Firm help minute sure party risk several born wide way teacher. Specific series south bit.,90,#travelgram #vacationvibes,TRUE,28-06-2024,Tablet,tr,2339,190,179,0.0581
be3a4598-f197-4c0f-9ae5-a76a154d8492,7a69ee93-cc6f-4663-a073-26e25f7eb179,georgekyle,Male,33,63585,8558,26-04-2017,FALSE,Istanbul,Pets,Natural side get image technology woman of wear world I test language maybe. Heart when money PM remain collection.,115,#petlover #adoptdontshop,FALSE,01-03-2025,Android,fr,3127,169,93,0.0533
806d1e62-c9f6-4b88-8eb4-54d16cd4a596,e4e2ede5-fce0-454a-8c89-68ed6c87dcdb,jacobsonsamantha,Other,39,12334,4152,15-02-2019,FALSE,Izmir,Fashion,Less create send certainly skin with ten reduce project former. Three capital care require.,91,#lookbook #style,TRUE,12-02-2025,iPhone,es,623,51,47,0.0585
5d75f442-1e75-4d7c-a876-62f866f3a789,3e4de4ad-9236-41d7-b17c-f9c864b018d8,christopherjackson,Female,22,5844,7307,23-11-2024,FALSE,Izmir,Memes,News decide office she impact nearly represent also three upon set view form remember. Strong color late.,105,#funny #lol #memeoftheday,TRUE,08-08-2024,iPhone,de,282,18,22,0.0551
76618f67-8eda-4be0-b28a-4de622886e1c,b6365b57-b80a-4aae-a12e-ded679271b83,hernandezrobert,Female,57,94469,3241,18-12-2018,FALSE,London,Memes,Food evidence perhaps PM plant down church down voice home south Mrs whether worry phone send them bit prevent watch work. Door current parent popular.,151,#lol,FALSE,09-02-2025,iPhone,fr,4748,587,136,0.0579
16d192b6-ce4e-4909-a9a6-2939b0c5f739,fdfd54bf-581e-472e-bb5a-611e9e1bec3e,kennedywanda,Male,30,13008,9753,22-06-2023,FALSE,London,Books,Service whether life look deep involve foreign be offer condition north. Weight raise animal bank.,98,#bookworm,TRUE,04-11-2024,iPhone,es,638,43,8,0.053
a44d64eb-6483-40f0-b35b-c70d075531bb,1038e532-0991-4562-80ac-b7193bad87ca,barryclark,Other,30,48560,6251,30-01-2016,FALSE,Izmir,Health,It set deep wrong well care land visit southern decade often surface. Sense who home election care fight rise really.,117,#fitlife #wellness,TRUE,15-11-2024,Tablet,en,2406,271,228,0.0598
ea973aca-d92a-4c6c-bd69-ac87b8e285d8,3eee715b-b949-4e1f-b694-e45099e359b8,jeffreylewis,Female,33,36635,3513,11-07-2021,FALSE,New York,Books,Trial watch a increase actually professor something likely Mr campaign. Play foreign real act structure choose.,111,#readmore #literature #reading,FALSE,09-01-2025,iPhone,tr,1883,234,182,0.0628
0cfaf691-ef1e-4dbb-8fe2-cae9ac6d4d96,e7755a1b-9d6c-474b-88f3-21b2855c746e,morganlaura,Male,40,50087,4253,04-07-2020,FALSE,Antalya,Pets,Data author health dog staff college when air amount special race from impact next fish. Last loss you this necessary or office in.,131,#catlife #petlover,FALSE,10-03-2025,Web,en,2508,372,148,0.0605
95538603-4225-41d4-a720-55ec060ec597,5448d3bc-a768-432e-8d86-e3b2ab79a5f5,rmueller,Male,36,23677,9860,01-09-2022,TRUE,London,Politics,Specific music might mother low. Game gas right set.,52,#news #election2024 #politics #worldnews,FALSE,21-08-2024,Tablet,de,1207,86,17,0.0553
f0dde654-3802-440f-a515-a149fc0a230b,0785e548-514f-4d7e-875b-738fe146e148,abrown,Male,26,2234,7280,17-02-2018,FALSE,Paris,Pets,Strong fast into executive economy miss piece care each actually yes hair hot future most it statement billion girl test various. Price us his case.,148,#catlife #dogsoftwitter #petlover,TRUE,02-11-2024,Android,fr,120,12,9,0.0631
57dd2f6f-871e-4fb2-8a68-54b32eba11a7,2432fd4a-66de-4878-bdbc-2032893d3a0e,yfaulkner,Other,39,59763,958,05-05-2019,FALSE,London,Education,Fight federal prepare time hope guy arrive course city policy camera office lay rate. Weight here indicate win perform.,119,#students #edtech #knowledge #learning,FALSE,30-01-2025,Android,de,2909,207,286,0.0569
a94c4188-02fb-49cf-9682-564cddc274f6,aeceb7d2-58bb-4669-b2ab-a8e46a27c0bc,david86,Female,42,10074,416,14-12-2022,FALSE,Istanbul,Music,Read entire magazine human model too baby better. Act billion everybody drive boy set.,86,#musiclover #vibes #playlist,TRUE,30-05-2024,Web,tr,526,74,41,0.0636
cd4403bc-e039-4ba3-82c0-228740534bac,b6317f1f-4a51-4753-b0ba-83a1e978bdad,eguzman,Other,38,76691,1884,12-06-2022,FALSE,Izmir,Travel,One that term recent popular agree community on really learn site must middle trial skill trouble. Thing development west state window brother.,143,#wanderlust,FALSE,03-12-2024,Web,de,3790,514,289,0.0599
2c011b6a-c348-4c63-8714-d837500627bd,24f6a5d2-7ec8-4e34-ac42-6bd49c289bce,ashleyhernandez,Other,28,77931,7551,18-10-2020,FALSE,Antalya,Fashion,Suggest toward account program but play. Garden film old building represent.,76,#style #lookbook,FALSE,15-10-2024,Web,fr,3925,303,202,0.0568
42353c78-ce76-4ad1-a681-30b9005fdd61,8f565b27-fc6f-46d0-8fab-8dcfe056f68e,vdavis,Other,58,10782,2367,22-07-2021,FALSE,Antalya,Pets,Doctor might southern heavy politics crime network himself line difficult pressure weight. Already long make rock American over.,128,#dogsoftwitter #adoptdontshop #petlover,FALSE,09-04-2024,Web,fr,511,58,32,0.0557
1ec4d85b-04b5-4f03-a6ec-fcb058f4f9bb,8256f3a5-52bb-4b6b-9e64-716d17a07611,marthagriffin,Other,60,76195,6730,12-01-2025,FALSE,London,Technology,Rise hard wide capital risk section PM according write film effect pattern lawyer color sort pay read suddenly able sure. Look own allow management Mrs draw challenge or.,170,#innovation #gadgets #tech #future,FALSE,03-09-2024,Tablet,de,3826,564,140,0.0595
1eab5dbf-9b62-4347-a76a-0ae96e48a2f2,fd36911f-5b46-4a00-a5fa-e7fd4a2335f3,traceycarr,Female,37,3904,6674,15-06-2016,FALSE,Madrid,Photography,Degree quality risk choose test feeling difficult tonight member picture individual book idea language street cup specific feeling year research dark discussion cause. Student seem agent.,187,#travelphotography #snapshot,TRUE,13-04-2024,Web,de,186,13,9,0.0533
f1c22f8a-2507-4f04-9166-d9036fedc7a2,c98a46f7-eaf3-4b5b-b06a-c2afcb8ed5da,christina64,Female,50,22799,5658,11-03-2016,FALSE,Antalya,Books,Would while relationship continue force first pull challenge view eat individual somebody four listen score. Director director security miss.,141,#reading #literature,FALSE,19-12-2024,iPhone,es,1091,127,102,0.0579
d0775515-98e6-4d35-83fc-5f3957f04935,4a365ad2-4349-44f3-8a71-c9cce99ac1b8,courtney07,Other,23,12177,8762,19-08-2018,FALSE,New York,Memes,Nice glass thus agency beat attack and side. Realize audience identify per worry prove.,87,#relatable #lol,FALSE,09-07-2024,Android,es,687,87,45,0.0673
f65055ad-3529-4b88-8f13-175630b4e2b2,75e814d7-7f09-4e28-ad22-5ec17392f361,petersonfrank,Male,36,63072,8582,27-07-2016,FALSE,Paris,Health,Nation stay send attorney wind rise do item couple film themselves take head finally five state then image require. Billion man together provide treat become.,158,#wellness,TRUE,01-10-2024,iPhone,tr,3233,169,249,0.0579
e0e9cbee-f3bd-4f15-b455-fb052739c8ec,d43314a1-a912-4408-bfac-186b4416f32a,carolcarney,Female,45,96207,6352,12-01-2020,FALSE,Izmir,Pets,Grow each buy bad office work yet picture threat chair until rule another without point idea long far. By speak activity never whose compare.,141,#catlife #dogsoftwitter #adoptdontshop #petlover,TRUE,10-09-2024,Web,es,4684,454,371,0.0573
1da92c26-5dac-427a-a5e7-c150d2e94243,e25ced4d-7113-4418-b2d2-656a6676713b,kproctor,Other,46,29707,164,22-06-2022,FALSE,Antalya,Health,Take issue there note later value lead first court tend several hot if wonder. There sell this old return standard.,115,#mentalhealth #healthtips,FALSE,22-04-2024,Tablet,tr,1487,210,75,0.0596
858b4ddf-cb55-4efa-8871-c96b1011fb78,60141f44-653e-4de6-948a-4bccc029edb4,ashleyhall,Female,45,17881,6128,16-03-2022,FALSE,New York,Pets,Team worry trouble whether top themselves lot miss require possible news sense. Especially represent employee environment green yard trouble.,141,#dogsoftwitter #catlife #petlover,TRUE,25-05-2024,iPhone,tr,887,73,85,0.0584
aa1b31c3-adc1-488b-b1e6-040c77204d0a,344968a5-03ec-4a26-bd0b-7f35522ae7c5,lawrencegary,Male,42,22456,9894,14-06-2021,FALSE,London,Gaming,So here sport Mrs floor company perform to develop care never whole law technology another claim drop quality take short serious. Hear professional indicate team.,162,#gaming #gamerlife #esports,TRUE,28-12-2024,iPhone,en,1075,147,56,0.0569
651451b4-5774-41a0-8698-1f60f5f60efa,086da7ef-b214-4c73-af8f-326fd9d5feba,rrodriguez,Male,53,74723,7091,19-01-2024,FALSE,Ankara,Photography,Deep nothing can coach ago box type. Population good own although.,66,#dslr #photooftheday #travelphotography,FALSE,09-02-2025,iPhone,fr,3681,402,139,0.0565
37ebd236-b701-4c17-8993-233c00c92ab7,cbd7348d-b502-4229-8453-65bc53f97fd2,mark54,Female,42,90653,7667,09-10-2023,FALSE,Berlin,Gaming,Pay contain positive street message where game arm race bad kitchen table ball billion ready former police rise. Certain send policy style.,139,#twitch #gamerlife #esports #gaming,TRUE,17-10-2024,iPhone,es,4450,242,247,0.0545
5011efb3-adf6-4f69-aab6-99e759b57deb,617f7eb7-9ca1-4064-9373-ce983e2f9771,ekim,Other,30,81365,9518,08-11-2020,FALSE,New York,Food,Check age off analysis oil during possible environment. Reason after hold need special response make.,101,#instafood,FALSE,16-01-2025,Tablet,tr,4135,237,412,0.0588
cb7b6d6d-27d4-4895-8c6a-b247b66f56bc,d39cbca0-1743-4dcc-b924-1e5c731b27be,hillchristopher,Other,42,56302,3483,01-08-2023,FALSE,New York,Finance,Site a we cause ground young film both collection social financial. Imagine knowledge help.,91,#investing,FALSE,07-07-2024,Android,tr,2737,220,137,0.055
10ef5c8c-b0a9-46a1-8d77-6d599cc5d0f9,fc9ffa22-5c6a-410b-9c6e-27050c8a28b1,lozanojulie,Female,20,90123,1544,01-02-2020,FALSE,Ankara,Finance,Hotel quite help he star she less shoulder suggest appear dog traditional term ahead gas. Media need program open according number.,131,#stockmarket #investing #money #crypto,TRUE,26-10-2024,iPhone,es,4348,474,344,0.0573
e7bc6916-211a-4aa5-ae74-96b96b21704b,5d52758b-8e1e-4a96-a69e-cbdca795a03f,todd28,Male,55,52794,1556,10-07-2016,FALSE,London,Politics,Across food sense box relate one security science body name several kind produce sense class. Discussion outside always memory answer work human soon.,150,#news #election2024 #worldnews #politics,FALSE,07-09-2024,iPhone,de,2653,384,166,0.0607
ac224bd8-0eec-401a-b0eb-128f52bafc46,ee095500-d63b-4414-8f5e-f78d5084bcf5,blairjill,Male,16,51864,2863,31-05-2019,FALSE,Madrid,Fashion,Until respond leader against play bar various debate while environment suffer never market high strong. Throughout begin remain process husband discussion better movement.,171,#style #ootd #fashionista #lookbook,TRUE,05-10-2024,Web,en,2594,281,60,0.0566
cacfa265-4dc7-479a-9e08-075d84b95495,6a628e90-5d36-463c-b6f9-909583286904,dan30,Female,31,981,5085,24-06-2023,FALSE,Ankara,Technology,Although beautiful customer film message seat describe firm realize manager experience. View million do despite miss.,117,#future,FALSE,01-01-2025,iPhone,tr,50,6,0,0.0571
0fba5b48-02ec-4d2e-9252-99f0689d4c6d,e3c609a1-0e45-4479-b861-b5a29caed552,ppatel,Female,55,34253,6479,09-12-2022,FALSE,Bursa,Health,Democrat view method should establish city stage add thank wonder by smile concern police. Yeah model best face almost.,119,#healthtips #mentalhealth #wellness #fitlife,TRUE,23-10-2024,Android,en,1711,138,119,0.0575
149d681a-c887-45ee-b816-c865a396b384,8b73f797-e8cb-4919-8bde-c94b93bb34a3,bradleysavannah,Female,52,51676,3727,28-04-2021,TRUE,Istanbul,Books,Phone event call over different hope situation professor expect out per. Listen sense stand series subject culture.,115,#readmore #reading,TRUE,18-09-2024,Android,fr,2570,156,248,0.0576
2339ce60-5c5d-4e6b-84bd-a86e84aaead0,25b95ebf-0bda-46a0-b7b5-620b40703bba,sanchezthomas,Male,33,88926,6759,24-09-2021,FALSE,Istanbul,Gaming,Shoulder little many interest make save size program owner student event trial truth eat statement cause again I. Economic poor Congress lose how.,146,#esports #gaming #twitch,TRUE,24-01-2025,Tablet,es,4525,395,432,0.0602
9b41a317-b95d-4ad6-86e7-05d7e564de50,25d70839-8f45-4847-bb6b-c0b93171c612,foleyjoel,Other,22,74217,8007,22-10-2020,FALSE,London,Politics,Many hundred off trouble dark. Play boy subject.,48,#worldnews #election2024 #news #politics,TRUE,20-11-2024,Tablet,de,3722,451,164,0.0584
deff243f-b763-4b93-8441-34ec0edf3a61,cb41e655-d2af-4ed2-9dcc-75f5f15b21fd,mwhite,Other,35,22671,521,20-10-2022,FALSE,Ankara,Music,Share trouble behavior prove themselves PM process little represent teach employee behind yard music practice least difference thing economy activity office. Family natural team.,178,#playlist #vibes #nowplaying,TRUE,14-01-2025,Android,fr,1159,81,94,0.0588
51828ccb-75e6-4b9d-be91-5bde7e38efdf,7b6649b3-1bf9-4c41-9e25-b74b7a8f6227,reyesronald,Other,56,91220,202,28-03-2021,FALSE,Ankara,Education,Behavior only particularly write night each order happy business wind. Capital arrive science measure onto.,107,#learning,TRUE,22-07-2024,Android,fr,4551,239,386,0.0567
ab48762e-3889-4e45-86a4-242fed7558eb,d5cd85fb-b65a-41c0-b7c8-18d59f7eddcf,wilsonchristopher,Other,29,37273,8688,03-10-2021,FALSE,New York,Technology,East drop lawyer try thing happy left method. Wish significant as area value sometimes idea various.,100,#future #innovation,TRUE,04-08-2024,Android,en,1933,117,49,0.0563
f5b71eaf-4f66-42a7-a352-c5f15872705c,b673813f-485d-4e85-8ce3-9710774b8911,kramirez,Other,30,66697,5773,26-07-2017,FALSE,Madrid,Pets,Without charge radio general smile main space return. Something include eight prove hope nearly bring.,102,#dogsoftwitter #adoptdontshop #catlife #petlover,FALSE,12-05-2024,iPhone,fr,3389,418,328,0.062
50919f46-4059-4d4c-8b74-1fba070d137a,e9e2557b-fd3f-46e6-aceb-6292f5dba5cb,jonathanfletcher,Male,51,60989,4132,31-03-2015,FALSE,Ankara,Fitness,Marriage mother organization artist social certainly scene chance own. Them most early song join why support.,109,#workout,TRUE,26-07-2024,Web,es,3004,399,136,0.058
05d05b04-528e-48d5-983a-00b609b3288c,87d14a24-e411-498e-90d7-8d635fa5e38b,fsmith,Male,25,75475,6788,30-11-2021,FALSE,Bursa,Food,Let manage learn thing life development sing lead even model sure experience enjoy artist. Receive also let these effort state second.,134,#yum #foodie,TRUE,27-06-2024,Tablet,tr,3805,215,169,0.0555
be8a431b-81b5-4765-8726-376d14a45d0e,b8b7b139-ffbe-4d47-8a14-4c07aebac41c,frice,Other,53,13208,4308,08-12-2021,FALSE,London,Gaming,Professor painting suffer truth save American response have service lead owner. Where eat loss walk arrive.,107,#gamerlife #twitch #esports,TRUE,15-04-2024,Android,en,595,51,29,0.0511
5ce9def4-9f26-40ef-a3b5-c295fc2831fa,0c65cb55-da81-4527-b309-049fcc19bf78,brownalexa,Female,45,48116,8250,24-01-2023,TRUE,Izmir,Technology,Once trip big other local pick theory. Evidence quality onto amount.,68,#future #gadgets,TRUE,30-09-2024,Tablet,de,2370,247,147,0.0574
6860f25e-3634-40d6-afe1-c2882ba4865b,c95ed3a6-ceb5-4466-ae92-81d14fa4730e,benjaminzimmerman,Female,39,84662,6322,10-09-2022,FALSE,Istanbul,Music,Choose oil ago shake gun establish require particularly dog article. Level politics throw view.,95,#musiclover #playlist #vibes #nowplaying,TRUE,25-05-2024,Web,es,4172,530,94,0.0566
f857832e-9f7d-41c6-8f80-4c142673c215,2ebe32ae-48f6-49be-a212-21844fe7e962,kathleenkim,Female,44,71976,5934,21-10-2018,FALSE,Bursa,Art,Tree reality network deal leg necessary already production second. Responsibility billion large individual.,107,#artlife #creativity,FALSE,27-05-2024,iPhone,en,3584,455,38,0.0566
59661f6a-5538-4e13-9289-6efe3958211a,932cd729-ea63-4095-9743-66658a7753ce,ihoward,Female,24,86335,1437,25-06-2019,FALSE,Paris,Art,Focus direction most about wrong PM situation listen add successful large compare force understand future easy dinner expert truth. That anything up member team.,161,#artlife #creativity #artistsoninstagram #digitalart,TRUE,11-11-2024,Android,es,4437,306,129,0.0564
c3b33c34-b7a3-4fa9-8e28-c3ec762b168b,507d5605-8172-4c60-8c8f-1730d469cdfc,douglassusan,Male,38,23292,7915,29-12-2019,FALSE,Antalya,Art,Clear body recognize from material test require list give drop model throughout wall research kid speak continue Congress former. Else statement stock pay.,155,#artlife #creativity #artistsoninstagram,FALSE,18-05-2024,iPhone,fr,1155,80,76,0.0563
17035d18-860f-447d-98c8-897f0ad70fef,f0794f43-c101-4b9a-9a69-5a40c122792c,jose24,Other,43,81841,8337,25-08-2015,FALSE,Izmir,Travel,Economy mind appear hold two north develop person science factor sister. Structure society suddenly.,100,#explore,FALSE,11-08-2024,Tablet,tr,4100,524,84,0.0575
b4c547ee-d73f-4c77-b6ec-fe5a668f1a10,45e51835-0604-44d2-bd89-603b8725a59e,duncanjames,Male,25,18450,9097,19-06-2024,FALSE,Izmir,Food,Good fund security piece look church bank audience alone total small discuss like important return until life what hard author image true. Himself hot sign including teach audience.,181,#yum #instafood,FALSE,20-08-2024,Web,es,899,119,83,0.0597
17d30f36-2a4c-4866-8974-4a84a4dc8619,e2ec63dd-9ef9-4d30-8e73-6cbfbbc7bce9,rfleming,Other,40,52028,1399,22-06-2016,FALSE,Madrid,Fitness,Along watch benefit whose single director type. Since land could soldier.,73,#fitlife #healthylifestyle #workout,FALSE,23-01-2025,Android,es,2601,175,173,0.0567
ea6584bd-03a7-45b9-8109-4af6ef98e350,49d897ae-edb7-478c-8a20-66ad074e30a8,navarrokelly,Female,17,24614,7852,15-07-2018,FALSE,Madrid,Finance,Step official player hold upon stuff great thank large morning accept history read these certain lawyer station wife knowledge service. Bad meeting sing according his street door.,179,#stockmarket #investing #money #crypto,FALSE,07-01-2025,Web,fr,1240,148,88,0.06
596548c3-4aa6-4c66-bbbb-a8551d03a081,b9e0a971-e464-4a22-b959-c3a80e6be86e,carterdennis,Other,58,92913,2564,20-11-2019,FALSE,Ankara,Pets,Performance only table soon series tell ball. Expert sing sense experience price.,81,#adoptdontshop #petlover #catlife,FALSE,16-11-2024,Web,fr,4594,405,51,0.0544
b068259a-380f-47bb-a627-0a46dd824c11,fb961ccf-b457-4cce-bc4b-463e9513cfee,linda46,Other,25,66907,1849,07-07-2021,FALSE,Berlin,Health,Citizen how two determine risk although television still say gun story meeting popular. Catch team thousand machine.,116,#healthtips #wellness #mentalhealth #fitlife,TRUE,30-05-2024,Web,fr,3243,328,217,0.0566
3a8a1009-8453-45ae-91b1-7a4eb0528d0f,26a03d6a-1ef9-44d7-9eea-17d5ef8bbe8a,xcarlson,Female,56,51321,9013,18-02-2020,FALSE,Madrid,Gaming,Next central prove onto a have fear determine. Decade age upon throw service leave.,83,#esports,TRUE,07-06-2024,Tablet,es,2545,341,248,0.0611
72f61549-7736-4aa0-867a-765414d41108,7f1a507d-4507-4d12-989a-d36d0f6ba9d7,jsmith,Female,21,16111,3525,11-03-2022,FALSE,London,Health,Billion future six institution thousand discuss ask. Performance TV attorney father collection decision.,104,#mentalhealth,TRUE,26-12-2024,iPhone,tr,818,52,60,0.0577
72e813fa-16aa-4b5b-b111-7bcaab31cde2,c10df646-a740-48c5-afed-9527d4a749ed,jorge20,Other,38,29757,5163,04-02-2022,FALSE,Paris,Photography,To father provide because say address almost guy least discuss range system new development chance question will live bed century build Mrs customer usually always quality article. Shake tonight focus specific produce claim.,224,#photooftheday #dslr #snapshot,TRUE,17-08-2024,iPhone,en,1522,95,89,0.0573
6d8ce9aa-5a57-4118-9fe0-75551ff96016,7d65bfb3-d9da-4d94-b144-12309e1417b3,wwebster,Female,33,86048,2089,27-01-2025,FALSE,Paris,Travel,Can man theory they wide but back a president take back camera affect any food sell head college out radio. Image sometimes huge.,129,#wanderlust #explore,TRUE,31-10-2024,Web,tr,4176,297,107,0.0532
2229b1ad-7e26-4fa5-b64f-adc7848d5238,f700265b-d959-4213-8908-2d8f100156e0,brownkevin,Female,37,6317,919,18-07-2017,FALSE,Madrid,Finance,Box term health bag local week degree opportunity. All miss look manager quickly turn reduce.,93,#investing,TRUE,15-03-2025,iPhone,tr,293,40,12,0.0546
66788e78-64b5-4e30-afa9-0f42eb0eefee,5a1f3d49-ae9f-4e58-b40b-147c564036c7,jay04,Other,55,41692,4769,05-06-2015,FALSE,Izmir,Health,This look including kind focus million research pull. Argue industry positive.,78,#fitlife,TRUE,18-03-2025,Tablet,en,2194,226,211,0.0631
bcc99cca-2cd2-40f9-9eb7-c77ea870ed38,f35fbe7e-6ca0-4f3a-bb0c-c2c69234d66e,brittanygardner,Other,23,88458,3792,29-07-2024,FALSE,Istanbul,Fashion,Left serve fight develop bag world section. Computer discuss force eat new character daughter.,94,#ootd,FALSE,02-09-2024,Tablet,en,4421,372,378,0.0585
a43f7269-6c9a-42eb-b53d-e33fffbb0458,fb95dcac-2b5a-4cc9-bbf3-15518c6a0d8d,jeffrey92,Male,48,36558,3698,27-08-2021,FALSE,Paris,Gaming,To source seat reduce thought position during sea manage pressure. Our true magazine film size.,95,#twitch,TRUE,12-05-2024,Tablet,es,1844,184,115,0.0586
ae4e1a4d-ce50-4d0d-9d80-fe0c6e0cf0ca,ee268cb9-e72c-4ff3-981e-76ea30ea0c64,charlessimmons,Male,19,62070,4720,13-06-2023,TRUE,Bursa,Gaming,Only seek everybody join foreign Democrat under try service develop eye foot community several watch speak defense majority last feeling. Laugh wife share treatment also in.,173,#gaming,TRUE,29-05-2024,Web,es,3063,193,217,0.056
7f7e4350-d4e0-4053-b47c-a86e6690fb77,8acef0a5-324a-4b81-8600-769ff6fccd8d,kayla51,Female,31,47676,999,17-03-2020,FALSE,London,Fashion,Represent pay break summer act appear always control product. Describe actually agency.,87,#ootd #style,FALSE,13-04-2024,Tablet,en,2432,257,42,0.0573
e9bfec7b-eaf6-4103-8b7e-eb27d291e716,4e2a6b4d-c8b4-4d5c-88f9-97fefd0c0a8e,amurray,Male,42,51026,9026,14-10-2019,FALSE,Berlin,Food,Necessary series bill support unit thought information gun score election administration administration stop. Fly daughter continue.,132,#homecooking,FALSE,15-07-2024,Android,tr,2594,345,150,0.0605
1a8fb092-cebe-47be-bd26-54deb0d6ee56,a85d968e-f341-4158-865a-1214afca8035,zlucas,Other,41,60483,3263,31-03-2018,FALSE,London,Photography,Focus tonight seek site old phone us evidence it available wall quickly rich beautiful. Decision sit official establish another possible.,137,#snapshot #dslr #photooftheday #travelphotography,FALSE,04-12-2024,Android,fr,3062,373,245,0.0608
cb130486-8210-42f7-b434-2ad87cb52e89,8cef89f4-3ffc-4e05-ac78-d9015cd7f4b3,patricia22,Female,27,23046,645,14-05-2021,FALSE,Paris,Politics,Possible some nation successful do beautiful until Congress others. Fish office north keep plant free information.,114,#election2024 #news #worldnews,TRUE,22-05-2024,Android,de,1101,75,100,0.0554
6d2b5530-0fe5-4fd4-98c7-fdd1492289f2,b6cf54df-d414-4f5e-9f24-77f195985731,kgraham,Other,36,71339,6741,05-07-2023,TRUE,Bursa,Finance,Season write use rise policy field time. Buy significant else others out.,73,#money #stockmarket,FALSE,15-11-2024,iPhone,es,3499,315,276,0.0573
c2b10616-69ec-4cc5-98a5-aabaecd6de67,37c79e33-b79b-4dcf-a06a-2e2fe66b89d8,juliehamilton,Male,38,17375,3948,21-11-2016,FALSE,Istanbul,Music,Enough idea establish method explain account question back concern its protect drug eye successful trial blue who movement early once future. Ground should thing wonder reason.,176,#musiclover #nowplaying #vibes,TRUE,08-09-2024,Tablet,es,851,85,31,0.0557
d8b839e7-1524-46dc-b456-96c0eb93aa56,cedd2b94-f70e-4ca9-b3ab-9aba4b2ce834,kimberlyrodriguez,Other,30,13704,146,28-10-2020,FALSE,London,Gaming,Detail threat there pay involve summer street meet manage compare. World science challenge within each decide they cold.,120,#gaming,FALSE,08-05-2024,Android,de,675,72,58,0.0587
a7f3f3d6-7767-46f4-a738-bc104585f8ad,5192d525-0f18-4497-bb10-3fd6afda2352,marissareid,Male,46,665,6021,13-05-2023,FALSE,Istanbul,Pets,Behind here certain either probably TV upon believe commercial ever suffer will name station produce cell almost. Future toward answer her term total girl.,155,#adoptdontshop,TRUE,05-01-2025,Tablet,tr,33,1,2,0.0541
1b2adc0b-f355-42be-9ad0-f6973aa265e7,de24faa5-3505-4be7-bb19-ed2e9fad434c,owelch,Female,45,11513,805,23-10-2024,FALSE,Antalya,Politics,Price east event parent force general billion country value forget size seek form need pass. Even present old economy answer decide.,132,#election2024,FALSE,20-06-2024,iPhone,de,537,76,11,0.0542
1a941efd-62cc-4552-959d-6abb38df3b23,44dbf011-2c10-4bdb-b499-3a0fbf922f8d,stephanieweaver,Male,30,35915,4533,12-02-2016,TRUE,Paris,Travel,Seat ground me interest call represent scientist beat daughter skill manager media current else peace old practice now. Build sea thing five deal back.,151,#explore #travelgram #vacationvibes,FALSE,01-12-2024,Web,es,1817,237,42,0.0584
65204c48-725f-405e-bc78-bb6241e6ee35,38833fe1-c995-4c20-92ff-7a5308eee134,xwalters,Female,36,17601,4689,23-04-2021,FALSE,Paris,Art,We against rock view cultural though attention west camera. Grow behavior gun training news party just.,103,#digitalart,TRUE,31-07-2024,Android,en,869,68,38,0.0554
ef4ce4de-7101-44d6-95ae-07fe2ffcfe4b,2aac2476-278f-4a31-9bb1-e383fe96b11c,rmolina,Female,51,26732,5097,04-01-2018,FALSE,Ankara,Fitness,Suffer relate television research own report near rest. Better effect citizen.,78,#fitlife #healthylifestyle #workout #gymtime,TRUE,10-06-2024,iPhone,tr,1297,163,74,0.0574
fe9de556-55ac-4ff5-bbe6-4197af86dc5c,d986d89f-7e95-494c-91a6-320e6d982e89,paige31,Other,38,57080,1512,26-03-2019,FALSE,London,Photography,Fear responsibility would central personal window laugh partner strategy place government begin someone have. Professional enjoy stock economy ability discuss now.,163,#photooftheday,TRUE,27-10-2024,iPhone,de,2854,315,81,0.0569
0374c98f-e1ab-4ab6-ac04-61d443c7071c,e51c9762-9e06-48ec-9f3a-f0f196bd1ddd,bwilliams,Male,39,18018,9692,02-03-2023,FALSE,Antalya,Technology,A system chair scientist level condition. Modern likely another modern world need.,82,#future #tech #gadgets,FALSE,07-04-2024,Web,de,881,67,57,0.0558
92ccac1a-3965-4d7b-a29e-4d9413511e11,2a2d6a3d-4d02-4aaa-b71c-cc8e4b4ee514,stephanie85,Other,47,36984,8423,26-06-2015,FALSE,London,Travel,Tv oil yard scientist against hospital character camera science fear past fly almost choose response serve. What often especially fact since tell.,146,#vacationvibes #wanderlust,TRUE,28-07-2024,Web,en,1820,193,95,0.057
a81b5ff2-ffae-4c48-868d-a668eea495d9,c28dbed8-0b04-47d4-8763-20b6355ba004,murraycharles,Other,29,19172,5295,28-01-2023,FALSE,London,Fitness,Author feel record day parent difference people to significant. Attorney such money on including.,97,#workout #healthylifestyle,TRUE,20-03-2024,Android,es,1015,75,56,0.0598
51a89939-27a0-4e9b-a48b-d5b52f6ed9ed,318e5a82-6dfc-411b-bfb2-dac16fbd6231,cody79,Female,26,90574,1593,22-07-2018,FALSE,New York,Memes,Sometimes home according behavior describe her bed behind officer seat respond. How drive recently expert.,106,#lol #memeoftheday #funny #relatable,FALSE,23-10-2024,Tablet,fr,4491,300,87,0.0539
1879ea05-4e7c-4da8-8e80-78670bc6ffa2,05abe0c7-a652-43e9-84ea-cec8d3c695f9,michellejones,Male,58,67844,6050,14-12-2023,FALSE,Izmir,Health,Old item history bill prevent increase family remain ever such discuss. Computer interesting article trial minute data hand.,124,#mentalhealth #fitlife,TRUE,12-07-2024,iPhone,es,3483,344,217,0.0596
ac2e6c78-0eb6-4d86-a343-15f2f93f2499,c2324730-0a4f-4d55-a908-7dc3c85dd417,katrinarodriguez,Male,43,59597,899,25-06-2019,FALSE,Berlin,Books,Media according interest herself money according staff watch. Why your happen admit tree.,89,#readmore #reading #bookworm,FALSE,02-10-2024,Web,en,2995,447,146,0.0602
0f46de65-1f2e-4d28-a247-6ee6d3165bd1,2378d24f-4704-4182-9a15-91364920d2b2,james14,Male,45,32848,1719,18-07-2023,FALSE,Izmir,Books,Discover glass professional collection trial yes politics southern move series. Knowledge heart small television answer drop under exactly.,139,#literature #readmore #bookworm #reading,TRUE,29-11-2024,iPhone,tr,1643,217,98,0.0596
82f0699a-cf5f-4e8f-bd45-6a593c3c0422,3a30c3b8-8658-4a33-b5ca-01a309d4fa12,ashleygamble,Female,42,1387,2986,15-11-2016,FALSE,Ankara,Fitness,Life then ability together simply free local despite father reduce nor avoid international two show television pattern. Student my near.,136,#healthylifestyle #workout #gymtime,FALSE,25-07-2024,Tablet,en,77,7,4,0.0634
4e5ffad2-63a7-4c78-bd84-e00813e11bac,c334bfed-7bb6-4132-9d05-c696d5ac5746,kwright,Male,57,23690,6937,14-10-2020,FALSE,Paris,Finance,Number build yard officer data research leave check put policy star mean. Wife amount choice modern seven.,106,#investing #crypto #stockmarket,FALSE,18-07-2024,Tablet,es,1182,73,70,0.0559
ba9d2ad0-b9a3-4e85-931f-3c6eb67a339a,958939c3-c95e-4792-9eb4-d463bee1a032,ecosta,Male,21,22380,6317,19-02-2021,FALSE,Bursa,Music,Few national indicate safe thought almost hundred road argue and and threat. After same general project glass option.,117,#nowplaying #vibes,TRUE,06-05-2024,iPhone,en,1128,164,42,0.0596
a445ec53-2d9a-4279-b9d3-de9e1112d432,d4b45317-87fb-4654-9a76-281b22330d01,timothy62,Other,22,47098,3678,07-12-2024,TRUE,New York,Food,Analysis close if drop have including run type word who. Let official success maintain the parent ball.,103,#instafood #foodie #yum,FALSE,30-04-2024,Tablet,tr,2319,146,149,0.0555
c9704996-0fad-4f6e-bd91-d23cf739095d,2cad5c84-2a57-41d1-846f-d7675bdfc3b2,wmartin,Other,57,45931,4051,07-08-2022,FALSE,Izmir,Food,Pretty each participant win view third movement month without heavy ground whom need let road. Tell police woman name attention end staff.,138,#homecooking #yum #instafood #foodie,TRUE,20-10-2024,Tablet,en,2241,166,25,0.0529
221442a9-76cc-4799-b6f4-b239e51665d8,02a70f02-a3db-41b0-9d61-f3bc0e56f1ae,guerraapril,Female,37,58654,4997,22-05-2020,FALSE,London,Health,City break road leave song medical before wonder. Company behind state.,71,#mentalhealth #fitlife #healthtips #wellness,FALSE,27-12-2024,Android,fr,2907,204,234,0.057
f37dd524-80ea-45ab-9278-9b0d648f981b,3bdea918-9a47-4b5d-a51b-ef1db52b2b52,murphybrianna,Other,21,3133,6349,20-07-2020,FALSE,Izmir,Technology,Network successful both herself sing religious pull culture grow more shake available. Admit talk wish recognize start local end shake.,135,#tech #gadgets,TRUE,13-03-2025,Web,es,164,8,15,0.0597
f3edf8b4-f82b-4789-993b-f5aeadec09b3,4d8b9e07-f37d-4d0e-836e-a13da94c5059,karen52,Other,21,67527,1771,15-11-2016,FALSE,Ankara,Art,Successful community nearly dinner far government finish single actually appear really capital. Such enter finish deep.,119,#artlife #creativity,FALSE,07-08-2024,iPhone,es,3404,446,257,0.0608
6d32ca12-6f97-4524-be6a-6dddcae0ad5b,d2a4d925-725d-4ddf-a56c-79eaa58f7563,dunnmary,Other,35,30130,2049,17-02-2024,FALSE,Berlin,Pets,I discussion fall discuss important artist green road leave degree parent check time memory focus identify point high rest produce. Loss then address role career pass million.,175,#petlover,FALSE,21-07-2024,iPhone,fr,1525,87,85,0.0563
62ea4d90-40a7-4cbf-b045-25ac852c444e,4175c054-b890-429d-bc0b-0dfeb3a7a105,irhodes,Male,22,95882,5183,10-11-2020,FALSE,Antalya,Books,Blue night fill notice energy watch conference bed movement hard position notice large seat produce exist society production during worker anyone sea plant conference. Particularly entire base ability quickly size.,214,#readmore #bookworm,TRUE,29-05-2024,Tablet,es,4771,409,195,0.0561
a89b45b9-bb78-4082-953d-1801d6c51ed3,e60d72fa-4858-4a88-8a58-e59122421da1,millereric,Male,40,60459,3881,17-06-2016,FALSE,Izmir,Pets,Seven would ball wind contain suffer business consumer decision prevent early production fly country Democrat would citizen loss chance. Husband option safe policy professor movement interest.,192,#dogsoftwitter #adoptdontshop,TRUE,07-12-2024,Web,tr,2917,437,271,0.06
12c347ed-4cd9-4aa1-a325-b18a61351eff,a7413784-1fe0-4327-97bb-a3f5a1bacc5c,sanchezjennifer,Other,16,8386,102,03-12-2015,FALSE,Bursa,Art,Pass our spend realize face rise may else change hotel treat building professional else hot message particularly outside style. Explain break happen.,149,#artlife #artistsoninstagram #creativity,TRUE,29-08-2024,Tablet,de,414,46,37,0.0593
b8e6c176-ad2a-403e-91b6-5dd859d71523,8acef0a5-324a-4b81-8600-769ff6fccd8d,kayla51,Female,31,47676,999,17-03-2020,FALSE,London,Technology,Program professor wide reach family six be across end imagine event firm size. Information country whose.,105,#tech,FALSE,13-07-2024,iPhone,fr,2382,270,170,0.0592
ecc3f46b-81b1-4bd8-92f7-1a7451786b55,5a5a6846-9f74-4438-bf38-a5b59ede6a1f,michael14,Female,34,96249,2209,17-09-2023,FALSE,Ankara,Fashion,Around ready price international baby lot look tend phone north. Wish place thought question.,93,#lookbook,FALSE,11-02-2025,Web,de,4807,485,124,0.0563
d192652a-374c-41f1-a0ac-b25ee99817d1,ff4436ab-fd7e-48c1-8f4f-36773afec056,littlebeth,Other,30,10227,2312,22-12-2016,FALSE,Istanbul,Health,Student chair want name why produce without finish claim process add. Political yeah exist morning.,99,#wellness,TRUE,27-02-2025,Android,es,503,50,5,0.0546
fc1df1df-241e-4568-9c33-3f2eb48d4828,bf4eb0e3-707f-4dce-adbe-c5b0d67bc563,sanchezamy,Female,38,17405,6933,13-09-2024,FALSE,Istanbul,Fashion,Value bit who thousand decide rich. Impact drive year agreement.,64,#style #ootd,TRUE,05-12-2024,Web,de,908,110,15,0.0594
c556b2fb-1b12-4101-ae9a-da5340c58d45,c5439359-a0bb-4b6c-8b43-f616c3438e95,christine82,Male,31,80711,3756,11-05-2016,FALSE,Antalya,Fitness,Section adult never win author success huge. Again federal sit possible record office heavy social.,99,#healthylifestyle #fitlife #workout #gymtime,FALSE,30-07-2024,Web,es,3988,353,275,0.0572
7f16ec8e-ffa8-4f73-abc5-133360217da4,e46a1030-aa5f-4388-93b8-4b6989035ef0,harrisstacey,Other,21,72929,4790,15-10-2023,FALSE,Izmir,Books,Without Congress science market room agency within both. Property meet sure institution speak.,94,#reading #readmore #bookworm #literature,TRUE,16-05-2024,Android,tr,3541,195,265,0.0549
fb338d73-cf9d-4b2d-8894-818e099048ed,5cd0ef9a-6464-48e0-9c9e-44933b54cbcd,williamsjohn,Female,51,97540,8124,29-03-2019,FALSE,Istanbul,Photography,Traditional fire local career act learn cultural language gas radio ball court project then argue level arm much. Step behavior step letter include fine.,153,#photooftheday #snapshot #travelphotography #dslr,FALSE,04-01-2025,Web,es,4836,697,120,0.058
1ee7c2e9-ab51-4fd4-b925-9b1d26a68bb2,ef387480-18ca-4464-809b-16a558285734,jennifer35,Male,35,1717,9363,10-01-2016,FALSE,Antalya,Fitness,Cup thought science watch price letter society know. Guy area bed attorney day coach.,85,#healthylifestyle #gymtime #workout #fitlife,TRUE,10-02-2025,Tablet,de,94,11,8,0.0658
e43815cc-2c0b-4abf-903c-9e52aa5894ee,996923b4-34b8-498a-86fa-837c03cc78a1,mariahphillips,Male,45,28214,3092,30-01-2017,FALSE,Berlin,Gaming,Stay white majority big live story audience generation tax idea quite look series much account full free but note clearly specific. Lose data everything indicate.,162,#esports #gaming #twitch,TRUE,20-12-2024,Tablet,en,1405,114,31,0.0549
2816f956-4def-4a8b-8238-f6c165ee1215,b2e00f5a-db98-4e02-912a-54127f8246bb,megan11,Female,48,74859,5818,20-04-2019,FALSE,New York,Food,Degree some become five interest box hold. Analysis participant little protect success.,87,#homecooking #instafood,FALSE,17-03-2025,iPhone,en,3793,559,352,0.0628
d6e97686-c705-43f1-92b0-c6174d7aa11a,83a1a378-f7a4-4679-84f8-188932f37072,mark96,Other,57,50346,6900,23-10-2019,FALSE,Paris,Art,Sign white rule behavior special term school similar daughter dinner ever family especially center industry personal quite. Task hand stand fear several expect half.,165,#artistsoninstagram #creativity,FALSE,28-06-2024,Tablet,de,2466,230,239,0.0583
9d8abb50-090a-424d-b2d6-6d5cdc14165e,be1233d3-07d9-4d34-9bc5-f3eaa3fc6886,lukecase,Female,33,51663,5668,03-10-2019,FALSE,New York,Books,Add thus executive just conference become seat over particularly however hand picture claim especially pretty truth she culture. Without wide discuss less her bit bed.,167,#reading #readmore #bookworm,TRUE,09-10-2024,Web,es,2561,253,50,0.0554
2f1efe55-0ba6-452e-8dfa-17d2f41aad1d,5ee6b62b-7345-482c-af07-737d6ac1764f,fisherandrea,Male,19,66087,5729,20-05-2017,FALSE,London,Health,Necessary guess fact now middle everything call hospital professional out land mouth size enjoy. Learn write like stuff throw score trade.,138,#fitlife,FALSE,23-05-2024,Android,tr,3361,168,280,0.0576
12a90c33-a33d-4253-acfe-7fa96a6e4afb,2d82c692-ab3b-4d9e-9f11-490e46c6d6bd,susanrobinson,Female,56,50461,3784,14-02-2016,TRUE,Bursa,Gaming,Consider theory positive manager so situation itself star report sure. Act fight especially rate summer simple degree federal.,126,#gamerlife,TRUE,01-06-2024,Tablet,en,2500,141,204,0.0564
03db1cca-6827-4671-b612-b120c696e89a,7a573d1a-2d0c-483c-85d9-adc859b735b3,paigepacheco,Female,27,42347,3505,06-08-2021,FALSE,New York,Education,Show strategy beautiful fight well pressure list north senior. Beat plan language type ball professional.,105,#students #edtech #learning #knowledge,FALSE,28-11-2024,Android,de,2151,124,203,0.0585
605fc70f-576b-4604-b19c-3039776e4873,e93fe94e-0994-4d07-9ed0-5f94b34b2025,piercekenneth,Male,18,69665,3683,17-02-2021,FALSE,Madrid,Fashion,Window large leave affect laugh five paper summer those without wind beat. Resource reason brother magazine boy walk.,117,#fashionista #style,FALSE,27-03-2024,Android,es,3478,221,277,0.0571
a1571c62-1d26-4895-8d39-c7c4b68b02a8,e7755a1b-9d6c-474b-88f3-21b2855c746e,morganlaura,Male,40,50087,4253,04-07-2020,FALSE,Antalya,Books,Popular occur help attack common majority coach like teach lawyer. Wide chair former work.,90,#readmore #bookworm #reading,TRUE,11-03-2025,Android,en,2518,270,140,0.0585
af3ce290-f6fd-418a-872e-241134069389,aa3bd381-0b1e-4d21-932a-f4d70a9d9574,hansonbryan,Male,52,13963,1859,26-04-2020,FALSE,New York,Finance,Anything improve participant range allow film land sort hundred truth authority level right decide three kitchen would benefit. Bar main today kitchen participant.,163,#stockmarket #investing #money #crypto,TRUE,16-03-2025,Android,tr,693,37,22,0.0539
1879da62-b6e5-4943-b6bf-5f21f6bd0814,8312c17f-29f1-460d-a521-2d8c7eb02b01,nicole24,Other,25,63349,4518,18-08-2019,FALSE,Madrid,Technology,Save else hard like difficult themselves growth college. Determine whatever major interview major say one.,106,#innovation,FALSE,03-02-2025,iPhone,en,3189,390,318,0.0615
21d27ca4-4b9d-4d7b-ac6a-e60d149cdc29,4ae7de75-4f1c-43c8-ba75-6adc8fa218a5,annalewis,Other,56,12861,5847,30-07-2024,FALSE,Paris,Gaming,Building would yet case produce particularly several notice war maintain. Because save discuss commercial shake institution.,124,#gaming #gamerlife #esports,TRUE,26-06-2024,Web,en,637,72,51,0.0591
0301abe4-78ed-484a-b052-f271e3baccf0,26f35771-2eb3-40a8-a276-52cfbef6368a,sue79,Female,44,68946,2491,23-04-2022,FALSE,Paris,Art,Within small high place less bank while across scientist tax treat less air certain into discussion recognize news name chair yourself account. Month system sometimes must use.,176,#digitalart #creativity,FALSE,10-05-2024,iPhone,fr,3468,400,316,0.0607
fd06f85d-fce7-4d58-861a-9c4cb27e0cc3,9aa32575-27c4-420a-8ba6-8453903ebbf2,mjones,Male,49,23607,802,15-05-2023,FALSE,Ankara,Politics,Baby hard face policy keep kid art worker receive down everyone some project. Bring available home page institution vote.,121,#news #politics,FALSE,27-11-2024,iPhone,es,1138,154,56,0.0571
f1b6f555-3435-4a40-b274-dab223cf1a74,aa3aa1e7-e8c1-435f-9973-f6bf5c8c5001,kim62,Female,30,72837,2535,29-03-2017,FALSE,Paris,Food,Moment paper event front despite brother including upon citizen first. Letter cultural dog rate arrive role.,108,#instafood,TRUE,11-08-2024,Web,en,3648,490,230,0.06
cd1f1262-e180-44fb-bb45-65477e8351d2,9fc37989-d478-4620-a853-054de1e7ebf3,samantha44,Female,17,59049,2154,15-06-2017,FALSE,Izmir,Education,Many thing sense cover hit game yard score in state from offer current citizen town story. At short white simply spend seek rise.,129,#edtech #students #knowledge,TRUE,04-02-2025,Web,de,2918,297,149,0.057
a5489a3f-913d-44f6-94df-3466a1f3a086,4eccbb9a-1409-428d-aa23-6fda529c7a02,cunninghamterri,Male,44,48762,6659,16-02-2017,FALSE,London,Travel,Skill base provide research total international reduce officer camera draw road certain agency key could song. Resource factor college general.,143,#wanderlust #travelgram #vacationvibes,FALSE,19-09-2024,Web,tr,2554,317,211,0.0632
e1f96f69-899e-4bf9-8df7-6e10e8fab466,4ad682df-8818-4c4a-b9be-11403c80b193,sean43,Female,19,44776,3702,18-06-2019,FALSE,Berlin,Politics,Else ahead on size street enjoy management foreign. Short say enough win senior top practice.,93,#news #politics #election2024,TRUE,17-02-2025,iPhone,fr,2177,186,104,0.0551
d171ea0f-9d7a-452c-86f7-c8a2566d911f,14a1dd60-9754-4f3d-88bf-339ea43a38fc,qorozco,Male,21,95776,2755,09-08-2021,FALSE,Ankara,Fashion,Day newspaper choice wait occur employee president shake walk. Name government fine third sport few.,100,#ootd #lookbook,FALSE,03-05-2024,Tablet,de,4856,467,449,0.0603
d1b6e877-6af5-4ef5-9cbd-021d73d5f386,69cd8303-d69a-439e-8bb0-b5778cdaefcc,batescharles,Male,26,70285,8826,27-11-2017,FALSE,Bursa,Books,Rich military professor dinner meeting maybe point these form activity most fire statement election. Camera few discussion operation stock doctor medical.,154,#bookworm #reading #literature #readmore,FALSE,15-12-2024,Tablet,tr,3437,497,289,0.0601
c40fd735-9ecf-4160-9d80-ebc684710918,68be6efb-259f-4532-9617-50cd7ad76713,tiffanysantiago,Female,52,59706,126,21-12-2020,FALSE,Paris,Technology,Lead hear institution wish glass full detail physical board marriage hand like dark build career. Picture both four enter room value example.,141,#tech #innovation #gadgets #future,FALSE,19-04-2024,Tablet,es,3026,344,111,0.0583
d442ad4f-474a-402e-adf4-a9055edbb1b2,eb434286-0969-4738-800e-bdbd2922ea63,sanchezangela,Female,26,79709,8627,09-05-2017,FALSE,Izmir,Health,Personal break with arm system fear positive century listen special talk social support rise I us show television turn law small travel fine kid too. As stop difference low ahead.,179,#mentalhealth #wellness #healthtips #fitlife,FALSE,14-11-2024,Tablet,en,3923,531,197,0.0583
78a06c6f-2be7-494f-aee6-501bdca8657b,8d4fa5ac-03e8-4161-9648-0b6dd40bb82b,kathleen47,Male,42,50604,4310,01-11-2017,FALSE,New York,Art,Week certain fact receive teacher thank poor movement miss. Mother edge my experience about approach visit much.,112,#artistsoninstagram #digitalart #artlife,FALSE,29-04-2024,Tablet,tr,2503,196,165,0.0566
df5b0649-474d-4686-8d3d-b95b5d6611d1,d50b9539-0362-42b8-99d8-66e3fe5b3a00,zacharymarsh,Male,21,74521,7722,04-11-2019,FALSE,Antalya,Books,Allow traditional mother member art have recently impact. Administration finally among traditional.,99,#bookworm,FALSE,13-04-2024,Android,fr,3695,460,67,0.0567
14b54eca-0b0a-4673-899f-27a1f8f8d74d,f79b79f1-7014-4d43-8c0e-a9dcdaed68d9,benjaminthomas,Other,60,22483,9006,17-11-2018,FALSE,Madrid,Photography,Medical identify sign remember audience seek hour have team yard raise price feeling base head two. Great science order professional hour billion.,146,#snapshot #dslr,FALSE,01-04-2024,Android,tr,1088,158,92,0.0595
2a6a3aef-cd93-49c4-aad2-3802c4cb22d5,b70bc1a4-967c-405e-81c3-e74d71fd3cbe,moraleskimberly,Other,30,3197,7231,04-08-2015,FALSE,New York,Technology,Guy score necessary national boy meeting budget real fund per throw young finally choose before factor every party direction. Specific man there human.,151,#future #innovation,TRUE,22-01-2025,iPhone,de,154,17,3,0.0544
0bb87fa9-4881-4ba1-a38a-8e94eaa5c6e6,d82c7565-14d8-4f01-8b58-2a114cadab12,stevencraig,Female,42,63790,2217,22-06-2022,FALSE,Izmir,Fitness,Short because sound different garden plan keep them citizen wind understand age foot life person dream. Dog however commercial nothing doctor beautiful audience.,161,#gymtime #healthylifestyle #workout,TRUE,01-05-2024,Web,tr,3202,338,155,0.0579
eb44dfba-024f-47e7-9489-a24015f36c0f,d391ab33-1b37-4d3a-a328-81ba9dcbb962,anthonydavies,Other,29,27180,4686,10-04-2019,FALSE,Bursa,Art,Send during perhaps glass region only always wall space identify policy. Both international treat if law this.,110,#digitalart #artistsoninstagram #creativity #artlife,TRUE,12-11-2024,Web,tr,1396,82,85,0.0575
697f461d-c013-4ae7-be8a-9d80811a71da,7a573d1a-2d0c-483c-85d9-adc859b735b3,paigepacheco,Female,27,42347,3505,06-08-2021,FALSE,New York,Memes,Customer could food large type store include improve under market song. List their none hot couple policy business buy.,119,#funny #relatable,FALSE,25-04-2024,iPhone,de,2163,170,47,0.0562
f332e511-3d39-4477-8fc0-d28058ec3847,6983b257-f0d9-4a0e-bb3b-bbbd087e1f90,steven31,Other,21,33633,8779,15-06-2022,FALSE,Berlin,Art,Hear success main off culture follow close experience management close skill together appear serious. Feel western president grow employee share.,145,#artistsoninstagram,FALSE,26-06-2024,Tablet,en,1620,170,46,0.0546
a7f37b02-871f-49bb-a9f4-8d13c9ed4995,18ae1b61-c806-4526-9af6-96aec6a62629,heidi68,Male,25,68387,4671,17-01-2016,FALSE,Ankara,Photography,Provide fund table write chance field base expect commercial. Life there something anyone training friend.,106,#dslr #photooftheday,FALSE,30-12-2024,Tablet,fr,3427,208,339,0.0581
83aee688-ffc0-46df-bbb9-194960fc754c,a5b75222-5f54-4c91-9808-c4f2e228aec8,heather62,Other,58,24530,7130,26-04-2020,FALSE,London,Photography,Office try interesting staff fear brother interest hundred morning smile wish computer specific subject knowledge discuss law south accept before current fine. Large easy letter include industry.,195,#dslr #snapshot,TRUE,27-12-2024,Web,de,1296,65,22,0.0564
4afe41c0-5a29-450f-879f-e0a8f226a238,8aee2620-98db-49c0-8b25-1ea0e77f7fcc,mramirez,Other,54,39110,8191,05-06-2022,FALSE,Paris,Music,Care material probably manager next. Baby which only where nor professional worker.,83,#playlist #musiclover #vibes #nowplaying,TRUE,27-01-2025,Android,tr,1927,190,137,0.0576
76130288-05d0-4a05-893e-eb862554ec61,f6c21031-8f35-477a-a909-519988a7f23b,georgemiller,Other,58,5783,8593,22-09-2021,FALSE,Istanbul,Art,Life marriage after social shoulder ready quality wonder hear travel ten learn yeah instead design record try current charge away can establish. Single compare friend.,167,#digitalart,TRUE,03-10-2024,Tablet,en,273,17,24,0.0543
d897ce73-85e8-4dd8-af89-7759f62ed3ab,01268ab8-e483-47eb-9058-751e81d6518e,adam60,Other,40,12314,4568,13-05-2015,FALSE,Istanbul,Music,Represent put specific partner southern. Everyone feel deep over anyone vote.,77,#vibes #musiclover,TRUE,16-12-2024,iPhone,es,629,69,7,0.0573
5cb7d8d3-63ce-4d2e-becb-91bba1955e9c,ef002a4c-3dd0-46ee-ad8c-10bc6d66f737,james58,Female,55,67825,7550,09-10-2020,FALSE,Madrid,Fashion,Again whatever political though hotel hundred growth tonight model some be work Mrs be. Everyone say fish understand without attention yet.,139,#fashionista #style #lookbook,TRUE,08-07-2024,iPhone,de,3412,426,167,0.059
ac70ea28-f970-4753-b594-ec580d7c8579,4526818b-5688-4bb0-832d-5b59edd0503b,kimberlysilva,Other,42,70918,8603,05-07-2015,FALSE,Antalya,Technology,Carry another religious trial region alone office around speak top avoid eye through whatever share me pull positive of language. Alone American time.,150,#future,FALSE,08-11-2024,iPhone,fr,3518,241,239,0.0564
ea594671-0bac-4215-93e0-70503c5e91a2,7a573d1a-2d0c-483c-85d9-adc859b735b3,paigepacheco,Female,27,42347,3505,06-08-2021,FALSE,New York,Finance,Company us forward thing shake inside little wind collection recent customer nor know mean man brother hear also. Read hospital her great participant rule bring.,161,#money #crypto #investing,TRUE,11-04-2024,Web,de,2157,158,84,0.0567
080b26e0-8dba-4311-8503-5bcada6e8af9,8924083c-4c19-43e2-80a0-78c3336193da,charles37,Other,34,66162,4836,25-09-2018,FALSE,Ankara,Pets,Fast hot with discuss star special together. Perform behind social simply point a try.,86,#petlover #adoptdontshop #dogsoftwitter #catlife,TRUE,27-01-2025,Web,fr,3314,257,175,0.0566
d43afcd3-b15c-431a-b511-71d96c0ff1a9,bf8c4dc5-58d1-4b92-9e78-519c6994b9ed,christopheranderson,Male,28,95760,3343,24-07-2020,FALSE,Izmir,Memes,Suddenly low bar whose issue thus fish as stop surface candidate method him best heavy design movement figure site part case. Put issue federal vote car power.,159,#memeoftheday #funny #lol,TRUE,03-05-2024,Web,fr,4770,448,91,0.0554
2ba2a4f5-b3e6-4027-9fa5-07b208247bb0,78cd914c-8ee7-4272-a0fd-8d4d2ecb5ee7,taylordawn,Female,40,46047,7150,27-06-2022,FALSE,Antalya,Fitness,Realize drop notice move finally west very audience us. Crime back official value.,82,#workout #healthylifestyle #fitlife #gymtime,FALSE,16-10-2024,Android,en,2281,316,122,0.059
837a7530-7a31-4da2-aa5f-553fd4988a7e,b8f3f10c-66e8-4e22-85c3-6744f4ca5864,tonyaholmes,Other,53,88815,6344,22-12-2023,FALSE,Madrid,Gaming,Whether rather discuss meeting no student office full Democrat full develop difficult. Measure cover within billion woman station.,130,#gaming #twitch #gamerlife #esports,FALSE,24-08-2024,Android,tr,4498,257,366,0.0577
dc85e5e1-9a48-4b2d-bd0d-d0b2af738bf9,32d5fca2-d281-4970-9130-d8acfcd18b1c,hallen,Other,24,20674,2196,20-04-2015,TRUE,Ankara,Photography,View poor enter environmental including view learn fear buy scene billion require everything. Despite give cold role.,117,#photooftheday,TRUE,11-05-2024,Web,tr,1010,136,66,0.0586
ae543677-ca9a-477e-a8b4-20531459f627,b09e1f7e-2fe7-47f8-874a-72359bbbb2be,phart,Male,16,11339,914,02-07-2020,FALSE,Ankara,Technology,Stock land southern wear a few stage accept difficult other maybe. Throw challenge key why about red.,101,#gadgets,TRUE,03-07-2024,Web,fr,607,45,31,0.0602
cecd0c14-ae97-482a-95c4-c0d7ec286f16,9cf1dcf9-b9bd-404f-8f05-208fcfde130d,sandra47,Other,25,9008,199,09-11-2018,FALSE,Madrid,Pets,West this father lot white dark building law involve between black card. Here claim future civil go size century better.,120,#catlife,FALSE,04-06-2024,Web,es,464,58,11,0.0592
cea0c461-44c8-408e-b2b6-31593a15d7b6,a6b2114e-84a3-4e5a-9b2c-8ab8eff2e899,dylan78,Other,53,42954,1284,26-02-2022,FALSE,Bursa,Finance,Spend protect audience yard society so boy him lot attack free energy. Computer young most last serious edge.,109,#money #stockmarket,FALSE,03-05-2024,Web,en,2185,122,154,0.0573
3a7ef313-3398-4bca-bb4e-30fa705a4658,6d023763-ff14-45dd-8c96-4cd4a1ab4162,qknox,Female,51,40138,1833,25-04-2021,FALSE,London,Pets,Film drive look allow argue thousand they there school under should wonder there travel word. New race general government single artist.,136,#catlife,FALSE,29-06-2024,Android,es,2033,141,181,0.0587
c264f475-02db-4838-9492-f9c1c5f21abf,143cb7a3-e360-4bb0-803e-ca5508829b0b,mariascott,Other,30,84616,9196,29-07-2020,FALSE,Izmir,Finance,These professional dog mention fund story land former carry loss support specific six article professor for type economy admit free follow wish night question senior. Beat tough range would note minute center.,209,#crypto,FALSE,18-07-2024,Android,fr,4389,440,332,0.061
2d731aa0-6a13-4e16-8065-50a9ed661a0d,7defeae1-12c5-4940-9f00-66653bcf28f9,bryanmcdaniel,Male,18,182,5701,04-08-2018,FALSE,Paris,Music,Certain around do however story follow put his too second campaign example some include really so order about medical quickly society. Past dog near put.,153,#vibes #playlist #nowplaying #musiclover,TRUE,11-10-2024,Tablet,es,8,1,0,0.0495
e2af421a-e68f-405e-b7b4-beacff49f439,4172c267-6261-41f2-b926-a532a0e21bb0,darius05,Other,50,8970,8362,20-02-2018,FALSE,New York,Gaming,Structure cover late personal local simple argue worry pressure forward. Analysis drop may blue art.,100,#gaming #esports #twitch #gamerlife,FALSE,06-09-2024,Web,en,466,67,5,0.06
d41863ec-5852-4625-adc7-0af0b9a4a5c4,1ad527bb-87a8-4c87-8cda-ff34532c98b5,ann45,Other,56,45929,3528,22-07-2015,TRUE,Bursa,Food,Teacher everyone history store stock street around environmental last add certainly white course. Spend nor evening.,116,#homecooking #yum,FALSE,02-02-2025,iPhone,tr,2317,134,37,0.0542
f35d36bd-2df1-43fa-8aaa-642594596d7b,1f36812d-dda5-4b62-bb88-3b437f486e62,madkins,Male,34,50593,6829,28-07-2021,FALSE,Ankara,Travel,Talk myself present build think wife structure hundred develop financial per one remember. Yes movie figure effort though.,122,#explore,FALSE,17-01-2025,Android,en,2609,179,82,0.0567
73b7be2f-c6e9-413b-917f-20d4426f580a,de5b588b-ba93-4f6c-9e9f-e44ea356a168,josephjacobs,Female,30,45930,3702,18-01-2021,TRUE,Bursa,Books,If important high window traditional quality garden six herself have. Prove moment ball rest value.,99,#bookworm,FALSE,29-07-2024,iPhone,es,2265,297,166,0.0594
106fb8f8-6efa-4c06-81a8-7d046e522b27,c87861ea-7d1c-42a1-847e-2331e33ae933,hugheslucas,Male,44,59298,9935,27-06-2017,FALSE,New York,Travel,Start common another under training by until bed often instead especially forget free follow data end lay born onto. Recently determine especially fund force week cover.,169,#vacationvibes #explore #travelgram,TRUE,04-03-2025,Web,en,2898,240,187,0.0561
312ef531-d2f7-4049-b102-82b5375aa148,470a01bc-b546-4983-90fc-1ff8f0fe11b0,jcervantes,Other,50,37800,2638,04-11-2015,FALSE,Berlin,Fashion,Help top hundred establish many daughter think. Cause middle foreign hospital trip central.,91,#lookbook,TRUE,28-09-2024,Android,de,1907,246,58,0.0585
a2d3bdeb-b90e-4300-b9bb-0fe9df4d06b9,3a25bd2c-697a-4a11-9481-ca22f94abe3d,kelleycarlos,Other,48,79552,3488,23-12-2015,FALSE,Istanbul,Fitness,Return activity plant environmental out television tree share happy subject course west scientist car never dinner director follow allow. Represent student attention.,166,#workout,TRUE,28-04-2024,Android,fr,3858,209,45,0.0517
6a95c287-c2fe-4cd4-b4a9-fdfa90c3652f,6c161f34-f85c-4c23-bdbc-a371eb6e0074,chapmanjerome,Male,37,32002,9275,22-03-2017,FALSE,Istanbul,Books,That approach scientist remain share suggest off level arm officer join hope hope else this inside people. Particular relationship card ahead send.,147,#readmore #reading,TRUE,10-11-2024,iPhone,tr,1607,185,55,0.0577
494278d2-4720-4052-94b2-063dee019876,487193bc-993d-4582-8f72-ee1a35356c25,qmiller,Female,56,77114,7001,18-09-2020,FALSE,Madrid,Fashion,Girl assume face house other table cell stock at some exactly less PM teach attorney. Once easy around maintain black.,118,#lookbook #style,FALSE,12-03-2025,Web,en,3876,498,316,0.0608
52d72f57-f0f1-47db-9c8c-283dfdb57cf9,648c7ed7-6c4a-4e40-b0fc-66a41936066f,brooksanthony,Male,26,90357,7252,25-11-2016,FALSE,Madrid,Education,Beat answer field growth camera act true six whole around marriage activity foreign describe. Morning poor responsibility himself let.,134,#students #knowledge,FALSE,05-05-2024,iPhone,de,4425,285,107,0.0533
6bb65fb0-b957-436c-8c8d-b134834813d0,db76d37d-70c8-4206-8baa-96a770748830,vhouse,Other,57,38566,8741,01-06-2019,FALSE,Istanbul,Gaming,Without hour stock hot free many analysis how full example thus true both skill too hair through ever. According near buy.,122,#twitch #esports,TRUE,02-05-2024,Android,fr,1983,148,185,0.0601
9ae3f265-3f8e-4b89-b565-e214f51dd264,44906d91-f328-44de-bb1b-6cc55bbfaf02,ralphhuff,Other,24,54055,9819,06-04-2020,FALSE,Istanbul,Books,Crime decision center fly none tough here pressure through education shake give apply piece field source machine eat tell our more same from anything interesting although. Color Mrs mention enter.,196,#reading #readmore #literature,TRUE,05-07-2024,iPhone,es,2756,154,64,0.055
8861e3c9-f669-44c4-abfa-8116618ee72e,1470984a-f6b2-4809-b2d7-1db880d3737a,lmaynard,Female,37,60522,8413,10-07-2024,FALSE,Ankara,Memes,Whatever follow current maintain another make last condition room. Prevent do view similar cultural.,100,#lol #memeoftheday,TRUE,04-02-2025,Android,es,3103,357,110,0.059
47a93eca-7f63-42a5-9e8f-04959111f525,7ee90f73-e59a-4288-9229-09f25a4b9779,hannah48,Female,38,60075,8580,29-06-2020,FALSE,Antalya,Photography,Although company could deal address assume gas image success explain agent place determine. Statement talk someone.,115,#photooftheday #snapshot,TRUE,14-06-2024,Tablet,fr,3069,319,63,0.0574
c84968f9-88e1-410b-a25c-e8e8d4e7f0e6,71734a44-d056-4552-96b7-7d87566e7596,vstevenson,Other,32,51481,9108,02-07-2017,FALSE,Berlin,Pets,Within subject cost his recognize budget instead husband street learn check federal kitchen financial meet. Why act technology.,127,#catlife #adoptdontshop #dogsoftwitter,TRUE,04-05-2024,Web,fr,2539,204,132,0.0558
4552e1f0-f730-4182-9790-10f6a35c037a,ed48a407-bab9-4476-8829-05c204035b11,lopezvincent,Other,40,82963,2634,03-01-2023,TRUE,Madrid,Fitness,Spend teach pull put generation young daughter life reason reality music more newspaper truth party. Environment eight visit task suddenly audience.,148,#healthylifestyle,TRUE,09-10-2024,Tablet,tr,4160,263,349,0.0575
c58eb9ce-535a-4256-b9ef-2a2446ac5f74,af246d7c-5f1e-4033-a6cb-b4ba1165e32f,jonathanthompson,Male,36,26244,5130,25-10-2017,FALSE,New York,Photography,News whole bag body about idea buy similar close seat yes her rate. Player paper staff story assume.,100,#dslr,FALSE,08-05-2024,Tablet,fr,1379,69,102,0.0591
57d6924a-26b3-48e7-8f3f-ca94a00d8941,44383792-e84a-4d44-9445-7c7ff97b0cd6,nathanwilliams,Male,57,71560,6112,04-11-2021,FALSE,Izmir,Food,Would floor parent song security water time speak democratic detail leader stand American west meeting. Visit effect exist recognize peace clear.,145,#homecooking #yum #instafood #foodie,FALSE,05-04-2024,iPhone,fr,3549,464,218,0.0591
518da8c6-749e-4418-8743-e07ee8b2bafb,868dfc9e-c75f-4130-9d7e-82d85ed4743d,thompsondouglas,Female,29,57315,2139,04-08-2023,FALSE,Bursa,Education,Artist machine ground anyone pull. Group others party big.,58,#learning #knowledge #students #edtech,TRUE,05-10-2024,Web,en,2880,407,63,0.0584
12f7d1b4-b02c-46e7-a021-31f849ad23e3,5d870bd3-c8a4-468e-a7c6-c11c888f750e,castroangelica,Male,56,76933,6635,12-03-2016,FALSE,London,Memes,Approach land street foreign never whether still sea artist despite meet important yet real technology however effect bill inside attorney of commercial goal. Blue author arrive line us level.,192,#relatable,TRUE,02-12-2024,Web,tr,3816,289,75,0.0543
222d5757-c68b-4d39-ba34-8f77c878d7ec,984daeba-8987-4aa4-8afa-a523ac6c381e,shawnanderson,Other,57,59360,8357,02-02-2018,FALSE,Bursa,Education,Night tax type suggest near. Population similar wall commercial kitchen difficult.,82,#edtech #learning #students #knowledge,TRUE,29-10-2024,Web,en,2889,328,189,0.0574
82f11385-78ff-4ece-bfd5-2986a794c424,9c6ddfdc-a86e-4d7f-93ad-d47171cc1f2d,andrew90,Male,34,26005,7600,10-09-2024,FALSE,Madrid,Technology,Forget chance let floor same fish lay democratic. Radio five respond when wife.,79,#gadgets #tech,FALSE,01-08-2024,iPhone,en,1308,89,84,0.057
7803d0a9-9483-43a8-9eac-88def9d4877a,eadb8bda-984e-4e83-9a44-2fbe804ba328,ashley71,Male,20,84058,5645,20-09-2018,FALSE,Madrid,Health,Seek style though attack woman blue however college score physical book. Share add identify example ability.,108,#wellness #healthtips,TRUE,02-06-2024,Tablet,fr,4090,350,279,0.0561
e38f871a-6275-4145-b02e-64e82be300a3,c28dbed8-0b04-47d4-8763-20b6355ba004,murraycharles,Other,29,19172,5295,28-01-2023,FALSE,London,Health,Subject another party old whatever expert seek thousand term very play. Eat defense which statement from call.,110,#fitlife #mentalhealth,TRUE,25-01-2025,Tablet,fr,968,130,26,0.0586
555a699d-21c3-4df0-a02c-6ab17eae72e6,a9260471-5a95-4eb5-8add-d404880ccb8b,patriciagrant,Male,17,52850,122,30-09-2024,FALSE,Antalya,Books,Station human safe ground kitchen. Strategy answer red.,55,#readmore #reading #bookworm,TRUE,29-03-2024,Web,tr,2616,308,242,0.0599
70d76267-84bb-457d-bac0-859fdbf35f4e,0d743846-bf11-4f9e-bcd3-9abc17dd2973,katherine02,Female,24,32360,6169,28-01-2022,FALSE,Berlin,Fitness,Story rather set number a improve look open woman everyone way young state purpose one morning. Take every ask TV.,114,#workout #healthylifestyle #fitlife,FALSE,02-11-2024,Tablet,fr,1646,235,42,0.0594
d451595f-b7bd-4023-a08b-7887552ec596,b364e864-3ebc-4df6-89d3-a55c9bf3ccec,victoriagarza,Male,37,28482,7161,30-09-2017,FALSE,Istanbul,Pets,Ability player sit between design red pick dream degree probably range none. Key any age trip able section size despite.,120,#adoptdontshop #petlover #dogsoftwitter #catlife,FALSE,21-05-2024,Web,fr,1411,198,53,0.0584
325740b7-80a5-4a0a-b7f4-6d59d25e36a0,8eb46407-5291-45a1-9a61-f133342c4426,carterdaniel,Female,59,22412,1187,02-01-2021,FALSE,Berlin,Memes,Two stay build with see fire direction more participant reflect take treat democratic almost certainly vote safe mother wish education girl focus everything. It world memory keep wish.,184,#memeoftheday,TRUE,03-05-2024,Tablet,en,1147,111,24,0.0572
36d784ac-249d-4735-90a6-b7a6f24928f4,7822997c-99ad-40be-bed9-4d481ea02048,christophersanders,Other,59,84190,9150,01-09-2017,FALSE,Bursa,Pets,Stay water but once movement level increase next structure modern exactly. Quickly well father place call star think.,117,#catlife,FALSE,08-08-2024,Android,fr,4054,315,294,0.0554
f14277a6-4420-4bbf-a33c-9c54f5ec5529,088d8e54-2c69-405e-ba62-01d9edefc129,jonesheather,Other,49,4950,690,24-02-2024,FALSE,Istanbul,Photography,Account already follow down why vote than send production with remain performance wait effect think art. Necessary fact cut mission.,132,#photooftheday #travelphotography,FALSE,20-02-2025,iPhone,es,261,38,25,0.0655
40bb4b20-5ff9-44da-ac46-b31f4e855a00,e94debf4-0c01-4823-99d2-580577510ed3,wilsonkelsey,Male,51,70216,1169,25-09-2016,FALSE,Izmir,Pets,Know as watch suddenly agency hit prove individual explain garden contain he official book respond discussion than amount who. Actually travel would pay.,153,#petlover #catlife #adoptdontshop,FALSE,02-02-2025,Tablet,tr,3460,466,292,0.0601
e59db5b8-52b0-41d1-8290-62ecd9169ac0,de8c53e8-7824-4dbe-bc57-c27c082f4ca2,nicole52,Female,43,10765,7850,10-03-2018,FALSE,Ankara,Travel,Imagine wonder production pay fire three of fly film almost wall high front my system by. Discussion technology want check at.,126,#travelgram #wanderlust #vacationvibes,TRUE,19-09-2024,iPhone,tr,510,26,14,0.0511
d14dcdc8-9d0b-4376-a72d-c831a171a68a,907c9649-5a25-42cb-9294-51b228b4359d,jamesjohnson,Female,52,72515,9117,03-06-2016,FALSE,Berlin,Education,Research boy consider big available turn report time born participant. Agree hold speech create oil personal guy we.,116,#learning #edtech,TRUE,20-09-2024,Tablet,fr,3555,387,305,0.0586
1951bcd7-51dd-429a-9fa7-324b2fcbd972,37d5fbce-48cc-4dc8-92b4-c0e460246027,smay,Female,48,9987,603,23-08-2023,FALSE,Paris,Food,Need wall image total century system structure reality skin energy plan available class share book. Five seat cover different every.,132,#instafood #yum #foodie,TRUE,04-09-2024,iPhone,es,489,60,7,0.0557
9c159f69-0db9-4bc8-ab05-ac0dd8e91ae5,f99b6c83-2938-4ef6-97be-6a70fbd282a9,deleonkimberly,Other,59,90517,4450,18-08-2015,FALSE,Madrid,Pets,Week about place discover possible least hotel else certain these dog actually social federal with management manager store. Top PM movie notice everyone rich ball.,164,#dogsoftwitter #adoptdontshop #catlife,FALSE,28-11-2024,Android,de,4520,372,396,0.0584
6c0b3ce0-30a7-48de-b903-19669f6d20f6,3f9c7a6f-6b6f-4240-9a50-6a3383c8d331,wcochran,Other,16,27875,5114,30-12-2020,FALSE,Bursa,Travel,Front no sport decision us safe recently able charge staff director argue inside walk. Central almost whole certain manager.,124,#wanderlust #travelgram #explore,TRUE,05-04-2024,Tablet,de,1461,120,54,0.0587
db9903c9-62bc-4d73-aee8-f09302e1e85c,ce95d808-3339-4399-8fb9-955a253149fc,philliphayden,Male,41,44927,9886,23-05-2017,FALSE,New York,Books,Sell section mention state film themselves benefit government step. One finally go tell whole dream clearly.,108,#readmore,TRUE,27-01-2025,Tablet,tr,2233,218,173,0.0584
127e2abb-83a3-416f-8376-0b8198b668a8,ee146425-add3-4b71-a616-e852297f3411,juliephillips,Male,29,22759,3207,23-02-2016,FALSE,Paris,Books,Size window effect race daughter mission test. Catch put others left develop.,77,#readmore #bookworm #reading #literature,FALSE,07-03-2025,Web,es,1161,61,67,0.0566
ca3a745a-87c2-444a-b65b-724fed515f88,cefcc411-3b27-4562-bcd0-891f3f8a0440,ann18,Male,37,53417,1507,31-08-2016,FALSE,Berlin,Health,Act indicate letter rest pretty they account chair game pay student anyone head instead military above teacher during song too part issue game fine. Billion do dinner.,167,#mentalhealth #wellness #healthtips #fitlife,TRUE,07-10-2024,Android,tr,2710,198,78,0.0559
a6471cab-1158-4d3f-b880-097c1e92688f,18162912-7bee-4161-88f8-cf4931f2ec84,vknight,Male,57,19186,8743,18-11-2023,FALSE,Istanbul,Fashion,Region article answer lose national resource read very accept clear move any remember pay course. Threat whole example purpose foreign my or.,141,#style #lookbook,FALSE,15-11-2024,Web,de,970,126,57,0.0601
4cdf1d9a-3058-4fc6-bff8-8df375fc6686,c11c9b4d-c229-4db5-911a-4ca1f683c2c9,hendersonjames,Female,30,20500,7159,17-08-2018,FALSE,Madrid,Health,Thing hard throw expert little seek data mention policy than whom. Ask rule eye believe whether.,96,#wellness #fitlife #healthtips,FALSE,10-08-2024,Tablet,en,976,135,92,0.0587
39443a2e-521a-4889-a55f-ba831e9dd450,2d82c692-ab3b-4d9e-9f11-490e46c6d6bd,susanrobinson,Female,56,50461,3784,14-02-2016,TRUE,Bursa,Fitness,Shake either cup person price marriage shoulder indeed I school research seem summer key generation across. Fall food few relate act herself.,141,#gymtime #workout,TRUE,05-03-2025,Web,fr,2539,276,202,0.0598
0d8da795-3074-407d-b39a-88265181454f,a722f3f7-5413-4334-a858-fbc7803ba15d,vaguirre,Male,49,27476,3614,25-01-2016,FALSE,London,Music,Cause cell form since young probably small recognize stuff again. Responsibility environmental create catch rest tend.,118,#vibes #musiclover #playlist,FALSE,18-11-2024,Tablet,fr,1402,139,20,0.0568
18d37af2-c227-46e2-b76a-0f87c55465ec,1f6119b7-3cad-45cc-aff7-e313c3917902,christina73,Other,50,60754,1262,13-09-2024,FALSE,Antalya,Education,Clearly maybe entire material rule order. Lay spend have trouble while break.,77,#knowledge #edtech #students #learning,FALSE,30-07-2024,iPhone,en,2989,208,291,0.0574
dcb9c781-b7d1-4df9-bf6b-f2c0f28d3779,1d531500-e9f8-4ab0-94ff-95ab8442aaa7,egarza,Other,35,14316,7010,17-02-2018,FALSE,Antalya,Technology,Baby door eight as budget address base why its little someone read true body charge rule visit. Security study effect however watch picture need.,145,#tech #gadgets,FALSE,12-01-2025,Tablet,tr,724,76,41,0.0587
4952da9e-7e71-4257-adbe-e85b11f7a280,421f0935-ed4e-4a9c-b3bc-05ad36e3d348,vflores,Male,32,63272,1156,13-12-2019,FALSE,Bursa,Health,Road everybody foot mother one response government couple. Claim what voice Congress gun truth.,95,#wellness,TRUE,19-01-2025,Tablet,es,3232,243,235,0.0586
49276466-8ba6-4ae5-b0de-6d1fcafd8a00,d1bf18fc-f32b-405e-bfe2-8805038eb30a,john88,Female,26,76856,9150,05-04-2022,FALSE,Izmir,Memes,Possible dog ever guy painting down fill owner set sea allow kid. Wish anyone her them while authority.,103,#memeoftheday #relatable,TRUE,24-09-2024,Tablet,es,3783,501,311,0.0598
c7949bbe-a02c-4ccf-b2c0-41163193d92d,ce545aa8-ba79-42ee-909a-750726c526f0,clinejasmine,Female,23,10261,8757,12-12-2024,FALSE,New York,Fashion,Agent after job evidence pay on attack but back character role statement couple start former small along organization scientist road next speak board. Necessary stop result eye.,177,#lookbook #fashionista #ootd,FALSE,17-11-2024,Web,fr,537,45,46,0.0612
a6a643c2-186b-43ca-b7de-ab47b27bc10c,e94debf4-0c01-4823-99d2-580577510ed3,wilsonkelsey,Male,51,70216,1169,25-09-2016,FALSE,Izmir,Books,Name shake call home heavy sort growth around situation could. As why national owner right market itself.,105,#bookworm #readmore #reading,FALSE,01-10-2024,iPhone,de,3499,412,291,0.0598
803cb55e-8a3e-44de-9dc5-da8bf0dfbfc8,4a0e8de8-4d02-4dc9-9835-26d8e66ad9f6,hernandezpamela,Female,56,3251,7878,11-08-2017,FALSE,Bursa,Photography,Take risk land decade serve garden according hour affect half see before card. Lawyer she involve test assume foot tend treat.,126,#travelphotography #snapshot,TRUE,09-10-2024,Web,fr,147,20,1,0.0517
b14f3b0b-5f7b-46d7-8287-0e28d6023a2f,b0ec9a35-c370-450c-9426-dd979bd071a0,vanessacaldwell,Other,32,3154,5603,15-04-2024,FALSE,Bursa,Finance,Listen shoulder religious accept collection force certain notice here resource start. Wish owner long find relationship table peace.,132,#crypto,TRUE,19-02-2025,iPhone,fr,139,13,7,0.0504
5693a40b-cf25-4d33-a55e-4f6f8bc278e4,59556750-7443-4f80-9f65-fbd16fc41831,mjohnson,Other,21,10422,3844,25-05-2016,FALSE,Izmir,Food,Whole early almost drop song moment Republican short computer. Political choice degree clear similar himself.,109,#yum #homecooking #foodie #instafood,FALSE,01-07-2024,Web,en,502,45,13,0.0537
738aca41-c1e1-4001-91d5-7d1532cf4841,e7581fd9-8df3-4b88-a18d-f006616de846,pbradford,Other,38,80963,4710,02-10-2023,FALSE,Istanbul,Politics,Put just no culture stage fire arm address represent middle already law. Indicate include plan short.,101,#news #politics #worldnews,FALSE,29-09-2024,Web,fr,3896,265,271,0.0547
08f8026f-31b1-401e-9562-8596c15ec5d6,90beb971-f108-4f3c-b273-466ec7120b5a,qatkinson,Other,52,24365,1751,26-04-2021,FALSE,Istanbul,Music,Point usually big give yourself rise between those tonight weight hotel sort approach rise campaign. Forward voice skin analysis type future paper successful.,158,#playlist #vibes #nowplaying #musiclover,FALSE,29-11-2024,iPhone,es,1282,69,19,0.0562
8725aaaf-e455-499b-8140-7601e7c6214c,16ef5e27-353e-45dc-8d30-9c92be4c41be,dbarnett,Male,36,43941,4315,07-05-2019,FALSE,Antalya,Health,Interview best position pattern through would certain address example agency although huge technology bring realize seek. No of finally those order young.,154,#wellness #mentalhealth,FALSE,15-04-2024,iPhone,tr,2215,199,147,0.0583
cb67a3f9-13f3-498f-80bd-0414551707dd,037abf4e-75e8-4138-a0ef-11ea0477315b,bobbyvargas,Male,32,13190,7754,03-08-2020,FALSE,Istanbul,Food,Once writer television hotel when guess great sea clearly start ability second. Lose action might under.,104,#instafood,TRUE,14-09-2024,Android,tr,645,71,27,0.0563
7e2e3313-ac84-4702-a2c0-250dfa8847c2,ac531a67-39bc-41ae-939a-81232b95c2d5,brandi19,Male,29,96083,6680,21-10-2022,FALSE,Madrid,Pets,Mrs girl the perform low according month follow lead order. Bring page wife economy himself conference customer.,112,#catlife #dogsoftwitter,FALSE,31-08-2024,Android,tr,4814,456,121,0.0561
ec9f613c-a84f-4137-9307-297b12b4db9c,0b08cc0d-b968-4dcd-a87d-6337cb5b985f,cainjordan,Female,22,22695,1817,05-01-2016,FALSE,London,Books,Through later animal single put region talk season worry leave threat face. Idea half find particularly image nothing election.,127,#reading #readmore,FALSE,10-07-2024,iPhone,fr,1171,113,39,0.0583
250711c1-6ecd-4075-907d-3197235a6cbd,e3c609a1-0e45-4479-b861-b5a29caed552,ppatel,Female,55,34253,6479,09-12-2022,FALSE,Bursa,Photography,Personal our carry every senior agreement animal American his arrive goal assume game then window father price improve need. Product bad rock require look guy defense.,167,#photooftheday #dslr #snapshot #travelphotography,TRUE,17-08-2024,iPhone,en,1685,242,111,0.0595
bcc157b7-6f2e-4589-92cc-e55318e5325f,7e5caf73-290e-405a-a19f-e042df9d4a6e,nstafford,Other,55,45948,9061,04-05-2021,FALSE,London,Politics,Season relate professor big mention get since foreign trade follow vote name hit manage. Pressure house down smile child.,121,#politics #news #election2024 #worldnews,TRUE,18-11-2024,iPhone,tr,2260,316,147,0.0593
93db50fe-2010-40cb-a4ec-1377a41a3a39,67096b61-3272-4d4b-91f1-8728e4b25741,fordkathryn,Male,27,98046,5313,11-01-2024,FALSE,Madrid,Pets,Gas medical admit think positive give long pass such management total else cause other west. Mission office also table director all.,132,#catlife #dogsoftwitter #petlover,TRUE,19-10-2024,Web,tr,4806,485,416,0.0582
e4630169-ff4e-4f63-a6ed-021e21468914,e7ba25b2-b41e-460d-b3ad-19f162aae472,brownamy,Female,32,10182,4090,25-10-2023,FALSE,Madrid,Memes,Trial man might but same agency wall think issue race century positive whether idea news practice child top follow buy voice hold technology. Partner term effort most PM.,170,#memeoftheday #relatable,TRUE,13-12-2024,Android,tr,491,41,35,0.0557
14ba2da7-fd6e-4f94-89e4-bb562fa23208,e3077ee3-80e0-47e6-8790-d8e65c7cb9e4,natalie54,Male,33,20107,1304,07-01-2016,FALSE,London,Health,Already common against team herself politics race PM person choice under address foot. Social my former.,104,#fitlife #mentalhealth #healthtips #wellness,TRUE,14-12-2024,Web,es,971,115,85,0.0582
a1fac789-1579-4d77-ab7f-e49a4effae4e,9906f04e-0d69-43bc-92cc-3c2fc1bc77c3,crystal65,Other,24,82696,768,11-12-2020,FALSE,New York,Books,Season stop black tax suggest animal lawyer inside detail president according side pattern fund indicate happen well admit another scene do walk act. Throughout themselves half month agreement.,193,#reading #literature,FALSE,29-09-2024,Tablet,en,4005,581,225,0.0582
f552e828-e8ca-4a35-89c7-c567469ea2c3,a7461cdd-d258-4c9f-9c34-3b715a37de71,douglas76,Male,21,94912,8322,05-06-2024,FALSE,Berlin,Food,School nothing offer ever space little shake attorney onto. Police wrong same reach.,84,#foodie #yum,FALSE,31-05-2024,Android,fr,4675,411,302,0.0568
e923d0e8-a24b-4273-a79d-f2b74ba47ca2,444f01ee-40e9-431f-89b1-bb9e5a49c5c2,nguyencorey,Other,56,65022,8646,27-03-2022,FALSE,Madrid,Photography,Thousand drop then run lead let open degree join road produce style information then. Say him seek policy message.,114,#travelphotography,TRUE,12-02-2025,Tablet,de,3300,482,199,0.0612
31b6ad75-d4db-4cad-a993-08392c6507ba,9aa32575-27c4-420a-8ba6-8453903ebbf2,mjones,Male,49,23607,802,15-05-2023,FALSE,Ankara,Books,Develop eight could room cut director everyone top there yourself usually world fire while article professor beautiful same bed identify. Subject chance area address thus serious fish amount.,191,#readmore #bookworm,FALSE,28-02-2025,Android,en,1186,124,35,0.057
5f17e720-4cd9-424a-8e79-0165b1b2fe8a,e652cfb7-81a5-4a54-af70-5e1aafd471e2,elizabeth65,Other,40,40677,5431,31-05-2022,FALSE,New York,Health,Not tend can article word long stock produce. Whether degree how despite strategy.,82,#wellness #mentalhealth,FALSE,16-04-2024,Web,es,2055,152,76,0.0561
ae5f0ad3-f8a6-4178-83d8-ec08e4eb2955,4fbb684f-271a-494d-bef8-f229ff3e4e69,amy50,Female,18,9547,7197,27-12-2021,TRUE,Ankara,Education,Mean else best ahead treatment low teacher type reveal part. Require give upon rise message.,92,#learning #knowledge #edtech,TRUE,12-08-2024,Web,es,451,45,16,0.0536
96c5cd3b-f81e-4bf7-9445-c9c3b7ed3445,88bf8b27-2566-42ad-a672-8567bf9f78da,jeffrey28,Other,33,89453,5623,12-08-2023,FALSE,Paris,Music,Speak my contain pick someone check left then bring leave chance behind protect leg lot. Animal such data model travel.,119,#vibes #musiclover #nowplaying #playlist,FALSE,26-08-2024,Tablet,de,4446,375,401,0.0584
1d8df1aa-9f60-44d1-bc6c-57f2c56c3d0d,b31cc9ab-8add-4451-9813-6fb41fd19b8b,mclaughlinkeith,Female,55,52651,2163,24-12-2022,FALSE,New York,Books,Election sit member stage seek stay letter. Save mission wonder six center phone generation.,92,#bookworm #literature #reading #readmore,FALSE,09-07-2024,Web,fr,2738,387,66,0.0606
880ae552-f0a3-4378-96f0-c700d62bbecd,a1c71d24-8f02-48d9-911c-4e1310b5ae8d,jaredmcmahon,Female,55,8753,5219,21-06-2019,FALSE,Madrid,Gaming,Sure beautiful yet own good white suffer degree himself seem opportunity mind. Issue so wait financial.,103,#esports #twitch #gaming #gamerlife,TRUE,26-03-2024,Tablet,es,472,56,43,0.0652
892e8ac3-89ee-4549-9aa9-1b913bdd7b4a,02341c5a-1ba8-45f4-8906-76704609da73,guerreroanthony,Female,18,55390,5740,18-02-2021,FALSE,Madrid,Memes,Good partner top include box message mission word newspaper. Result voice budget best.,86,#funny,FALSE,19-02-2025,iPhone,de,2837,297,153,0.0593
13f4824b-9c3d-4c67-b664-9bd493123c64,c4f17b1d-f38d-4735-b4af-3a693a48ea94,jonesjames,Female,37,9991,6224,15-04-2019,FALSE,Antalya,Food,Commercial lay outside radio from still indicate type another forget including part bad pretty research body. Data drug force part protect task.,144,#yum,TRUE,03-11-2024,Android,es,496,54,45,0.0596
d404ee7a-fd77-44e3-8db3-c663056df469,1ce740c0-d022-4514-a15a-f0f5d3133302,ncarroll,Male,34,17377,6574,23-03-2021,FALSE,London,Pets,Phone term point opportunity generation loss information appear green number in claim by commercial owner successful win buy tough need others fly. Often hour around brother.,174,#catlife #adoptdontshop #dogsoftwitter,FALSE,29-09-2024,Web,tr,898,122,52,0.0617
61368a94-d9f8-4f8c-9870-bcd577557a47,ed48a407-bab9-4476-8829-05c204035b11,lopezvincent,Other,40,82963,2634,03-01-2023,TRUE,Madrid,Fashion,Red feel song important difference discussion evening management police can low full. Painting trade soon next speech bed security.,131,#fashionista,TRUE,27-05-2024,Web,es,4153,603,264,0.0605
2d2adce6-5baf-47f1-8606-eae24dc1d345,ff8dfe4a-6457-47eb-8824-bd39b7251dfa,underwoodjames,Other,51,84781,8241,08-02-2018,TRUE,Izmir,Books,Side figure north bill ability officer wall player audience necessary. Enter public enter those turn.,101,#reading #literature #bookworm #readmore,FALSE,30-05-2024,iPhone,fr,4209,517,185,0.0579
35ed303e-a749-4e5f-a769-30382768a221,643b139b-bab7-44e9-a782-967cd56a794c,shelly20,Other,24,45782,8542,12-08-2017,FALSE,London,Books,Anyone people artist stock pattern morning arrive ask once name. Soldier drop meeting set that produce.,103,#literature #bookworm,TRUE,09-06-2024,Tablet,fr,2287,255,176,0.0594
de770eef-4e88-4a5e-9c23-c277494a478a,99ae5018-3d92-4a06-a0ea-b3e70ca3a61d,swilliams,Other,33,3299,3131,23-11-2015,FALSE,Madrid,Art,Serious management case white create company site send between trouble. Artist skill situation talk.,100,#artistsoninstagram #artlife #creativity #digitalart,FALSE,07-04-2024,Web,de,162,8,9,0.0543
992736fa-cfc9-4b63-aeb4-7691dcda7592,7deea7d9-1547-4297-9ae8-1b295155377d,donald51,Male,27,42485,5530,15-02-2022,FALSE,Bursa,Gaming,Professor reach bank its listen either part fact tend reduce show. Official man wish.,85,#esports #gamerlife #twitch #gaming,FALSE,13-06-2024,Android,fr,2131,247,95,0.0582
5d70e8e6-fe20-4296-af47-b398ea366e34,eb947170-2bcc-4d73-979a-7523691dd09c,benjaminrussell,Other,58,45464,9324,22-10-2015,FALSE,Izmir,Technology,Hear whatever action hold generation her thought statement thing our walk public health citizen speak single community issue prove serious. Later similar likely also laugh.,172,#gadgets #tech,TRUE,22-10-2024,Android,tr,2235,158,75,0.0543
69ca068d-976e-44a4-9762-40a537c3a878,2ac7ad86-14aa-46a6-bdb1-a79e78fe1fe3,dprice,Female,32,1131,4979,11-08-2019,FALSE,Bursa,Travel,Sign player report watch moment peace after finally you understand month else safe strategy hundred though everyone whole account ok. Election generation certainly finally central anyone.,187,#explore,FALSE,06-01-2025,Android,en,62,3,2,0.0592
83dfc81e-c879-4c38-8471-2b36db49e68c,794cc15d-3c4a-4cbf-9c6f-d73b37505592,schmidtjames,Female,60,89842,7890,27-02-2021,FALSE,Izmir,Music,Main director goal growth myself painting difficult number thought once right easy than decade quality own ability. Risk face your fly as.,138,#vibes,FALSE,24-02-2025,iPhone,tr,4512,549,349,0.0602
fa60c2f6-fc3c-4cc9-b2f0-bf3dc529bace,d099da1b-693b-4045-9ca4-adb8071a24f2,ygrimes,Female,36,59163,3666,05-08-2017,FALSE,New York,Food,Establish music market recent I popular positive think various city. Discuss management politics third his.,107,#homecooking #foodie,FALSE,11-05-2024,Android,tr,3082,224,132,0.0581
702aed41-357b-4306-a2d3-e47c2181a5da,e01ce274-9238-409b-8b8c-f547c00e7258,ocrawford,Female,33,56794,2044,04-07-2017,FALSE,Madrid,Health,Far yourself good entire suffer mouth good future. Rest purpose water final.,76,#fitlife,TRUE,13-03-2025,iPhone,en,2811,284,236,0.0587
c28bc33c-b567-4cb1-ba3e-e371380eee06,78e5b660-1b83-4211-ad21-dbdd76d9c291,wmiller,Female,50,14349,1346,20-10-2022,FALSE,Bursa,Fashion,Enter bed toward spring particularly prevent small manage budget never administration memory leg bag. Stop reflect anything outside shake.,138,#fashionista #lookbook #ootd #style,FALSE,08-11-2024,Android,tr,720,66,70,0.0597
4c8fae4f-b734-47e0-b4a9-8643b8e8ce55,d6d2bb42-75f2-431a-bacf-3f80cba3ec9c,uwhitney,Male,18,62040,334,05-06-2021,FALSE,Antalya,Art,Begin allow image management owner paper whom civil term pretty owner control be enter yes send. Paper south ago build health bit structure.,140,#creativity #digitalart #artistsoninstagram #artlife,FALSE,11-11-2024,Tablet,fr,3169,422,192,0.061
b3ec3013-f4ee-4288-88ce-8e7f79ecd818,14d0a90e-ea93-4c3f-bc7a-1524dd62d4de,sara06,Female,43,34395,926,14-02-2022,FALSE,Bursa,Health,Never sell television spring opportunity law indeed party great gas. Discussion finally total rather painting.,110,#wellness #fitlife #healthtips #mentalhealth,FALSE,20-11-2024,iPhone,tr,1703,157,159,0.0587
80821a94-8c72-4fa5-ad4b-86c87c17616e,b19c4d97-df8a-42c2-bb4c-0a57c88d9298,oblake,Other,37,72659,2012,10-02-2024,FALSE,Istanbul,Books,Card fund star produce pull image card medical rich face fall no size small much car seven. Away police hold.,109,#readmore,FALSE,18-07-2024,iPhone,es,3660,188,122,0.0546
b458d55d-415c-4a9c-be32-88acadbe6328,7427e066-b62d-4ef5-9be6-3d5e10b1c87a,riceamber,Other,20,18032,7407,16-09-2024,FALSE,Berlin,Food,Report performance create street could factor purpose hit possible card base question improve owner assume study challenge capital force. Memory hard direction necessary effort born realize.,190,#yum #homecooking,FALSE,09-06-2024,Tablet,de,927,111,62,0.061
d2887c4a-b713-410f-a90b-2f5b24571c07,df1d73d9-8abc-41cf-af03-e2c01047ec40,xserrano,Other,18,65821,5196,20-01-2022,FALSE,Istanbul,Photography,Knowledge section image share father wife. Five affect his along write imagine smile.,85,#photooftheday #travelphotography #snapshot,FALSE,11-03-2025,Tablet,es,3311,220,61,0.0546
0bd8c39f-6c7a-4cf6-aded-b838141a8dae,4e070b8c-66ef-43ca-9a8a-27281bc3115e,mccarthymichael,Male,45,26848,1531,20-03-2024,FALSE,Istanbul,Art,Admit near hear future image onto owner record family entire reflect should after operation. Allow rock industry show.,118,#artlife #artistsoninstagram #digitalart #creativity,FALSE,26-10-2024,Web,en,1288,111,121,0.0566
aab182c0-d686-4b98-932e-0a405adfd88e,814aede9-5bed-4d50-a7bb-1daa54d5c4ec,alan44,Male,48,79290,2677,10-02-2021,TRUE,Paris,Fashion,Would how painting food official glass talk really tax big building white. Ability democratic drug value.,105,#fashionista #ootd,TRUE,14-11-2024,iPhone,fr,3931,567,302,0.0605
37b776c9-feff-402a-9f3b-3d0d31c678f4,b6687a81-197e-4c07-acdc-e34ab9cdceec,uwilliams,Female,44,84702,8884,23-07-2021,FALSE,Izmir,Health,Score argue officer fly strong wrong Republican decide early customer your plant light model send memory late eight ago. Culture wall general into back.,152,#wellness #mentalhealth #fitlife #healthtips,FALSE,12-09-2024,iPhone,tr,4165,332,290,0.0565
dcbc6ddc-9a45-4e9c-aaa8-698e9cf1c62e,68a1234f-f013-451f-88ea-082c62ccebd7,sarah31,Female,44,2711,5891,25-11-2023,FALSE,London,Art,Statement run ground certainly front base onto teach friend rise lose rock require room door later who serve believe your. Far teacher program music sport treat leg.,165,#artlife #creativity #digitalart,FALSE,12-01-2025,iPhone,en,133,16,6,0.0572
63fa65e6-42f0-488d-a6f1-8720d317d080,6d3797b2-9529-4551-a28a-1fe1f6666120,xjoseph,Female,26,60206,5679,07-05-2018,FALSE,Antalya,Fashion,Save expect enough leg purpose represent particularly ask wife produce evidence both hope past benefit have member future security power. Away camera public tell.,162,#fashionista #lookbook #ootd,TRUE,09-01-2025,Tablet,es,3023,327,55,0.0566
8c3c3796-cf3b-41fb-8516-f6ec523d2fae,90819848-bcf7-440a-9545-2a387d8380d3,wdavis,Female,48,21794,6343,18-03-2022,FALSE,Paris,Music,My finally audience party born body support material receive the president woman foot prove pretty still choice approach push. Ground population partner former maybe reason since.,179,#musiclover #vibes #nowplaying #playlist,TRUE,05-12-2024,Android,tr,1096,60,19,0.0539
a722ff56-04e7-4354-96b7-893b2b408a5e,e398962b-4a0d-4af0-a0b7-085d9fe9214a,qreyes,Other,51,87493,3932,21-08-2024,FALSE,Madrid,Fashion,Those safe necessary same detail bed fall second. Chance end medical million.,77,#lookbook #style #fashionista,FALSE,02-07-2024,Web,de,4501,449,289,0.0599
2043a9dc-1372-4e18-8432-9b54f50bef30,5fc9d1d4-d7b3-48fd-9d22-f69259f1fc5c,sharonbishop,Other,22,65388,5434,09-11-2015,TRUE,Ankara,Education,Exist every force southern word security heart anything hope sort write political and money manage character plant hit such open. Travel rule feeling none more.,160,#learning #knowledge #students,FALSE,06-08-2024,Web,de,3301,309,212,0.0585
3c9e0374-0093-44fe-8008-99a5f12de090,0a324b72-9be9-41dd-b5cb-c516e9d48eb4,wmills,Female,32,91530,1564,05-12-2020,FALSE,London,Food,Chance American visit PM return too green small here budget throughout mention lose great eight enter thousand. Court usually grow wide trip might hotel several.,161,#yum,TRUE,22-04-2024,Android,tr,4542,392,128,0.0553
a4bfc599-fb67-4db9-947a-248b1d4ca136,821964cd-f7b3-45ed-ac08-ccfbcd54f95e,gwade,Male,32,14960,5518,08-07-2023,FALSE,Ankara,Education,Education else shake as young air grow kid discussion street whom clearly cup. Generation letter some there.,108,#students #edtech #learning,TRUE,24-05-2024,Tablet,de,798,105,30,0.0624
35d1763f-3767-4ba3-a145-13c89c89b2b0,4fbb684f-271a-494d-bef8-f229ff3e4e69,amy50,Female,18,9547,7197,27-12-2021,TRUE,Ankara,Travel,Role different great performance energy relate investment six site use because still sometimes threat move individual. Me character a.,134,#wanderlust,TRUE,21-05-2024,Web,de,478,68,19,0.0592
1e28973e-b9d4-4636-a44e-086f95c74e41,a60c98ed-0e4d-409a-a5ae-5ac584b13408,jmurray,Male,26,93739,1130,09-09-2017,FALSE,Bursa,Travel,Know home perhaps think show manage perhaps kid beyond beat any. Money explain key charge leave type.,101,#explore #vacationvibes #travelgram #wanderlust,TRUE,04-11-2024,Web,tr,4584,234,120,0.0527
8911bd09-c2f9-4bcc-8394-c25061aefc41,22dd92d2-78a1-4b96-836c-d30ddeefb03f,cstevens,Female,22,81307,7364,24-03-2018,FALSE,Ankara,Gaming,Property word many keep black. Performance another only situation.,66,#twitch,FALSE,10-11-2024,iPhone,en,4069,220,88,0.0538
e24573ce-a900-4b52-9ca8-04b44da83573,8df1193d-c7bb-4a4c-bfb7-69f42f12421b,christopher34,Female,56,19448,6309,06-12-2018,FALSE,London,Photography,Major method owner himself natural face tend. Billion modern everyone as national federal.,90,#travelphotography,TRUE,08-10-2024,iPhone,de,894,100,35,0.0529
7e657e33-ad71-4071-87d7-11dbd4cb3c74,72b879c3-d652-4861-b5e1-5758af2dac32,renee57,Male,28,36331,1896,10-06-2024,FALSE,Madrid,Technology,Recognize alone mother phone huge perform. Exist far chance claim.,66,#future #gadgets #tech,TRUE,12-07-2024,Tablet,en,1848,136,121,0.0579
fcb3996a-64ef-4981-9a80-09d20784ef00,20872195-2f21-475d-ba46-e686c2f83b46,amydickson,Female,39,92867,9706,29-09-2021,FALSE,Ankara,Travel,Fact require do attorney letter them ago behavior among because charge. Send price more herself.,96,#explore #wanderlust #travelgram #vacationvibes,TRUE,25-09-2024,Web,de,4660,573,222,0.0587
36278e89-d980-4288-baf0-2d4c4cc24579,e9c0b0d8-728d-42a2-9382-cb47aae07b5e,gracefarrell,Female,33,52327,1187,25-10-2023,FALSE,Antalya,Fashion,Student level cup everyone opportunity million approach protect of almost dinner both. That range until sometimes quite difference owner.,137,#ootd #fashionista #style #lookbook,TRUE,16-01-2025,iPhone,de,2596,209,245,0.0583
fa2447f5-408a-438b-9e06-e6b92b9d2022,687eb3e8-e3f1-46a3-8c5b-9beb221626c9,hillnicole,Other,49,94621,6699,05-02-2022,FALSE,Izmir,Memes,State church against car interest foreign. Issue man a office industry protect street.,86,#relatable #lol #funny,FALSE,11-06-2024,Tablet,de,4778,507,187,0.0578
92a907cb-f5a5-49db-b30f-b051e7b77f57,a734fd5c-e094-4a2b-8d5b-0744938984b5,wallaceryan,Other,29,9663,8164,10-09-2019,FALSE,London,Fashion,Make subject money expect long dream travel tonight reach road education clear. Figure enough dinner agree or whom agent behind.,128,#ootd,FALSE,28-06-2024,Tablet,en,478,67,33,0.0598
7278ba8b-c512-44cd-8cd2-b99546e0e8a3,c7e1e471-b7bd-4e8c-8a4f-aca85192d13c,patricia12,Other,35,13456,9887,13-10-2017,FALSE,London,Fashion,Real evening seat his item night key imagine several. Various voice issue cost lot send visit.,94,#fashionista #style #lookbook #ootd,TRUE,26-05-2024,Tablet,de,719,66,23,0.06
124742eb-d84e-4831-9508-055b4142bdea,b9ecfd59-b700-4669-b959-768d73609c42,meyersjaime,Other,18,51310,6348,29-09-2021,FALSE,Paris,Travel,Successful interest win yeah standard democratic trade suddenly process involve certain event difference ten. Simply threat buy surface.,136,#explore #vacationvibes,FALSE,19-09-2024,Web,tr,2586,259,26,0.056
17559a54-f792-42a9-a56b-fbc3d301cbad,f23e80f9-a04e-4929-9c11-5010f161dc31,pattondavid,Female,53,76216,6665,04-03-2024,FALSE,Istanbul,Music,Mean the girl off involve quality other floor international lead share blood people middle keep occur. Grow shoulder interest every economy serious tonight.,156,#musiclover,TRUE,25-03-2024,Web,es,3725,490,295,0.0592
e06ce40a-81d0-45a5-a8e1-4cda016b0d81,458a3e83-3b65-4bb7-bfae-32d5030d94d3,traceylittle,Female,22,26106,8280,07-02-2017,FALSE,Bursa,Books,Couple theory eye increase whom face usually however notice financial himself no shoulder generation hear until process. Watch possible until quality away watch interview.,171,#readmore #bookworm,TRUE,06-12-2024,Tablet,fr,1398,121,86,0.0615
e6dfc9c5-6bce-4818-8bc0-8d968517ec62,b04cbb97-fa33-43fe-ae9f-50229bdb068b,patrick04,Other,44,34202,8427,29-03-2018,FALSE,Paris,Fashion,Television picture sign describe hear skill or away care kitchen sign college point far. Media summer guess final find practice center.,135,#style #fashionista #lookbook #ootd,FALSE,06-06-2024,Web,es,1685,85,20,0.0523
ed8552ee-edc8-43e5-bcb4-a35b859df6ed,0a60a593-a4fe-4e3b-b1af-16a518bb483b,julie69,Female,51,69452,238,04-01-2022,FALSE,Ankara,Fitness,Past wall base grow success down close huge culture citizen heavy history possible into person government both something magazine myself doctor. Movement yard perform treat term.,178,#fitlife #healthylifestyle #gymtime,FALSE,19-07-2024,Tablet,fr,3421,475,119,0.0578
1e77812c-c855-4885-adf5-08ba8d41b6c1,47d984ef-02a9-4f37-a6fb-aee136806ad1,eadams,Female,38,25135,7358,23-08-2017,TRUE,Madrid,Memes,Product show detail quickly call involve analysis reduce remain job available much apply something democratic realize town food support with toward brother end expert agreement. Area difficult responsibility standard.,217,#relatable #lol #memeoftheday,TRUE,28-12-2024,iPhone,fr,1216,92,65,0.0546
1f967b95-76b8-4fe4-9069-d0aba12db794,b6046939-952f-4edd-8707-e036949322b4,jamesbuchanan,Female,51,14284,6072,10-06-2021,FALSE,Antalya,Health,Decide trip cut people she deal unit for child explain education a since face opportunity. We prepare positive national bar.,124,#fitlife #healthtips,TRUE,10-03-2025,Web,en,722,78,72,0.061
f4ec0cdc-b276-4b43-812b-cd50db8bd63e,7d12fd6d-b293-404a-860a-98500e685d84,sjones,Female,46,21771,3929,22-04-2017,FALSE,Izmir,Photography,Realize man forward later employee tell happen because sit less election step their law a fight here herself. Easy citizen trip later rest.,139,#travelphotography #dslr #snapshot #photooftheday,FALSE,22-06-2024,Tablet,fr,1077,136,86,0.0597
58a7be2d-ec06-4b97-8919-5fdd852bd9bc,da49ac16-b2c1-44a8-aa9d-c4ac5100be9a,natashabrewer,Female,29,82664,6581,27-05-2020,FALSE,New York,Politics,Allow certain poor discuss do total. Network hair manage including father standard.,83,#news,TRUE,12-08-2024,Android,tr,4101,510,91,0.0569
1c039359-c103-4d5e-b4ed-f3dcdab7dfee,6f35abb2-52ab-4a48-8706-aa45ef9a8e55,nperez,Other,55,53935,2160,14-06-2018,TRUE,Paris,Books,Technology station outside say name matter special condition development pick key simply story collection market stuff history discuss wife tend. Outside yard spend.,165,#literature #bookworm #readmore #reading,FALSE,13-03-2025,Web,tr,2657,309,254,0.0597
15dee3d5-46a3-421b-82df-9f6bbf7ef8db,a89058ed-8543-44fd-94bb-57f2cb455cd4,tammy61,Male,50,3233,5725,25-05-2015,FALSE,Istanbul,Politics,Suffer Congress line herself floor already large treatment member magazine necessary maintain result enjoy see. Reduce cup difference call born.,144,#news #politics #worldnews #election2024,TRUE,24-12-2024,Web,es,170,20,11,0.0622
d45b60ae-2c4d-40c4-864c-fa7764b87444,6597eb99-6532-4fb1-8f11-a4ff85540d6a,smithpaul,Other,35,48156,7124,08-09-2015,FALSE,Ankara,Fashion,Over likely happy identify movement stuff writer environmental seek individual dark. Present produce who.,105,#lookbook #ootd #fashionista,TRUE,22-12-2024,iPhone,es,2332,168,120,0.0544
e373ca3d-0fc1-45e4-8668-ea3bbdeda3c2,96adbcba-b32c-4465-be8c-ddb64f9f2ea6,edward16,Male,37,86677,4773,19-03-2018,FALSE,Berlin,Books,Though end pull right professor us national glass wide share cost worry start exactly lay exist rise instead from involve return human question. May successful energy stop whose fund energy mouth.,196,#readmore,TRUE,04-11-2024,Web,en,4352,480,156,0.0575
4130aa20-6050-4cbc-9a73-8e9368d6c848,1abba019-cb21-4f3f-8c6c-25b181e6502d,usparks,Male,22,12321,9108,24-11-2022,FALSE,London,Art,Risk scientist write offer respond concern business financial let against production thought artist. Impact night prepare cell business outside.,144,#artistsoninstagram #artlife,TRUE,29-10-2024,Tablet,de,646,91,38,0.0629
a5cae5be-db82-43fe-8d87-96640d14dc2b,a1894a53-3e77-4269-94df-9037c7ef6041,aliciajackson,Male,20,97500,2221,16-09-2017,FALSE,Istanbul,Politics,Before soon product election may never whom article medical no campaign probably say draw energy skin property which action this girl argue practice information school material. Voice view month edge clear friend chair.,219,#worldnews #politics,FALSE,16-03-2025,Tablet,en,4748,359,402,0.0565
8b48c8b2-37b7-4462-bf0d-eac463be6a80,792cebad-5dec-41b8-bbd0-208cc46776e3,hannah70,Female,21,25959,655,03-08-2017,FALSE,Paris,Health,This head eye possible as husband next ready identify green national check say later. Image adult than beautiful certain audience.,130,#mentalhealth #wellness #healthtips #fitlife,FALSE,29-01-2025,iPhone,en,1386,164,99,0.0635
67a1d31c-4e20-4db3-8126-2c1bd12c9fdc,0b06e487-3da0-45d2-bd56-22b155161a11,ewilson,Female,49,73198,857,22-09-2021,FALSE,Madrid,Pets,Sister husband yard lead direction down again second contain gun but television training. Law week subject if weight easy.,122,#petlover #adoptdontshop #dogsoftwitter,FALSE,14-06-2024,Web,es,3653,319,107,0.0557
1248feea-fa0a-4cdf-aaa2-4ec36c346c73,213895e7-561c-410b-b125-115729e040a7,jtaylor,Other,47,46592,311,01-05-2022,FALSE,London,Pets,Pretty tonight yeah policy product trial. Significant that positive year manager leg.,85,#dogsoftwitter #catlife #petlover #adoptdontshop,TRUE,08-10-2024,Android,es,2363,123,131,0.0562
ce466914-4754-47ca-b34c-c84d5fddac6d,40963fe7-3ab0-4b4a-8288-cad42bde3eff,nicholas33,Other,19,32753,2893,30-10-2022,FALSE,Berlin,Fitness,Success plan government their fish maintain machine movement political total number. Produce finish about campaign common camera.,129,#fitlife,TRUE,12-12-2024,Tablet,es,1631,122,136,0.0577
26f7df9a-76d2-40b7-a2c0-f940e8f37db3,9cc6d797-53bb-4f9a-9943-f3d6096aaf62,mccluretyler,Male,56,87774,5304,21-02-2024,FALSE,Ankara,Memes,American thought common write skill appear wear machine. Nation rest at street.,79,#relatable,FALSE,10-12-2024,Web,de,4389,310,303,0.057
0b80485b-ad30-4821-8b07-d111ccb076ef,5bd211a2-9719-486d-8e3a-c0f56af87e51,michael48,Other,24,98426,937,05-02-2024,FALSE,Paris,Education,Career north gas blood dark include attention if TV same community road game street late pressure technology join. Just perhaps trip scientist.,143,#students,TRUE,18-11-2024,Web,fr,4872,571,178,0.0571
1cbf6c61-c5d1-4fad-8d9a-be00f5894471,62d8c3a3-d364-4693-bdd5-47996815cbd4,gonzalezantonio,Other,42,61025,1122,14-12-2023,FALSE,Paris,Politics,Mean with would bar check challenge degree room stay civil parent. Majority reveal skin rate air no want every.,111,#worldnews #election2024 #news,FALSE,12-11-2024,iPhone,de,3094,164,297,0.0583
ec617d13-b8a8-46aa-b02b-dd1384e080aa,cf7a786f-d9b8-437f-91b6-0f676ced10c4,rachel48,Other,26,62598,544,10-12-2023,FALSE,Izmir,Photography,She loss big series amount during yeah. Cover conference soon appear tell often research young.,95,#travelphotography #dslr #photooftheday #snapshot,FALSE,13-11-2024,Tablet,tr,3222,463,145,0.0612
2cfacfd5-7897-45da-ba8e-81fe41f627c9,60dca9b5-3b63-40c2-9709-6d086b08906d,xwilliams,Other,26,13225,3757,20-08-2021,FALSE,Izmir,Photography,Interesting east doctor own total my family. Beat difficult vote clear direction technology positive.,101,#snapshot #travelphotography #dslr #photooftheday,FALSE,10-04-2024,Web,en,666,37,15,0.0543
75277dfc-5fb3-46f8-b3ce-1ac9e8d00c4f,1a43a0bc-1a81-4ce1-a9ea-0ee66a52b46a,gwolfe,Male,58,41431,3471,09-02-2023,FALSE,Izmir,Memes,Notice personal strong market child race reason others represent enough charge create next camera trip drug. Rest base above bit.,129,#memeoftheday #lol,TRUE,03-03-2025,Web,de,2103,286,95,0.06
78fdca37-6838-4844-9874-1868abeddc8f,fb9b05ec-ca86-42c5-b590-a19ce2cb0220,njames,Male,20,92423,1421,11-11-2020,FALSE,Izmir,Finance,Involve may throw address perhaps late fire suffer skin spend blood pretty natural. Serious onto special.,105,#investing #crypto,TRUE,22-03-2024,Android,es,4649,265,138,0.0547
71540690-ecc0-496c-9c7e-ac6d81ab3954,3bffcdae-7edd-4c87-8fe3-3e4485a5d1cb,ashleyharding,Other,39,77898,7480,15-04-2018,FALSE,Madrid,Gaming,Say the fine after skill word name reality. Off special reduce five never.,74,#gamerlife #esports #twitch #gaming,TRUE,23-11-2024,Web,fr,4031,431,124,0.0589
48a3f16d-9eb6-4cb5-87d2-070abfebc3f1,628a2b8c-f0ea-42a8-805f-3edd201f73fe,dhall,Other,26,14412,1357,15-03-2024,FALSE,Paris,Gaming,Put response through lay field nation yourself require within nothing camera north safe story its difficult available. Challenge season together describe friend.,161,#gamerlife #gaming #twitch #esports,TRUE,09-10-2024,iPhone,de,741,45,13,0.0554
60d91264-26ed-4a18-91ff-edf2818ea8d3,5acce39c-c4d0-4b57-bbd7-f07d1ff34341,zcollins,Male,46,71920,6338,11-09-2023,FALSE,Bursa,Education,Book ever here response professor hear figure federal stay believe effect. Establish beat than both issue age.,110,#edtech #students #learning #knowledge,FALSE,30-06-2024,Android,tr,3713,467,250,0.0616
39a4a48a-675e-470e-b8bb-9f46e412603b,ec9dded8-4724-4f3c-922c-933e1c55b1ea,randy47,Male,50,90673,640,05-08-2020,FALSE,London,Finance,Service buy natural most figure second continue subject everything walk. Strong compare grow add develop age situation office.,126,#stockmarket #money #investing #crypto,FALSE,12-03-2025,Android,fr,4423,446,252,0.0565
fa45ba9d-8776-48c6-abde-8565a03ae743,e6a2c240-9d40-4ffc-b6eb-17612a6ba17e,hclarke,Other,31,50396,4388,14-01-2021,FALSE,Paris,Memes,Bad wife record west crime adult reach phone tell answer discuss remember themselves know sing. Family boy reduce break pay.,124,#memeoftheday #funny #relatable,FALSE,25-11-2024,Web,en,2467,368,49,0.0572
860667a0-8fc0-4823-8ef7-47477ba66361,ceabcb66-283c-4277-84fb-b85ee21e050a,whitecharles,Female,43,79976,131,02-02-2023,FALSE,London,Health,Artist trouble range project central medical customer answer like remain now growth mean area check. Western bag buy debate.,124,#mentalhealth #healthtips #fitlife,FALSE,25-03-2024,Web,tr,4070,607,173,0.0606
f5fbb604-b7a4-486b-9b59-28c2ab684385,64dbde68-ba3e-4d68-ac12-2e8f539d0f85,romancatherine,Female,27,41780,5705,19-01-2022,FALSE,New York,Music,Fight black product great law down someone fill actually hotel international term only imagine focus. Heart enough whose begin also level really.,145,#playlist #musiclover,FALSE,12-02-2025,Tablet,de,2154,195,214,0.0613
92b282ba-28d7-40bf-a67a-8fbb1964d38e,e670598a-a28b-48eb-9b7c-dc2a10f6f87d,james64,Male,17,47274,3312,26-12-2023,FALSE,Izmir,Politics,Yeah girl star human weight arrive result sense speak cost church door. True charge lawyer hospital note.,105,#election2024 #news #politics #worldnews,FALSE,04-05-2024,iPhone,fr,2370,192,100,0.0563
30fb4818-d02b-4893-b6b9-9066105a9e17,4baa6f78-f279-4d10-b340-f3aa9d43063e,ryan64,Female,19,32470,3027,15-04-2017,TRUE,Istanbul,Memes,Move race home together drug coach fire Republican enter oil fill sea it born think response. Congress war join today hand.,123,#relatable #lol,TRUE,16-06-2024,Tablet,en,1672,226,102,0.0616
05b05697-d36f-4b66-bbee-7b76733ffcac,7721000b-de22-441a-853c-6da108ee397a,schmittcaroline,Other,58,12349,6987,14-03-2021,FALSE,Istanbul,Technology,Write long save movement present control bit establish eye enough truth whole which tough day number hope. Kid card section training ability health.,148,#innovation,TRUE,03-01-2025,Web,es,592,33,45,0.0543
3938bac0-fe0e-4af1-8a87-35f791155365,4c2f21aa-df9c-457e-827e-b9220b9e8c10,hmoon,Male,36,64586,367,12-10-2021,FALSE,New York,Finance,Project position game environment miss nothing environment who item building area recent character simply challenge it drop. Hard structure first film right.,157,#money #investing,TRUE,05-07-2024,Android,de,3232,261,165,0.0566
cfec27ab-bb5d-4be6-8bdc-3301383b7970,b0184524-0b8a-49ce-a90d-4012ad5bdf9a,wendyburton,Male,27,89577,2897,09-08-2019,FALSE,Ankara,Health,Senior American turn safe truth television room stage power work common clearly out political situation movement model. Financial offer about begin nice similar number.,168,#fitlife,FALSE,26-06-2024,Tablet,es,4551,667,172,0.0602
b281fe46-9cdb-41f3-a97c-740060e75958,efc09d0a-2c62-458d-a5cb-32c6c499b9db,qmitchell,Female,38,92137,4779,29-08-2022,FALSE,New York,Books,Look response design ability approach year skill life environmental few sure country beyond speech. Mrs order computer.,119,#bookworm #reading,TRUE,21-03-2024,Android,fr,4559,374,371,0.0576
1f341fbb-b0eb-4666-be1e-cdaee6ee45e0,46defd64-e898-477b-bc4d-34a9edbdeeb7,richarddonovan,Female,41,10457,7570,23-04-2023,FALSE,Bursa,Memes,Call lay owner establish friend remain difference young can national organization avoid sometimes right very soldier personal recent state gun local pattern Democrat certainly suddenly. Theory explain career hour fire boy.,222,#lol,FALSE,03-09-2024,iPhone,de,500,64,40,0.0578
6278e248-65ab-49fe-bb45-a549ffc3ad02,3da49597-fbdb-4fc5-b613-b217580170a1,kevin10,Male,32,57829,4574,08-08-2024,FALSE,Madrid,Politics,Seven race task big think consider just present full body experience challenge add free civil hospital wish mention treat way scene model knowledge. Push could visit maybe practice bill strong.,193,#politics #worldnews #election2024 #news,TRUE,08-10-2024,iPhone,de,2890,318,260,0.06
f32e2490-174a-435b-ae1d-144858e7ae6e,6cb42d94-f805-471d-b45c-784f8e9d7de4,andrewbrown,Other,49,73878,819,21-07-2018,FALSE,Berlin,Technology,Five they total rest second project strong study say outside often. And participant hit allow instead.,102,#tech,FALSE,21-07-2024,iPhone,tr,3697,304,112,0.0557
68bb1dc5-42ab-4c94-8a84-070f94e57a56,7ab785dc-e2d4-4b2d-8dac-6435d0e545dd,mooneyamy,Other,23,80212,3006,21-01-2024,FALSE,London,Music,Painting boy majority design day each stay because those do discover take miss final attention vote because by kid term energy. Should deal group rather less factor.,165,#musiclover #nowplaying #playlist #vibes,TRUE,17-07-2024,Android,en,4013,410,160,0.0571
d9715a52-f103-4670-96d8-279a2c116b34,ee1c5353-96c8-4922-82ad-1b35fb47c68c,drobinson,Other,51,5213,4440,26-09-2016,FALSE,Ankara,Music,Fill interest again play despite about style growth politics matter us indicate staff position culture coach prevent. Beat really democratic think bed medical activity.,168,#playlist #nowplaying #vibes,TRUE,19-09-2024,Tablet,es,281,41,21,0.0658
ed856f1f-02e9-4ed7-a199-54ed4e9f93c2,7e1e91ed-7552-4f40-8b02-0e803aea7d51,jessica75,Female,47,99893,7803,02-09-2022,FALSE,London,Gaming,Give half rather successful over nation prove minute firm girl scene teacher. Score happen past individual well carry future somebody.,134,#twitch #gamerlife #gaming,FALSE,08-04-2024,Android,fr,5033,352,493,0.0588
2e6ef4d8-2d21-4e9c-b8c0-9ecd3037538b,b86ade24-8b4e-49fc-af9d-97199ef7dce1,benjaminleah,Female,48,41906,2121,15-11-2019,TRUE,London,Photography,Right song difficult near guy with international number likely choose news. Your actually day politics.,103,#dslr #travelphotography #snapshot,TRUE,11-06-2024,iPhone,en,2104,178,151,0.0581
a9f5a45a-1bf4-45cf-bfe0-beea58a147e2,7d9c5ad3-b9ce-4164-9df0-cf50d973af89,samantha91,Male,20,9928,3289,30-06-2017,FALSE,Madrid,Food,Mean air common during beyond sound they should artist put run show would leave policy role we may. Method themselves option national one long evidence.,152,#foodie,TRUE,12-04-2024,Android,en,490,70,7,0.0571
b62f1080-bb6c-40e3-86ec-69bfd22be47b,5e5b8d12-d774-4664-a1dc-191c40849323,njensen,Other,44,95177,4155,28-04-2018,FALSE,Bursa,Travel,Rate it difference off cultural west owner rather hospital green need president himself military line party sell sometimes. Indicate apply nature important.,156,#wanderlust #travelgram,FALSE,20-01-2025,iPhone,de,4735,443,203,0.0565
4311b5cc-b99f-4daa-afec-9d0244b25103,1d79eb2a-c0ab-4bb6-9bde-badd93d72f41,jorgegonzalez,Other,17,82309,4559,11-03-2021,FALSE,Izmir,Fitness,End central despite talk agency without discuss course. Million federal start feeling chance.,93,#workout #fitlife #gymtime #healthylifestyle,TRUE,24-06-2024,Web,en,4158,346,153,0.0566
3bd349d2-cb04-4372-b786-ff964c892521,cebc179a-6c8e-4e36-b2d5-a2bef35bf903,bestchristopher,Other,53,65594,4480,22-10-2019,FALSE,London,Photography,Successful for size learn more today nothing many up executive center general put catch everybody yet woman. Husband mention measure expert.,140,#travelphotography #snapshot #photooftheday #dslr,FALSE,08-10-2024,Android,tr,3297,301,311,0.0596
bdbf1c2c-5c46-43e5-84de-41a7c53c00cf,f0dcdc61-47f5-4f57-975c-d37721c59568,jameszachary,Female,21,34044,7181,27-01-2016,FALSE,Bursa,Music,Hear case range while process grow up bring service professor accept. Yet century this sing may.,96,#musiclover #playlist #nowplaying #vibes,FALSE,06-05-2024,iPhone,tr,1715,190,149,0.0603
8e699e70-1eef-4c78-a932-874659a0e2a6,fa957845-8b2d-4834-846b-cefc0fc4e8c0,michael77,Other,54,12496,7500,27-10-2017,FALSE,Ankara,Books,Quickly I color professional mind light member north take meeting practice figure fire cup those parent. Assume analysis happen education traditional national clear.,165,#readmore #literature,TRUE,03-09-2024,Web,de,629,94,57,0.0624
b47992f8-9ead-431d-82a8-3c1707a3a197,343ff6da-ba07-4a38-87c8-d484d8655355,tammy99,Male,20,79126,3132,01-02-2019,FALSE,London,Memes,Including stock specific food alone only yard push investment hospital thousand oil trade any court. Activity data thing.,121,#memeoftheday #lol,TRUE,24-11-2024,Tablet,en,3948,503,83,0.0573
b243ba38-a871-4680-9aea-7f39f49324ed,09acd010-7896-45e1-868b-7203665411f8,gateskathy,Other,49,23186,4475,08-09-2021,FALSE,New York,Fashion,Peace standard letter everything every mean north. Arm summer nation it.,72,#fashionista #lookbook #style #ootd,TRUE,06-04-2024,Android,es,1179,120,54,0.0584
4acccf7a-3338-428a-8444-0e3cc583c2e7,b4a81b6a-236e-4afd-8e83-15e805210511,nicholasfields,Other,53,85383,3251,22-09-2016,FALSE,Izmir,Books,Attention someone goal safe relate design world rate music significant great pull business space organization face subject task per themselves. Relate note black different professional how election.,198,#readmore,TRUE,18-05-2024,Tablet,es,4337,223,84,0.0544
2af5a089-5fd6-42ea-b641-f1e884b50c5d,51804120-2ad5-4f77-85ba-f8c9e3c63766,eugenemartinez,Male,40,62315,4240,10-04-2021,FALSE,London,Pets,Pick expert other serve character public conference some red well choose worker offer in audience certain town. Receive protect up measure number sell speak.,157,#dogsoftwitter,FALSE,09-10-2024,iPhone,de,3180,180,189,0.057
bc540708-ca4c-4006-8fe6-f7d4b74a4f93,17212b0a-4b8d-4abc-a9f6-5f4efc1b3302,conniesimmons,Male,49,97157,2908,25-08-2023,FALSE,Berlin,Fitness,Bring region bill those management. Amount friend war pretty tough thing purpose himself.,89,#healthylifestyle,FALSE,29-11-2024,iPhone,de,4844,264,165,0.0543
80a4c9a7-5b83-4840-bd76-f6b68bb33699,0f99960c-43e8-4172-bd56-bb629085f124,pwilliams,Male,46,33165,367,13-04-2017,FALSE,Istanbul,Books,During store environment bed court maybe energy meet between station risk career ready receive. Risk evening official conference.,129,#bookworm #literature,FALSE,22-02-2025,iPhone,es,1654,200,75,0.0582
8cba764d-db49-45c8-a579-f0e1640130f0,21f12c0c-6264-4db2-8c15-32641d150c49,kelly66,Female,19,12281,3904,21-03-2019,FALSE,Antalya,Health,Team visit end across special miss let film apply trip commercial practice after. Sort star these toward we.,108,#wellness,FALSE,03-03-2025,Android,es,648,96,53,0.0649
34d2906b-ee1f-43c1-92e2-a8ff67426fe2,f1106879-ae60-4d10-9da8-ce146593c179,zcarpenter,Female,36,3370,4626,28-12-2021,FALSE,Ankara,Fashion,Tend field sing past relate knowledge school mean. Paper firm behavior.,71,#style #ootd #lookbook #fashionista,TRUE,26-10-2024,iPhone,es,157,20,8,0.0549
37f17490-f021-4fe9-825b-b7026a6d1bd9,c5947eae-2847-4636-8d4c-e5cfd852d18a,samanthagray,Female,57,67497,4959,19-01-2017,FALSE,New York,Memes,Beat section sign deal upon as. Lot room season test.,53,#relatable #memeoftheday #lol,TRUE,04-09-2024,Android,de,3419,224,210,0.0571
3b5545cb-b141-496b-a74d-954e89dc3fe0,525bb140-9ab8-42a5-bac8-016f4a032a92,charper,Male,49,95256,9412,14-10-2023,FALSE,Antalya,Gaming,Age lawyer game radio religious tough build least require catch with program. Central blue television main loss democratic.,123,#esports #gaming #gamerlife,TRUE,04-03-2025,Tablet,en,4929,374,393,0.0598
c2717378-a7a1-4f62-b36c-eaa93986cfea,c57aa7a5-b392-40db-ad9e-6012ef022091,seanwashington,Female,57,91991,6739,14-11-2020,FALSE,Istanbul,Memes,Watch although war school send maybe always design imagine president treat group nearly have behavior nearly game seem. Shoulder eat coach mind force head hard.,160,#funny #lol,TRUE,01-01-2025,Tablet,es,4688,408,287,0.0585
47f93bbe-7d69-4180-b230-3f5662bc176c,4a57459a-1f7a-478e-b534-ea7792ef421c,gdavis,Other,23,31305,5184,20-10-2022,FALSE,London,Fashion,Race pretty off civil skill car help phone ready nice according fast require modern morning. Modern word majority minute center red concern identify.,149,#style #fashionista,FALSE,15-08-2024,Tablet,fr,1534,126,82,0.0556
ed5e5004-639e-4ce4-ae2a-1e476b3a5724,a9c1e3a2-84ff-4a8b-8fdb-16ecd6a33522,lharris,Female,25,66273,3068,25-07-2021,FALSE,Ankara,Art,Budget different say admit whom reflect peace see again parent cup car trade seat change way would total become. Young hotel management compare lose upon discuss.,162,#creativity #artistsoninstagram,FALSE,09-12-2024,iPhone,fr,3208,438,279,0.0592
378da387-ebc9-4710-b1af-477aebd32eb8,fb74cd8b-2509-4568-be76-c651004608e4,wbishop,Other,56,16921,9680,08-11-2022,FALSE,Izmir,Art,Growth camera dog whatever ball least former get occur child build occur. Begin and sure employee vote commercial meet light.,125,#digitalart,FALSE,23-03-2024,iPhone,es,834,121,47,0.0592
db427658-339c-4789-bc36-5dc71229ec62,b2e00f5a-db98-4e02-912a-54127f8246bb,megan11,Female,48,74859,5818,20-04-2019,FALSE,New York,Finance,Leave front raise purpose popular bit show experience top face. Trip cost condition lawyer teacher.,99,#investing,TRUE,15-02-2025,Android,en,3819,320,347,0.0599
26cac9c7-7d3c-4d32-88d4-8379e83bbd00,cd7e4350-c90d-4689-a7c7-f6a3dc5cd591,imay,Female,32,29315,4969,13-05-2017,FALSE,Istanbul,Music,Fast case same yourself clear prepare suddenly financial. Here figure course resource build.,92,#nowplaying #playlist #musiclover #vibes,FALSE,19-02-2025,Web,tr,1428,123,99,0.0563
38b5c90a-2995-45ef-991b-04a46d5e20de,a7ea693d-36a2-4dda-b0ab-f579809637ee,jdawson,Male,57,16496,4383,23-05-2017,FALSE,Berlin,Finance,Trial none seem science physical writer. Left there necessary particularly huge save.,85,#investing #money #stockmarket,TRUE,14-04-2024,iPhone,en,833,57,54,0.0572
3ab4a065-fc65-400c-83c9-f4ce6635ad09,2426cd6d-043e-418c-a714-ed8546b89299,rmartinez,Female,32,90541,1161,08-08-2018,FALSE,New York,Pets,Special thing paper three world ahead war be keep member voice language machine send cause hospital do discussion site well design ok staff. Size begin chance red.,163,#petlover #catlife #dogsoftwitter,FALSE,19-05-2024,iPhone,en,4621,376,357,0.0591
903c358f-4914-4b3c-944b-b4d2265b5738,02a3b024-4f45-48a2-86b2-10628d81b762,andre77,Male,18,70914,9096,30-09-2022,FALSE,Berlin,Gaming,Research resource another system possible to real class she shake minute direction population explain practice apply training health. Concern professor opportunity whole history.,178,#twitch #gaming,FALSE,21-04-2024,Web,es,3629,286,82,0.0564
a96217b9-96c0-4bd0-ba3d-6d92703770c0,ed87d654-2f83-4393-aeca-8af38a1022e7,amandasanchez,Male,54,3625,2968,25-08-2021,FALSE,Berlin,Music,Despite address push feeling technology arm audience in you our truth there all perhaps recent order he court job section statement cultural girl sense. While result cost enter civil artist.,190,#nowplaying #playlist #vibes #musiclover,FALSE,11-06-2024,Android,en,199,13,13,0.0621
85f45520-8d25-4aad-9f87-5dec3c3916a9,27f16d86-b3ae-4f61-be03-98948edba9b4,doneal,Female,47,7415,175,22-01-2024,TRUE,London,Finance,Couple able exactly eye the somebody article describe important. Agent eight though indeed space assume.,104,#investing #crypto,FALSE,14-08-2024,Tablet,en,403,35,37,0.0641
a2459c7b-2d64-4f75-89c0-ca4d447212d9,9e517833-1e35-4c97-ab65-902e16a21bd8,austinharvey,Other,55,13851,1978,26-05-2019,FALSE,Ankara,Books,Two end participant class trouble mission accept agency together keep realize daughter cell campaign four serious. Including drive trade time.,142,#readmore #literature #bookworm,FALSE,01-07-2024,Tablet,en,655,36,8,0.0505
1b4e2a60-7414-400c-84c3-d1f933f46c1e,f1760a38-32d4-4ca0-a896-9bd26189490c,karenyoung,Female,16,59907,7218,13-12-2023,FALSE,Izmir,Books,Number pass news agency agree crime executive. His often of thousand catch do billion.,86,#literature #bookworm #reading,TRUE,30-04-2024,Tablet,fr,3038,272,157,0.0579
58d86496-8ce8-4f6c-846b-e804432666ce,aeceb7d2-58bb-4669-b2ab-a8e46a27c0bc,david86,Female,42,10074,416,14-12-2022,FALSE,Istanbul,Travel,Arrive amount guess language none environmental shake minute rich there approach total wonder. Pick benefit rise.,113,#explore #wanderlust #travelgram,TRUE,20-05-2024,Tablet,es,475,32,23,0.0526
e7a3a52e-595f-4c42-b2ed-89086b655b56,58fd1530-f52e-4258-8925-5db86a9bad38,klee,Male,59,55317,4384,25-08-2015,FALSE,Bursa,Education,Behind debate including few call none explain show happen computer company hold per evening property until. Purpose follow possible western newspaper eight full mention.,169,#students #learning,FALSE,27-02-2025,Android,tr,2741,371,263,0.061
0f20c38f-9cef-4e35-a522-dd41bd374c01,f2498cd0-ed24-4b45-b419-8ed7ff415283,ppalmer,Female,25,27031,1317,24-04-2020,FALSE,Paris,Fitness,Ball popular garden administration near our send tree project less try owner. Far voice activity night.,103,#healthylifestyle #workout #fitlife,FALSE,17-08-2024,Web,de,1367,147,132,0.0609
4f3abb3a-44d4-4afb-bfa7-1a85d1bdccb8,5633fa37-91a7-4b41-a16a-348613eee6a2,david10,Male,51,41718,633,14-10-2017,FALSE,Istanbul,Finance,Simple exactly culture do sense fear under serious marriage. Source participant seek although star spring.,106,#stockmarket #money,TRUE,15-08-2024,Android,fr,2093,253,186,0.0607
025e7fab-a16a-47e6-a24d-48695d54fa10,55c6957c-8acd-4d50-933e-85b9d9d4e592,kimpenny,Female,49,38962,6951,21-06-2021,FALSE,Madrid,Music,Woman above around parent respond eye some military trial somebody garden view network. Owner wait technology.,110,#vibes #playlist #musiclover,FALSE,16-11-2024,Web,de,1969,118,51,0.0549
7191e89d-2124-47e5-9ce4-f67680ea6cda,2e82f5f5-851c-4eda-81be-08e6f5539122,amanda86,Male,19,53629,1446,27-03-2016,FALSE,Bursa,Fitness,Little already defense win happen close help your south adult PM. Friend guess likely unit.,91,#gymtime,TRUE,20-12-2024,iPhone,fr,2652,243,52,0.055
1c0f7f5b-8e12-4227-809d-c10a99f6ed23,9400b91b-fcef-4f67-8ee4-df1386628a57,zperez,Female,51,68685,7963,02-06-2023,FALSE,Izmir,Books,Man weight again seem opportunity newspaper study kind turn travel during laugh. Staff home floor feel share three.,115,#readmore,FALSE,14-02-2025,iPhone,de,3402,254,36,0.0538
a465f19a-afc8-4dca-97e7-0c15d27698e2,709cca52-64fa-40a7-bd08-592526bf4f42,erikanelson,Female,31,91186,6703,22-02-2022,FALSE,Bursa,Gaming,Effort director form civil campaign building almost this pay leader less official financial dream song keep theory red. Bit energy station nearly thank know evening.,165,#esports #twitch #gaming,FALSE,12-12-2024,Tablet,fr,4631,336,155,0.0562
994945be-ad16-4206-b154-4a5fca998c65,e9f9d485-3d69-41de-aabc-198a75cc0c3c,michaelflores,Female,48,83663,9263,22-09-2016,FALSE,Madrid,Politics,Front wish door network strategy common region out culture right lose option film look. Color although still form television which claim.,137,#politics #news #election2024,FALSE,09-09-2024,Web,de,4289,418,235,0.0591
07ceb050-3d8c-400b-9d5b-aa7874a342d7,4baa6f78-f279-4d10-b340-f3aa9d43063e,ryan64,Female,19,32470,3027,15-04-2017,TRUE,Istanbul,Music,Fight best staff American leave real with response beautiful also. Activity lay cell new.,89,#nowplaying #playlist #vibes #musiclover,FALSE,22-10-2024,Web,en,1697,140,53,0.0582
0708a9c0-1325-4d9d-9d2b-65e9eade08e5,92bc84e7-42c1-4f4b-a312-548396904626,fhenderson,Other,43,14142,9891,21-06-2016,FALSE,Ankara,Fitness,Anything word subject crime act mission skill so senior expect dinner. Question family around decision imagine kind themselves.,127,#gymtime #healthylifestyle #workout,FALSE,23-10-2024,Web,en,724,36,33,0.0561
3cd3b548-c107-4a5e-8377-89ff268ca431,a2fdf266-d498-4512-a147-c07c8b8158ce,nhayes,Other,41,35941,8712,05-12-2022,FALSE,London,Photography,Painting he some type computer pressure science very beyond continue speak. Policy health community none.,105,#travelphotography #photooftheday,TRUE,02-12-2024,Web,de,1827,186,159,0.0604
a43c2d1c-e122-4e4c-b2f0-90fbb1473a3c,e16313b8-6c41-46f5-9c2e-da2c49cb13ac,younglori,Female,33,29019,3391,25-09-2024,FALSE,Paris,Fitness,Government traditional expect section little somebody gun result break. Economic animal current whom prepare shoulder.,118,#workout #fitlife #healthylifestyle,TRUE,30-05-2024,Tablet,tr,1473,100,147,0.0593
1b5ab058-7ce7-40b6-9cf6-8a5d89c00c81,0fa5642d-1f45-443c-b4fd-f552e2645678,darleneharper,Male,41,38047,391,31-07-2015,FALSE,Izmir,Travel,Our through system task one traditional like home wrong however town side politics despite from. Century eye citizen huge.,122,#vacationvibes #travelgram,FALSE,04-10-2024,Android,es,1950,250,44,0.059
a33203b4-5857-4283-a8a1-f2215cd278dc,a04a4e21-c1e1-416c-9639-c33e1baa61f3,popemarvin,Male,26,65003,3385,09-01-2019,FALSE,Antalya,Politics,Successful fact end bar glass say until make boy. Dark property sing strategy fish tough.,89,#news,TRUE,18-01-2025,Android,es,3198,191,77,0.0533
8eb798d2-5d9e-4d9d-903e-c84f0aa3f9e6,2039fb65-5069-44e0-97fe-4bdfb60a496f,pbates,Female,28,96044,4866,11-05-2019,FALSE,Izmir,Politics,Take happy real account decide feeling hard simply adult show ten art tree baby base without dark four truth family. Near region Republican evening.,148,#politics #election2024 #worldnews #news,FALSE,21-01-2025,Android,fr,4847,257,320,0.0565
a1438f0d-43ed-4ec4-a116-b8248a253113,28673a01-13f0-4a1e-9d50-2b491ad73249,dlittle,Female,20,93475,1373,24-07-2019,FALSE,Izmir,Education,Cover protect walk debate approach history soldier in guy long best fear phone exist economy everything ten federal treat bit explain natural offer up collection that still. System money once performance wrong senior base.,222,#students,TRUE,16-02-2025,Web,de,4685,353,53,0.0545
b112fdb6-8f78-47fb-b999-669734ab7f9f,1bac75e5-a581-40a5-8438-d37d5baf05bc,james84,Female,60,92316,1973,06-05-2017,FALSE,Antalya,Finance,Someone station experience while American far name type by culture since practice cause certainly activity east view billion director crime. Watch card budget boy these left hit.,178,#stockmarket #money #crypto #investing,TRUE,13-10-2024,Android,es,4698,607,452,0.0624
dae4af36-3428-499d-ab73-899a77dff891,a6a774df-e220-4d07-86bc-7b63a24557c1,ortizrobin,Female,56,76685,6987,08-04-2022,FALSE,Madrid,Pets,Loss somebody cup true choice issue term city although support Democrat. Us different back receive star make family future.,123,#dogsoftwitter #petlover,FALSE,23-05-2024,iPhone,fr,3844,287,246,0.0571
8eb9c77d-1648-42fb-9d98-b48197b88ace,17346907-0580-4512-b29c-aa0bd010f84d,lrodriguez,Male,45,39334,3434,26-09-2015,FALSE,Berlin,Music,Economic late be culture tend. During also mission media.,57,#vibes,FALSE,04-09-2024,iPhone,tr,2025,199,157,0.0605
3d66f697-1d45-4f90-9f62-6e73c4189c74,fd219ec1-e48a-4bb1-9fdb-4123c3dd3043,leonardhayes,Other,55,80592,4076,17-02-2016,FALSE,Madrid,Travel,Begin politics nothing type executive individual reduce kitchen suffer table another important find successful president. Black force organization.,147,#vacationvibes #travelgram #wanderlust #explore,TRUE,11-08-2024,Web,de,3936,414,143,0.0557
6f93a0af-19a9-4a29-8c75-808a79ed14d8,9878bcb9-a019-4edd-873a-82c851d55baf,lauramckay,Female,43,83058,4550,08-07-2023,FALSE,Madrid,Photography,Special father must religious rock represent view. Discover stand low home lead strategy audience.,98,#photooftheday,FALSE,01-03-2025,iPhone,es,4291,476,82,0.0584
08f5d137-4152-4d3a-a9b0-63818d68687d,ad567b2f-c826-4461-bffd-2a11b7737a48,mollyortega,Male,22,38563,949,29-07-2022,FALSE,Izmir,Travel,Ready know mention performance four seven. With win require control open various president which.,97,#travelgram,TRUE,21-01-2025,Tablet,de,1918,222,94,0.0579
ce782ac2-85a8-43ae-90bb-88595825e280,b6cff75c-690b-4b9f-9308-783eade25954,scottwood,Female,25,4001,212,15-09-2018,FALSE,New York,Politics,Series baby window how hair writer cause find family. Throughout discover doctor voice save director evidence.,110,#politics #news #worldnews,TRUE,25-08-2024,Tablet,fr,204,29,15,0.062
fef0eef3-f58f-4fd5-b9be-6f311ce425b0,0a9fa60c-120b-40c6-96cf-85755faf4f20,ghernandez,Female,42,91366,2494,05-08-2017,FALSE,Izmir,Food,Father wonder manage sit beat up end fight. Commercial necessary even offer conference star.,92,#instafood #yum,TRUE,03-04-2024,Android,tr,4471,611,446,0.0605
4a86423a-a527-4786-9b25-eb36f976c734,f2aa13a8-76d5-4fc0-a873-cc3db06fb2b6,vrussell,Female,42,502,1980,20-06-2017,FALSE,London,Technology,Season ball between national wish security college church. Range create necessary law animal matter before.,107,#innovation #future #gadgets #tech,FALSE,19-03-2025,Android,de,30,3,0,0.0657
83d7e4f5-3466-4656-a4b0-1c6368a2316f,27d43ea1-8129-4b8d-b1e0-5991bf6e8cca,tdavis,Other,20,73977,374,19-11-2020,FALSE,Madrid,Politics,That point sometimes movement later across read TV training case her detail change. Rise spend story add.,105,#news #election2024,FALSE,03-02-2025,iPhone,es,3783,398,68,0.0574
64599c29-6454-48a3-a083-e6e3b1e4fb48,b7282a0f-0f85-4209-8277-7621df78ed3c,travis36,Female,21,42273,6058,12-03-2018,FALSE,Antalya,Photography,Fact poor see particular education moment already. Maybe wind gas report accept shake part small.,97,#photooftheday #dslr,TRUE,26-01-2025,Web,es,2064,282,119,0.0583
41c8e803-01da-46ad-b7d8-85d8dd5c57e3,037756d6-7e76-4361-8d4b-98d23bf1462f,andrewperry,Other,22,71136,3179,04-06-2017,TRUE,Istanbul,Memes,Perform serious compare room resource us different stand finish peace old religious. Matter stand state government performance.,127,#lol,TRUE,22-05-2024,iPhone,en,3685,429,311,0.0622
a35f9ba3-2076-4f67-8984-f7bbd8a1741e,960c429a-c937-4350-afb3-821efc441332,vhogan,Other,40,42837,3062,23-09-2017,FALSE,Berlin,Photography,Herself town especially edge simple trip realize somebody especially should turn woman seem in. Hard base career him.,117,#travelphotography,TRUE,16-04-2024,Tablet,de,2163,311,129,0.0608
90c8f41a-5e07-4922-b649-11ff0292d665,6b178e70-c1ca-48c1-b5aa-4464df5d22e6,renee77,Other,47,16348,698,02-02-2023,FALSE,Antalya,Politics,I ten buy staff difference sea example away those work level example next conference such source tonight sign rich network radio might. Wear argue ask soon stop probably any.,174,#worldnews #politics #news #election2024,TRUE,05-09-2024,Tablet,en,783,100,31,0.0559
0fe4b31b-d99b-4dc5-97a8-ecb8285426be,12caec19-fcda-4f56-9659-eeb5f58aa461,uwatkins,Other,27,48365,7162,06-05-2022,FALSE,Ankara,Art,Night production start eye alone husband create without you vote. Detail even firm blood thing outside smile.,109,#artistsoninstagram #creativity,FALSE,21-02-2025,Web,es,2510,163,80,0.0569
0c9a07a0-e80b-4417-a6e2-3e2db3966247,d19e478f-9a9c-42a1-8fa1-18feea4355da,nhouston,Female,40,25291,256,13-05-2024,FALSE,Bursa,Pets,Sell us article catch pattern water quite scene response. Fine debate choose current store run.,95,#adoptdontshop,FALSE,17-02-2025,Android,fr,1216,64,60,0.053
06798ef3-f5d8-4ba1-9fde-b321310e6747,75301d30-74a6-4a5d-84f5-50b821c94041,shane28,Male,41,56994,657,06-05-2020,FALSE,Izmir,Books,General never statement people table response dinner detail free age player site drug or market somebody within. Drug expert support work over.,143,#readmore #reading #bookworm #literature,TRUE,30-04-2024,Web,de,2804,245,272,0.0583
f4cbe5a2-b444-43af-b716-0f449cbca170,7beb86d0-c9ae-42ef-b5b5-cd79463f787c,laurenbrown,Female,41,39139,3063,04-05-2015,FALSE,Antalya,Finance,Throw stock safe yes kind write ability factor civil keep benefit discussion. Middle environment sea everyone.,110,#investing #stockmarket,TRUE,18-03-2025,iPhone,tr,1896,113,103,0.054
24e32ad3-9863-4620-9025-e901a7d082ed,1650a17a-e3e4-405e-af51-525bbe809197,william14,Female,24,75183,5184,21-07-2021,FALSE,London,Food,Budget begin make worry need appear number really president future great huge. Party sell argue good deal throw.,112,#yum #foodie,TRUE,28-04-2024,Web,es,3805,353,103,0.0567
8b0f72df-80d4-421d-94fc-08fc616a39ac,8e8e855c-8660-4058-a77d-883cf51febd8,weaverjoseph,Female,60,79365,4687,31-07-2023,FALSE,Paris,Education,Decide seem method activity soldier media senior. Far four act how north foreign three lot.,91,#knowledge #edtech #students,TRUE,23-10-2024,iPhone,tr,4080,367,102,0.0573
8445c09c-41eb-4ad8-8bca-5df694d22b16,482fb037-e14d-4bc3-899d-b90e5bf0cad7,davisphillip,Other,24,51618,3698,30-12-2022,FALSE,Istanbul,Gaming,Mouth election street other me if later call worker doctor success do with born clearly fear art forward name former movie rise great believe identify. Life where media affect simple.,183,#gamerlife #twitch,TRUE,05-06-2024,Android,de,2554,139,31,0.0528
243a0674-30cc-4a2b-a46e-14bbbdcf229f,d6707f1c-83c8-4c25-a754-9337a2725432,sandramendoza,Male,34,71112,2409,08-07-2020,FALSE,Ankara,Fashion,Partner black sea community design ago lead us enter off view everybody official film. Few memory police red find range heart operation.,136,#ootd #style #fashionista,FALSE,15-01-2025,Web,fr,3506,424,128,0.0571
9f76be1e-3394-4a50-b0f9-235ecf5d4cbe,f3e40d75-684f-4e21-9c34-36fbeb4710b8,claytonmclean,Male,56,16822,3455,28-03-2017,FALSE,Antalya,Fitness,Four government line human someone. Score yet common develop clearly.,69,#healthylifestyle #gymtime,FALSE,03-03-2025,iPhone,tr,840,71,76,0.0587
13bea377-daf5-40eb-8c8e-e661ae5b1284,7a46a36a-e87b-49e8-a206-40fcf3f5c57f,nicole27,Male,40,8054,5182,18-07-2022,FALSE,Ankara,Gaming,On beyond result issue pull artist believe year difference should rather their reality. Identify need respond night daughter want life.,135,#twitch #gamerlife #gaming,TRUE,16-12-2024,Tablet,de,451,34,11,0.0616
f3a8ae18-e455-414e-a0d9-afd9af8f8767,7a51b265-f134-49e4-b045-297e40c271ee,marybartlett,Female,52,94289,7589,29-03-2023,FALSE,Paris,Travel,Those act professor rule ahead we drive explain sometimes main keep. Certain responsibility cell finally best finish.,117,#explore #wanderlust #travelgram,TRUE,23-06-2024,iPhone,en,4786,490,390,0.0601
32d57e6e-37cf-400d-a79f-76d3b9c3a85f,26eb515b-7b51-470d-9bee-5e3dfd8d9cd8,jenniferjacobs,Other,47,5016,4992,18-02-2017,FALSE,Ankara,Music,Particular defense challenge kind front talk born director set become eat. Of answer beyond ability fact believe.,113,#musiclover #playlist #vibes #nowplaying,FALSE,12-11-2024,iPhone,es,246,35,18,0.0596
41c90fcc-ff3e-462f-bb6f-44a42086fe29,184c4690-2442-4399-861b-ae37bcd19ac2,mccoymichael,Other,47,59568,1991,29-08-2016,FALSE,Bursa,Gaming,Record find forget possible to protect trade firm take develop certain campaign must. Such see care cell sound.,111,#gaming #twitch,FALSE,08-06-2024,iPhone,es,2962,178,166,0.0555
e066ab0a-b2f0-4ea8-9769-6eb8c2dd4f6d,341efcdf-0843-4cb0-abdb-fc652e174e7e,victor76,Other,53,35314,8966,19-05-2020,TRUE,Bursa,Gaming,Plan another wall article candidate catch house family successful fall hour show product continue may note degree it onto market air question. Fly high movement finally choose agreement.,186,#esports,TRUE,24-11-2024,Tablet,de,1751,237,158,0.0608
c38ba9d7-62dd-4ab1-af99-1a1b44162765,8b8fa498-bb5d-45a8-9956-02385c0e6288,fdavis,Female,56,16763,9426,28-04-2018,FALSE,Bursa,Pets,Team sit eye tough ahead sense table fear conference floor piece they center. Somebody interview each similar old save friend.,126,#catlife #adoptdontshop #dogsoftwitter #petlover,TRUE,29-05-2024,Web,fr,849,50,29,0.0554
5e51b748-23e5-416f-8164-e1ac3b138573,9aa32575-27c4-420a-8ba6-8453903ebbf2,mjones,Male,49,23607,802,15-05-2023,FALSE,Ankara,Technology,Fire join central involve meeting finish stay west near time understand control major assume international think pattern blue room western look minute we notice. Old face newspaper for.,185,#gadgets #future #innovation,FALSE,09-02-2025,Web,en,1171,80,79,0.0563
894d51d9-5826-4865-ac02-855f73075dce,0feb0cff-fd10-496e-8823-ea280f023ae6,qnelson,Male,53,36558,7191,20-02-2019,FALSE,Madrid,Politics,Rule security campaign design able wall alone late a indicate. Yet board fine strong.,85,#politics,TRUE,02-07-2024,Android,en,1839,167,59,0.0565
53534201-3e8d-47d0-8ef4-320e356c5b3b,710b6299-2f37-4304-9e7a-3628c2e21a96,thomas35,Male,24,72356,224,08-07-2017,FALSE,Istanbul,Memes,Specific citizen along or book child pressure leg explain science factor out provide. Space ago evidence onto.,110,#funny #lol,FALSE,05-03-2025,Tablet,es,3564,220,238,0.0556
4e26cffe-a3a4-4e87-836d-a7122f606926,e670598a-a28b-48eb-9b7c-dc2a10f6f87d,james64,Male,17,47274,3312,26-12-2023,FALSE,Izmir,Food,White put control admit provide people can open this only street process threat court health stuff. Approach statement far society if sense throw.,146,#homecooking,FALSE,20-09-2024,Web,tr,2337,184,75,0.0549
31ff1dbd-921a-4953-825e-b2eee365f0aa,3d9a2d6f-4f25-490c-a78f-70b6cdc28644,kevinclayton,Female,51,37271,9518,02-08-2016,FALSE,Madrid,Finance,Fear wonder four production view whether feel job better actually force old nor person. Stop yard person word senior.,117,#investing #crypto,FALSE,14-01-2025,Android,es,1873,276,152,0.0617
13d08afa-984c-43a8-aec3-e125acb14224,f7106fc3-a3da-42cc-b490-caaecc9c03b6,rachael86,Male,55,62008,3444,07-12-2019,FALSE,Ankara,Music,Professor break marriage country poor successful. Employee such teach not fear drive.,85,#playlist,TRUE,10-02-2025,Tablet,es,3062,339,186,0.0578
254847e1-a820-4573-9dfc-636c49e25403,15e2a576-3f63-4daa-a8d8-542a65b0667a,lewiskimberly,Female,37,64329,8856,20-09-2017,FALSE,London,Memes,While day able relationship collection research outside population degree thank nothing change ten. Season save development black professional.,143,#lol #memeoftheday #relatable #funny,TRUE,16-01-2025,iPhone,tr,3258,359,180,0.059
4b2e930a-25d5-417e-97be-ec9d7c33ae02,75b914c6-4072-4048-a5f2-f83efed6d6f1,hortonalexandra,Other,55,27206,6363,07-10-2024,FALSE,Bursa,Education,Traditional free point loss prepare billion public serious probably science want chance. Lay full friend service exactly argue a.,129,#edtech,FALSE,19-01-2025,Tablet,en,1358,96,129,0.0582
1f0a5746-1840-41a3-aa2e-9a42308c49f0,52438fc8-2cdd-4901-b87c-3c1269c37f04,daltonchristina,Other,50,43331,4803,21-08-2021,FALSE,New York,Health,Investment language first voice each line health couple air everything free. Same rule past win bad pay which.,110,#healthtips #wellness #fitlife #mentalhealth,TRUE,16-08-2024,iPhone,es,2208,160,105,0.0571
cf8b2dcb-a4e9-42be-94e7-ae335e23828a,d94d8151-3a3c-47af-8753-fc467e7a5136,ismith,Other,41,32547,8069,07-08-2024,FALSE,Antalya,Music,Admit star example alone a sign term conference exist fine fine listen whose true series. Kind big baby stand.,110,#musiclover #nowplaying #playlist #vibes,FALSE,13-02-2025,Web,de,1580,96,150,0.0561
d41fc848-68cb-44e2-a2ed-c374b3c8db0d,895d9427-d6e6-44d1-adef-43971f1c5daf,hjackson,Female,56,36290,8452,14-01-2019,FALSE,Ankara,Art,Until hair chair weight decide fall body minute personal she practice news. Serve gun yeah return alone happy.,110,#artistsoninstagram,FALSE,24-01-2025,Tablet,en,1803,135,36,0.0544
aaad7946-bacd-41e5-a4c2-119a3a4b85ec,f453f32e-bb76-46af-b6b7-3ad5e3149d79,rebeccamatthews,Male,42,64879,8086,12-06-2021,TRUE,Antalya,Photography,Blue officer land mouth beautiful heart human blood bit computer national up past suggest protect. Clear religious admit as mean find strategy.,143,#travelphotography #dslr #snapshot #photooftheday,FALSE,28-09-2024,Web,es,3202,174,315,0.0569
59021dd9-4332-42c9-aaee-459dc59e7af6,70308f70-b10f-4803-8cca-58142bb8ae58,david50,Female,27,79349,4718,23-10-2020,FALSE,Paris,Food,Catch sing career I data anyone page subject me its sea hair gas. Husband arm sure wear.,88,#homecooking #yum,FALSE,05-03-2025,Web,fr,4061,321,179,0.0575
57afc22d-e27a-4e5f-9006-925b41f556c3,6a3912ac-ebdc-44ba-8165-23c6da558c90,mollywalter,Female,23,46231,9066,20-10-2023,FALSE,Paris,Music,Major about television follow country walk together human town building local. Team now present education.,106,#musiclover,FALSE,15-05-2024,Android,en,2324,313,60,0.0583
f32bf55d-3dda-45b0-99e8-922070ba2b17,e01d92c1-1541-4b28-ac54-7efbd1f1ad84,amber70,Male,18,48199,9358,28-10-2023,FALSE,Berlin,Health,Back statement result cold serve only direction example toward decision hospital here body describe campaign place simply former section truth two that. Effect argue low turn.,175,#wellness #healthtips #mentalhealth,FALSE,16-11-2024,Web,es,2359,241,141,0.0569
cd698781-a0b6-49d1-a520-829ae45c5c15,d58aab1b-3be3-4ab6-8056-c941b6a88c98,patriciacarr,Male,42,43549,9828,10-04-2021,FALSE,Izmir,Education,Method finally lawyer hundred color loss bad week tonight if financial anything alone appear change interesting like statement. Once wife team try perform.,155,#knowledge,TRUE,06-06-2024,Tablet,de,2167,281,95,0.0584
27ff2b6e-7096-4df3-8126-af83089f113b,9c349a0f-8c11-4457-b839-814729b17c86,shellyobrien,Female,51,42179,8187,28-10-2023,FALSE,Izmir,Technology,City air too cost wide which scene baby serve southern phone choice together save. Stand fight morning subject.,111,#tech #gadgets #future,FALSE,10-12-2024,Tablet,en,2170,297,190,0.063
001f074d-030f-4984-8c2b-1b623beb9cd2,647e96be-f006-4aa1-b73e-2701e49b043b,patricia00,Female,52,13394,3745,28-11-2016,FALSE,Ankara,Books,And interview them including other a however sell factor quality treatment animal option garden any here choice power whom society out hit. Republican call concern arrive.,171,#readmore #literature #reading,TRUE,14-01-2025,Android,de,702,79,10,0.0591
98979b6d-b946-4e33-9f85-2683d287b813,6e9caafb-2322-463c-96ec-fc60028bc8cc,omartinez,Other,19,61313,1662,21-04-2016,FALSE,Berlin,Memes,Recognize process note chair make help. To staff value nature family.,69,#memeoftheday #lol #funny,FALSE,11-03-2025,iPhone,fr,3045,330,192,0.0582
4bbe49b4-f08c-4f47-b91c-7128b7b9c734,3289210c-aed1-43ad-9a49-76f26970faea,barnettlindsey,Other,18,26838,5926,05-04-2022,FALSE,Ankara,Finance,Another recent few long rise director feel car get. News wide east summer fight.,80,#investing #money #stockmarket,TRUE,26-11-2024,iPhone,en,1358,155,81,0.0594
64d64bef-a60b-4173-bc5a-4512ffd9a6a5,97146a05-1470-4b00-a067-06526763cad7,mathewbennett,Other,40,10005,8170,13-01-2017,FALSE,Ankara,Fashion,Them lose thought car special lay pressure. Result ago heavy wonder impact son network list.,92,#style #fashionista #ootd,FALSE,06-01-2025,Tablet,tr,495,64,27,0.0586
9d5149b1-1f82-4ea5-904a-9a8ae6a73929,b15b6579-29d3-4449-bed5-6e90e87b178e,mckeetodd,Female,31,21727,9585,05-04-2024,TRUE,Ankara,Books,Join describe from data season force site member easy science quickly senior their think senior public your house. Draw section second.,135,#readmore #bookworm #reading #literature,FALSE,13-08-2024,iPhone,de,1043,105,61,0.0556
9a27dc07-ab43-429f-ab3c-81de804eb0a2,d50b9539-0362-42b8-99d8-66e3fe5b3a00,zacharymarsh,Male,21,74521,7722,04-11-2019,FALSE,Antalya,Books,Whom cause after author year keep low not station popular film international believe performance side measure investment performance. Middle item matter reality like.,166,#bookworm #readmore #reading #literature,TRUE,16-09-2024,Android,en,3674,356,306,0.0582
c99bb0af-38b0-474a-87a2-8f49138ee5ff,849079b8-d631-43a8-ac61-44b3702b7f87,rickyriley,Female,55,23418,1294,27-07-2016,FALSE,Ankara,Memes,Appear ten appear brother play event forward hundred enough recent life. Table employee evening paper.,102,#memeoftheday,TRUE,24-07-2024,Tablet,es,1145,169,102,0.0605
48e073a9-1f18-49b9-9ba1-e53d7f64115f,05bd34f1-6c42-41b4-a7db-6e22518ef3ba,harrisondaniel,Male,49,65432,3226,08-02-2019,FALSE,Bursa,Gaming,Father may near card study end either system something response soldier good. Prevent wrong media.,98,#twitch,TRUE,15-07-2024,Android,en,3238,213,45,0.0534
822e0bec-ddd1-4997-9311-e789d6ebf918,c06f5e61-b3ea-49f8-89b1-95115776017d,jamesmills,Male,60,6103,2188,14-08-2019,TRUE,Istanbul,Education,Item so sure where trip ever walk. Red score next whom.,55,#students #edtech,TRUE,16-02-2025,Tablet,es,305,28,11,0.0564
8dbe3956-5b36-4a1e-acfd-7215b0121745,b7a135e5-050e-46be-b8b2-041bb8fb4d77,johnnewman,Female,59,42100,4757,14-09-2024,FALSE,Bursa,Education,Through it long pick town again increase sure during different. Only maybe sure do crime.,89,#learning #knowledge,FALSE,13-03-2025,Web,fr,2132,111,24,0.0538
6a05b9c0-1708-4998-8221-99f34e8ff7e0,582522d2-64ec-4fda-ab5b-7b8c5cd67b0d,nbaird,Male,36,65664,6450,11-11-2021,FALSE,Izmir,Finance,Protect what better people small strong business realize day general Republican town then TV decision wife police indeed. Test customer bring she scientist.,156,#money,TRUE,08-11-2024,iPhone,tr,3237,251,71,0.0542
b1582603-e347-43ef-b392-31bb1429145c,064302cd-a1c1-4b30-b50b-3057a8e6593d,mcleanjay,Male,34,45679,6813,09-10-2024,FALSE,Madrid,Travel,Current above meeting boy owner cold among describe property science product among early on us surface reach firm tax. Debate blue dark experience campaign action seat.,168,#explore,FALSE,27-01-2025,iPhone,de,2309,171,126,0.0571
d0caf211-4867-48cf-8438-274bb880dd37,d69e7014-890c-4b64-89a9-c54603071c84,henrynicholas,Other,50,65867,1330,19-02-2017,FALSE,Bursa,Technology,True choice travel including difficult development new agency begin social suggest soldier. Account actually if around evidence pay.,132,#future #innovation,FALSE,16-04-2024,Web,en,3196,226,312,0.0567
840afb8b-6bf1-4ca1-9166-7284b6d162f7,5a10f9a5-bf2b-4e59-85ac-f32c5ee74b93,fsanchez,Other,54,18112,9872,25-12-2018,FALSE,Berlin,Politics,Tree worker understand blue letter free move worry bed wind. Organization a maintain per.,89,#worldnews #election2024 #news #politics,FALSE,26-10-2024,Android,tr,890,83,51,0.0565
b8d47a4f-6e2e-4241-8087-4e92f700573e,6dcb0cb3-6fed-4f99-a1fa-50e601ca785e,hernandezwhitney,Female,42,41369,9695,12-05-2017,FALSE,Ankara,Photography,Add study especially church perhaps room everything couple factor nation financial pull minute rate hit phone democratic fire finally popular democratic capital. Him create reduce body standard network science.,210,#dslr #snapshot #photooftheday #travelphotography,TRUE,18-05-2024,Web,fr,2140,184,140,0.0596
15f67486-b6c1-479e-b201-c19a7a2a0092,eeebfc5e-afc3-4f01-b372-79b865935929,donna43,Female,42,66174,4117,06-11-2016,FALSE,Berlin,Art,Court so on sit think show enjoy add bank record office blue situation. Carry vote goal suggest.,96,#creativity,TRUE,15-04-2024,Web,tr,3291,237,264,0.0573
9e6b85a5-e7a9-438b-bd1b-76f6cd9d4134,74a11ef7-acf0-4359-9530-7f01a339e32f,nolanjason,Female,55,87162,5193,18-06-2019,FALSE,Ankara,Books,Bank major world arrive parent their experience put. Quite lead foot perform third value trial.,95,#readmore,FALSE,09-07-2024,Android,tr,4425,391,358,0.0594
bbcf6429-f700-4430-b89c-df1a4cc22a1e,6614ee44-3f25-46bd-bec5-b0e189a537a6,amoore,Male,47,10422,1183,12-09-2019,FALSE,New York,Music,Worker near sit may real contain majority fear character certain budget. Next understand build.,95,#vibes #nowplaying #musiclover,FALSE,18-10-2024,Android,tr,497,52,47,0.0572
92f4cba8-49d9-4914-b01e-47b7ce81ea19,1d6dd971-fe82-455f-8796-8df60b27ac20,zgraves,Other,42,90324,869,30-08-2023,FALSE,Ankara,Art,Word pretty still he cell garden business interesting collection knowledge. And offer option threat.,100,#artlife #creativity #artistsoninstagram #digitalart,FALSE,02-08-2024,Android,es,4501,407,94,0.0554
bc490cee-42f1-4aa2-b69f-1e0404029782,35d1ca85-fab1-4645-9683-6d8418baadb1,ihenry,Male,56,79219,2834,01-01-2018,FALSE,New York,Finance,Increase stage probably all business fine economic chance best beat. Gun well stuff.,84,#investing #crypto,TRUE,09-01-2025,Web,tr,3933,507,178,0.0583
5f4c9688-720a-470d-8765-da6637938cd7,3dc51b20-b33f-4b6e-9563-838d9d8f912e,kayla33,Other,50,18355,1550,31-10-2023,FALSE,Izmir,Fitness,Matter father key home structure kind evidence board forget section establish lay feel home peace activity leader couple guess. Term test now story protect election learn hot.,175,#healthylifestyle #workout,TRUE,28-12-2024,Web,en,968,101,25,0.0596
f3cb905c-3b26-4bbe-b28c-f38cc9573dac,867d721d-bca0-48a4-a290-af0cab75e953,jaime56,Other,39,48068,495,25-10-2021,FALSE,Bursa,Art,Receive carry everything list always international with. Exist already low concern history do.,94,#creativity #artlife #digitalart,FALSE,21-02-2025,Web,fr,2395,253,192,0.0591
8ccb48de-f741-4c46-b64f-cb6266ac2814,b2de94be-3269-4c1c-b5da-ffda69e95d92,nelsonandrew,Female,49,26973,8996,16-01-2018,FALSE,Istanbul,Education,Early product board discussion for risk government must involve ask start tough yet. About along across.,104,#students,TRUE,20-11-2024,Web,tr,1366,150,20,0.0569
cdceb8cf-3a56-4a62-8f03-68f313ffc83b,1e218503-0c68-4322-b794-3ab0ac3054bf,sullivanchristina,Female,32,29462,6446,05-05-2015,FALSE,Ankara,Finance,Production everyone sing several beat third threat also leader night provide fear. Production common only forget.,113,#crypto #investing #stockmarket,FALSE,22-07-2024,iPhone,fr,1525,127,75,0.0586
8dbe21d0-5b3b-4f79-a98a-5f336c616f80,30eee62d-f227-4100-b715-03cc38ec1102,wilsonjoshua,Male,27,37256,8058,08-05-2016,TRUE,New York,Fitness,Image along recognize himself choice nor network red language. Need office sure rest work me performance.,105,#gymtime,FALSE,25-02-2025,Android,de,1880,220,128,0.0598
7b45322c-1035-4870-a556-7683dfc352b9,0954c04a-d0aa-4349-8872-8128aa944b2f,walkermaureen,Other,42,42923,2927,23-02-2017,FALSE,New York,Memes,Decision number majority bank successful assume age level push. Require long no oil best record phone.,102,#funny,TRUE,04-06-2024,Tablet,es,2207,127,52,0.0556
a04ad863-1041-470b-b206-a33bc368efbc,f2636cbb-759b-4def-afb6-9cb9900bd8f4,wrightdale,Female,44,36389,2543,21-08-2015,FALSE,Ankara,Fashion,Rise popular number economy term current born range series everybody prevent star family growth everyone still culture worker also dog better leg agree. Audience growth TV stock.,178,#ootd #fashionista #lookbook #style,TRUE,15-01-2025,Tablet,en,1852,229,31,0.058
d52b6e4e-6e5c-4b35-87f7-f99636b928d1,4e8ecc2c-d98d-4b8c-88a4-05ee3e2a6f35,reynoldsdesiree,Other,19,668,9114,09-08-2022,FALSE,London,Travel,Suggest for bit spend son mind citizen reach take power TV. Loss guess note east then growth.,93,#travelgram #explore,TRUE,21-12-2024,Tablet,en,18,2,1,0.0314
42d57000-32a2-45c1-8d67-a334dbd1373a,7c7268bf-d1d8-4b90-9580-e8a4b39a5bc2,molly71,Other,38,71464,1042,01-03-2024,FALSE,Bursa,Fitness,Deep family total car wait degree look institution teach will teach air help kitchen performance. Single somebody particular.,125,#fitlife #workout #gymtime,FALSE,10-04-2024,Tablet,de,3469,518,111,0.0573
89047bda-3d18-454c-a1f6-c802c46f709c,0869cf83-9005-43c2-b6f5-50f258c806ea,alewis,Other,56,27727,3542,17-06-2023,FALSE,Paris,Finance,Model reason clear physical relate the tend. Above team collection receive when either strategy.,96,#crypto #stockmarket,TRUE,21-06-2024,iPhone,de,1347,114,49,0.0545
906e5d44-97ef-4aab-8c98-b06cddc375bc,efc16f62-c62d-4d55-9783-2345f3079496,cisnerosanthony,Male,22,32921,7809,16-07-2022,FALSE,Berlin,Health,Family like wind responsibility. Smile represent great.,55,#healthtips #wellness #fitlife #mentalhealth,FALSE,01-08-2024,Android,fr,1677,204,83,0.0597
83895df9-f927-45d1-a81f-864621ad69c5,bc6b31b1-bc25-44d5-aeae-d9e69bdeb5bd,james14,Male,16,46783,8913,11-08-2017,FALSE,Paris,Gaming,Ask letter prove structure with tonight manage water list accept and near go participant spring their firm. Can wonder pass chair important.,140,#esports,TRUE,30-05-2024,Android,tr,2338,223,147,0.0579
efb7dd71-bb65-40b7-97c9-bdef2739d91d,eb9841b2-dd27-409f-8f5f-5480cfa9d8b6,hphillips,Other,26,26850,5971,20-05-2022,FALSE,Antalya,Education,Fight only age job still measure worker financial government occur despite thing relate near ability possible need beat air day play dream. Spend they account summer.,166,#edtech #learning #knowledge #students,TRUE,29-10-2024,Web,fr,1340,114,34,0.0554
e67fb059-2f5e-4c27-b49b-3baea8b91cea,341efcdf-0843-4cb0-abdb-fc652e174e7e,victor76,Other,53,35314,8966,19-05-2020,TRUE,Bursa,Fitness,Century trouble represent check general include two. Form simply wait radio thank look control.,95,#gymtime,TRUE,01-09-2024,iPhone,de,1803,173,146,0.0601
16d4380b-754e-48db-86ef-12a1fe5ce8b0,731363f7-c0d5-4266-ba9e-fe7e465f1a5a,davisdonna,Other,19,14828,4032,23-05-2024,FALSE,Izmir,Books,Market than guess plant until act account ready present. Physical loss man sense white will.,92,#reading #bookworm #readmore #literature,FALSE,01-12-2024,Android,fr,758,62,45,0.0583
5cb2d3a4-2e52-46e8-872e-b9bd01d9c8e1,b8a14d1d-095c-41ec-80a9-9f9aff435963,david59,Other,21,30162,6434,04-02-2025,FALSE,Istanbul,Memes,Treatment him see into game tax east success office upon all. Trip wear international rule record fall blood.,109,#lol #memeoftheday #relatable,TRUE,11-09-2024,Tablet,en,1515,185,65,0.0585
a33edd1e-988a-436f-b807-a12756e12f1b,0e32a933-2d00-4604-b4c0-bff45dba0be3,vickie44,Male,48,11190,4941,26-06-2023,FALSE,New York,Photography,Avoid outside when similar interest woman claim argue own itself artist miss. Republican response interesting capital focus record cell.,136,#dslr,FALSE,09-03-2025,iPhone,tr,562,59,25,0.0577
2751600e-8dcc-44c6-855d-7c11aa43dd0b,6a330af9-b60f-4d45-b982-99a4c260e487,johnsonelizabeth,Other,19,11714,1215,09-07-2024,FALSE,Madrid,Food,High strategy knowledge get have all example also and Democrat century perform always pass worry. Information rather near between particularly.,143,#foodie #homecooking #yum #instafood,FALSE,18-10-2024,Web,fr,584,31,15,0.0538
5798c02e-63d1-4a72-98e8-e876ad5d7914,e7bfb0d0-d79f-479e-8a82-2b062ab4c4af,sloanjeffery,Other,54,15957,8801,27-05-2021,FALSE,Madrid,Books,Much painting future forget voice movie himself party value chance piece democratic. Record protect indicate window.,116,#literature #readmore #bookworm #reading,TRUE,30-07-2024,Android,de,757,66,68,0.0558
05415917-967c-477e-a97e-5c8554f8cc04,cad9db14-4532-45cd-b266-b4440fc7427f,linvictoria,Male,40,2143,3425,13-03-2017,FALSE,Ankara,Food,Per often treatment three deep window writer become key. Scene peace dog read her.,82,#yum #homecooking,FALSE,12-06-2024,Tablet,de,91,5,4,0.0467
6e04b919-e520-46b0-bee4-a5bda5e6679f,87cab5ee-7062-44b0-ae39-d6d2e68bca4c,alexander18,Female,17,53204,5740,23-05-2016,FALSE,Ankara,Books,Purpose candidate several Republican have but involve. Understand dark this.,76,#bookworm #literature,FALSE,30-07-2024,Tablet,tr,2623,221,253,0.0582
58264c1f-ee3b-4dc3-a4a8-77a403a7ecbc,40963fe7-3ab0-4b4a-8288-cad42bde3eff,nicholas33,Other,19,32753,2893,30-10-2022,FALSE,Berlin,Gaming,Nearly father summer hold seek fight tax art follow road garden most research federal deep learn building might stay card word. Develop open lot professional any civil he.,171,#twitch #gaming #gamerlife #esports,TRUE,10-03-2025,Web,de,1601,100,113,0.0554
8922bb35-9c90-4538-949d-cf93d27a6b24,2ec086f9-6e12-4ff3-8fdf-0ee0d15d5f02,carl07,Male,36,44288,2925,05-11-2019,FALSE,Madrid,Art,Improve director trouble budget gas culture free forward everybody such ability walk. Will serve say mission state executive.,125,#artistsoninstagram #creativity #artlife #digitalart,FALSE,22-07-2024,Web,es,2263,217,34,0.0568
b463c8da-c8c6-4729-a539-b3f880222476,e87e2eae-4d7e-447d-9268-674a981adf10,amanda03,Female,44,43178,4445,04-01-2025,FALSE,Ankara,Fitness,Successful another certainly can stock edge this. Your indeed set human will party use.,87,#healthylifestyle #gymtime #fitlife #workout,TRUE,15-11-2024,Tablet,es,2132,116,209,0.0569
809d2f11-5cb1-4a89-9c41-7d678acad3d1,90526e76-4628-401a-9391-c98aa867200f,elucas,Female,31,50536,599,31-10-2017,FALSE,Ankara,Food,Get improve strategy buy mouth always every particularly stuff ball part. Natural again much house.,99,#instafood #foodie,FALSE,10-03-2025,Android,fr,2545,221,223,0.0591
767cb44a-c6e1-4373-81bf-ef6e18a5f5c0,443ff0f9-2f7b-4f42-99db-dac867a379a0,william17,Male,47,28478,5260,30-06-2023,FALSE,Bursa,Gaming,Note the could day theory article especially. Today alone family song beautiful.,80,#gaming,FALSE,01-11-2024,Android,de,1448,161,17,0.0571
411c0e55-f189-4194-888f-07544c70d01c,1fad712a-d2b3-40ee-b843-fd2246332b08,onguyen,Male,39,71480,6132,28-10-2015,FALSE,New York,Pets,Marriage game kitchen increase music not general open speak land off form ask since board voice leave weight. Reality design what single concern.,145,#adoptdontshop #catlife #dogsoftwitter #petlover,TRUE,16-03-2025,Web,es,3539,455,245,0.0593
5856b1b9-1242-4c5f-bfa8-2d189b44edca,5994ed63-55ef-4355-8d2b-610dca4c9601,umarshall,Male,27,20685,9093,13-10-2019,FALSE,Istanbul,Politics,Wish carry enter fine commercial tough make arm either today represent yes something study run employee end hundred pick foreign safe soon service true. There the throughout become page dinner.,193,#worldnews #politics #election2024,FALSE,11-12-2024,Web,es,1017,109,40,0.0564
c8130265-6dc4-465f-95a9-7fc841ab1ae7,94d3696d-5e35-467f-a24b-036dfff9e065,whernandez,Female,57,87207,5599,09-01-2021,FALSE,Istanbul,Photography,Several he skill institution third ask pay look whether choose possible laugh wall. Different movement nothing item.,116,#dslr #photooftheday #snapshot,FALSE,07-10-2024,Web,de,4353,578,271,0.0597
d22d74bf-fcb1-4e01-a10b-b9d2aecff0a9,b6ad5016-63a3-4071-93f9-6b2f853eaa34,dhernandez,Other,46,23272,6899,03-11-2016,FALSE,Istanbul,Photography,Visit building new while small group husband deep player experience ago rest full entire find father although wait add whose low. Describe her color once.,154,#travelphotography #photooftheday,FALSE,14-02-2025,Tablet,tr,1095,162,74,0.0572
c4e40985-fa67-41aa-8ac8-d4905458124f,213895e7-561c-410b-b125-115729e040a7,jtaylor,Other,47,46592,311,01-05-2022,FALSE,London,Politics,Democratic foreign want use theory message. Law second occur whom lawyer protect.,81,#politics #election2024 #worldnews #news,TRUE,24-06-2024,Android,de,2368,282,228,0.0618
d19ed182-2015-4e2b-be6c-2e4906395a3f,ebf4e3e2-c29b-44f7-9f37-f3a18eeba7d9,daniel27,Female,37,63848,5870,11-10-2017,FALSE,New York,Photography,Eat window set phone hour yet piece action serious social us lose minute. Participant so she agree.,99,#snapshot #dslr #travelphotography #photooftheday,TRUE,27-08-2024,Android,en,3109,392,40,0.0555
81af96c3-1442-4c94-9b98-c3d3319f3660,45f2fe6a-f7b5-4b70-bd6a-f6ffd5806f88,hmyers,Other,52,23912,5617,26-04-2020,FALSE,Paris,Food,Whose politics recognize discuss moment person reflect TV speak subject area she capital these let most community know design attention although peace get million government college. Bit finish house mind service.,213,#homecooking #foodie #yum #instafood,FALSE,02-06-2024,Android,tr,1214,92,67,0.0574
91b0f48e-efd4-4d4d-9527-7079711896d7,86d7f9b2-5504-40cb-adaf-b75fa68cf25f,daniel16,Male,51,69381,8721,27-08-2018,FALSE,Antalya,Technology,Throw red begin behind eight cup base travel. Sit how action again make yourself relationship.,94,#tech #future #gadgets,TRUE,03-07-2024,iPhone,es,3456,434,235,0.0595
083c8d37-82ad-4553-8505-627c9fce682a,47bfd98b-a75d-4fc1-b676-323052a1539b,teresaray,Male,31,60438,5092,18-06-2015,FALSE,Bursa,Pets,Campaign none very couple send store suddenly from capital small water different collection approach opportunity affect last. Enough behind bill until federal reality first.,173,#catlife #petlover #adoptdontshop #dogsoftwitter,FALSE,18-07-2024,Tablet,es,2976,345,167,0.0577
ad876084-c656-4540-a340-e54cf93f17d8,eb9bde08-0757-4ff9-a790-3c363eb3baf5,desireebailey,Other,42,66502,8957,02-04-2018,TRUE,Berlin,Music,Cut common lawyer carry song economic. Future worry sing across minute.,71,#musiclover #nowplaying #playlist,TRUE,25-12-2024,Web,fr,3298,185,292,0.0568
9530050d-734d-4c71-9df7-a46acd2b58e5,1c3459bf-4d52-476e-9b32-0ba407be1aa3,joshuasmith,Male,23,46583,4287,18-06-2020,FALSE,Ankara,Finance,Statement expert nature magazine whom special benefit economy executive your. Car too pass author policy maintain.,114,#investing,TRUE,19-05-2024,Tablet,tr,2282,303,200,0.0598
4a831f4e-0d2b-4213-84b8-8c8d0bba02a2,4b6e2ad9-0b7e-4921-a1ee-da5f5a99c6fa,robertsaunders,Other,18,66076,4799,19-09-2023,FALSE,Bursa,Fashion,Matter activity kitchen tax smile worker here left decide station since any third type need large guy mind child measure will indeed purpose physical avoid despite. Say hope vote wide technology who.,199,#fashionista,TRUE,27-10-2024,Tablet,fr,3194,475,157,0.0579
2010a9e4-6596-46de-891b-bd63edbc2624,68a084d7-3894-4664-9ae3-b51af61c2a54,susan03,Other,60,83396,2888,13-06-2018,FALSE,Madrid,Music,Generation I seek theory attack model stock unit under according professor daughter those enter. Age win instead.,113,#playlist #vibes #musiclover,FALSE,20-09-2024,Android,en,4101,550,363,0.0601
35483240-53e1-4125-8c2e-44f1968cf737,99ae5018-3d92-4a06-a0ea-b3e70ca3a61d,swilliams,Other,33,3299,3131,23-11-2015,FALSE,Madrid,Food,Safe administration strategy fast less piece treat field special test subject education audience be pass table either training. Republican everyone life tax mind.,162,#homecooking #foodie,TRUE,17-03-2025,Tablet,tr,172,13,13,0.06
d771bbb6-d595-4e30-818a-37adca76fa55,17b53649-e3a1-48d1-8daf-5317712c0f05,curtismartin,Male,59,34274,5421,20-03-2019,FALSE,Berlin,Memes,Article value if recognize daughter major adult will quality friend prepare nature never message major. Strong assume begin.,124,#funny,TRUE,03-03-2025,Web,es,1792,201,88,0.0607
b99b14bb-10f5-4383-a688-db90275f9dda,82502ad3-fb94-438f-87c3-93d051d1247c,rsharp,Female,24,62228,6454,11-06-2021,FALSE,New York,Fitness,After either against reveal such nature under human middle pass his administration young election decade American image whose foot music new choose difference western. Understand material war stuff.,198,#healthylifestyle #fitlife #gymtime,TRUE,22-10-2024,Android,es,3089,401,228,0.0597
cfa5b2f5-3f8c-4398-8042-dee81665be55,359e96e7-ac3a-46eb-92d4-ea7cd816c18a,christopher77,Other,30,79420,8934,28-09-2019,FALSE,London,Photography,People far weight bar cover method join success must collection reflect suggest actually maybe back move number they thousand seat project. Draw huge reason hundred.,165,#travelphotography #dslr,TRUE,04-01-2025,Web,tr,3951,542,292,0.0602
29f58ef9-60dd-4a56-bb21-a308ab41aed0,4f294e51-28ed-4112-91fa-3d3ff4a0e747,nwhite,Other,41,73329,2099,16-12-2020,FALSE,London,Books,Nice beat former thousand head great recognize room someone he many agreement population remember. Toward tax hold music take model.,132,#bookworm #literature #readmore #reading,FALSE,18-11-2024,Android,de,3647,252,308,0.0574
cdc662a6-d3fe-4b98-a2d5-7ada77c3fc5a,a3cd0a58-97e9-47df-aedb-13f275357ba5,murraymichael,Male,36,22261,1713,01-02-2018,FALSE,Izmir,Food,Clearly night much serve well player war weight indicate model now administration allow second. Sit worry magazine course prepare law democratic.,145,#yum #foodie,FALSE,23-09-2024,iPhone,es,1067,61,76,0.0541
1a0560c7-701a-4e33-a3a7-8259d3824a5e,b389e3bc-ecc2-4642-91a7-c1c3a240ebdd,timdorsey,Male,36,15127,7085,13-05-2021,FALSE,Berlin,Travel,Probably able hour wish organization especially focus find. Kind task boy kind.,79,#travelgram,TRUE,03-07-2024,Tablet,es,750,46,70,0.0572
7ed8b76a-568f-476f-938a-09753bdab93a,a5f83674-247d-4996-a738-28b0e9cf7ba3,ymitchell,Other,50,75477,8597,20-08-2020,FALSE,New York,Photography,Trial must size country lawyer available later along themselves. Later return truth business result animal consumer season.,123,#snapshot #travelphotography #photooftheday #dslr,FALSE,08-12-2024,iPhone,fr,3794,325,340,0.0591
011c2df3-8a46-47d0-a747-a9fd14e377cf,07692075-b35e-4018-af7d-8b5ef9066458,jessica86,Female,36,10978,2407,24-07-2019,FALSE,Ankara,Politics,Trade crime know past road able would right together discuss information some building study question cell wall political begin hand listen official. Cell cold parent return go note ability.,190,#news #election2024 #worldnews #politics,FALSE,19-07-2024,iPhone,de,506,27,33,0.0516
2b1a56a5-2aed-4f6b-b2cf-568a2e9a958e,8a6f67f5-0ef4-4bfd-94aa-5345f3307ca7,michael56,Female,51,23525,9141,10-03-2017,FALSE,Antalya,Photography,Candidate as whether environmental laugh quickly southern thus or head economic method item one economic. Without whom letter get site majority point level.,156,#travelphotography,FALSE,20-09-2024,Tablet,es,1169,67,67,0.0554
65d00830-fc66-4a1d-801d-d7008f03df60,44906d91-f328-44de-bb1b-6cc55bbfaf02,ralphhuff,Other,24,54055,9819,06-04-2020,FALSE,Istanbul,Fashion,Charge ahead agent lead finally show goal why. Yes production site use travel.,78,#style #ootd #lookbook #fashionista,TRUE,18-09-2024,Android,en,2648,396,194,0.0599
e6b40233-3f26-40ea-95ef-871405356671,c82ba830-a3bb-4470-83de-3e9525fefa5d,michealvalentine,Male,36,21681,3744,17-09-2022,FALSE,New York,Travel,Strategy draw sport program send media hospital before word. Sometimes check point.,83,#vacationvibes,FALSE,26-08-2024,Tablet,es,1071,79,69,0.0562
b67383f2-8485-4730-9cac-23d5726aad5e,eeff9f8b-d5e1-496e-88cd-59d77fb04e0d,duffyerica,Other,40,15845,230,27-08-2017,FALSE,Istanbul,Travel,Remain large attorney truth run black development left painting through unit firm another above. Nature they true expert can last article plant.,144,#vacationvibes #travelgram,FALSE,15-04-2024,iPhone,fr,815,73,53,0.0594
192c5ac2-b050-4a9d-aae8-a8fd8b894644,ca2757cb-6d16-4ba8-b29f-c98e2315251a,michael13,Female,39,76422,7472,24-03-2015,FALSE,Izmir,Music,Check son according sometimes up add center face face true Mrs federal low able. Himself instead dark poor.,107,#vibes #nowplaying #playlist #musiclover,FALSE,03-05-2024,Android,tr,3875,314,312,0.0589
9786ae82-51c1-47c4-8878-3b7ce6d61617,59556750-7443-4f80-9f65-fbd16fc41831,mjohnson,Other,21,10422,3844,25-05-2016,FALSE,Izmir,Music,Game see kind store win fine there candidate improve interest machine window table real speak head local camera such actually local learn owner. Window describe real within yeah reveal how.,189,#vibes #nowplaying #playlist,TRUE,09-06-2024,Tablet,fr,476,60,10,0.0524
67ac4018-ac85-4125-ad62-a926eed83440,f1e1d885-a53f-41f9-9a15-43123a7cd109,sarahibarra,Female,55,73485,2582,16-05-2019,FALSE,Bursa,Travel,Amount only without apply page those back friend yes region help try eat remember stock become player space finish nor event above building. Direction must contain participant occur.,182,#vacationvibes,TRUE,21-02-2025,Tablet,tr,3725,539,104,0.0594
f1551ff1-8853-41c6-bc4f-fd82620436c0,91426035-96b5-4636-80ba-668b281b59d3,brittany29,Female,47,72992,2845,17-09-2020,FALSE,Bursa,Art,About dog past difference film close health seem agree. Along hope choose leader.,81,#creativity #digitalart,FALSE,10-04-2024,Web,fr,3575,409,194,0.0572
2fa5ffc6-bebd-45f5-b120-bae4f6b90182,574ce3b6-b382-4945-87c7-09189b28d59c,smithdavid,Male,22,79792,5413,17-12-2021,FALSE,New York,Pets,Piece shake certainly environmental he shake production successful most whose little. Consider likely research structure nature.,128,#catlife #petlover #adoptdontshop #dogsoftwitter,TRUE,18-05-2024,Tablet,de,4024,257,343,0.058
aa8c2f95-5b3a-4de1-b296-5b509b32e51f,926ae27a-fbbb-43dc-983b-4465948208ad,andrewmiller,Other,39,57133,4640,23-07-2022,FALSE,Madrid,Fitness,Service government hour health use dark according born sometimes season. Side play foreign possible could less turn.,116,#fitlife #workout #gymtime,FALSE,25-07-2024,Android,fr,2898,229,65,0.0559
35cb6d99-30da-4a9b-aadd-1b1b98187978,384c33ae-2a86-4cf6-a7f1-b32a559bda4a,portererin,Female,18,91204,1052,21-09-2020,FALSE,Bursa,Politics,Power behavior writer green old agency impact bad example now majority agreement news less consumer over take attorney. Choose technology admit hear sit.,153,#politics #election2024 #news #worldnews,TRUE,29-05-2024,Tablet,tr,4576,358,432,0.0588
0788a140-b1e5-4730-be33-12702f79cc5b,6bc919b6-73ff-4ae6-b8e5-a41552d53339,hunter12,Female,34,11967,7215,29-12-2015,FALSE,Bursa,Pets,Social news reason through administration improve person site throughout someone field hot light certainly imagine during language say their. Yard safe cultural glass goal employee.,181,#petlover #dogsoftwitter,FALSE,26-12-2024,Web,de,580,77,5,0.0553
3787d510-6811-4694-b7f7-82517afc38ad,71b10e2e-db2c-43fa-a759-68934c19cd25,laura90,Male,43,35059,1343,15-03-2021,FALSE,Izmir,Photography,Part total within identify type control smile million father wide. Those huge crime must director.,98,#dslr #snapshot,FALSE,14-01-2025,iPhone,en,1730,207,146,0.0594
1661d5d1-6a0b-46df-839e-f66dbb8fa529,e162577f-127c-4d00-bee2-d9a49dec17b9,samuelprice,Female,17,70823,4123,12-09-2015,FALSE,New York,Art,Church through color discuss lead close customer interest concern decide international brother. Project do edge American add sister since leader.,145,#digitalart #artlife,FALSE,04-09-2024,Tablet,tr,3532,387,257,0.059
d3a7be20-add3-4e8c-890c-74ed055c27d7,4a4b7f6b-e933-49fc-8cb3-e5465edda90c,thomasnancy,Male,39,94733,6814,02-02-2017,FALSE,Izmir,Books,Public as benefit rich that science a team believe increase return almost reach ground shake story wind produce American morning. Tough to then.,144,#bookworm #literature #readmore #reading,TRUE,05-12-2024,Android,tr,4784,673,456,0.0624
99477c2b-6ff9-4652-96a3-feda49aaf34c,dd941891-9b46-4895-aeb2-ed9eabcb28e6,catherinegomez,Male,39,56706,2181,14-06-2018,FALSE,London,Health,Difficult seven staff tree ability themselves worry political reduce what information somebody company improve of small girl benefit apply well beautiful behind machine finish college. Computer specific early.,209,#wellness #mentalhealth,FALSE,15-10-2024,Tablet,tr,2777,295,52,0.0551
2cc8ab0c-7123-41d6-b9f0-39f884ab577e,c02353f7-b85e-42df-9570-f6da4fd6d30d,daniel45,Male,22,13171,7630,18-08-2020,FALSE,Paris,Fashion,Information analysis would hand line see field nice option including. Enter until commercial military guess man ahead bag.,122,#style,TRUE,17-10-2024,iPhone,tr,661,80,26,0.0582
3d0c3701-547c-4fa1-af12-97446e67f3cf,bf91f00e-0d75-4cdc-8113-b0eb6ebdbc58,smithyvonne,Other,51,60558,1248,01-08-2021,FALSE,Ankara,Photography,Law we particularly exist officer friend mind wish. Popular even establish when time.,85,#dslr,TRUE,29-06-2024,Tablet,de,3039,209,176,0.0565
ed9881c4-9114-43bf-ac2b-59b10755931f,ba3da61f-2cd6-4510-95d8-0a249c38c0aa,robertroach,Other,57,257,7119,02-12-2023,FALSE,Berlin,Music,Cut organization marriage stock choice most number area meet couple physical can water such interview floor up class guy friend personal near affect health. Need include enjoy remain option.,190,#nowplaying #vibes,FALSE,28-11-2024,Android,tr,15,1,1,0.0661
b0f9e27e-0faf-4a06-8f19-660ae4acb1ec,66021741-7a7d-47bb-8f67-06631560b2ac,coopersamantha,Other,57,64207,7636,07-09-2017,FALSE,Madrid,Politics,Her fish black take police finally skin attorney this write indicate nation probably exist hope eye or. Away marriage whom performance perhaps area.,148,#election2024,TRUE,28-07-2024,Web,de,3168,196,128,0.0544
5622b520-bedc-4aa9-8ae8-a6d726d93af2,f21aaf47-62c5-4cdc-85a4-9111e0506839,howardangela,Other,37,14038,1442,21-08-2017,FALSE,Madrid,Fashion,Piece across player anyone into positive letter far draw month light game today cultural share price meeting TV speak. Thus dog meet fish good.,143,#style #ootd #lookbook #fashionista,FALSE,24-04-2024,Android,fr,752,60,73,0.063
c353c584-a09d-430c-bac2-e9cfa6b0d966,b8a14d1d-095c-41ec-80a9-9f9aff435963,david59,Other,21,30162,6434,04-02-2025,FALSE,Istanbul,Fitness,Imagine then know fact who continue art begin my. Happy data learn nor end race.,80,#gymtime #fitlife #healthylifestyle #workout,FALSE,09-03-2025,Tablet,en,1504,214,57,0.0588
acdb9682-add7-4565-aaae-e30292b12ec2,4cae3f5a-2443-44a7-bfb0-919d0cc7be58,rsims,Male,35,75949,9483,13-09-2022,FALSE,Paris,Travel,Mind rise represent campaign wide. Product gas loss full together I own.,72,#wanderlust #explore #travelgram,FALSE,09-01-2025,Android,tr,3772,305,327,0.058
f9c9da1d-cb8b-4b8e-b1ec-493e05c3868e,2ac32352-23e5-48e9-81c1-64ae7d5e5574,fredbaxter,Female,54,92930,3098,19-09-2020,FALSE,London,Travel,By agreement three place production doctor opportunity soon simply sound least medical. Impact certain if news use third situation.,131,#travelgram #wanderlust,TRUE,29-06-2024,iPhone,tr,4804,455,383,0.0607
7f8619a1-0abd-42ee-b854-b1052a6bb90f,b4ac4906-b19a-4aa6-a8e4-117d688f1306,amymorris,Female,25,41216,6815,30-07-2016,FALSE,Paris,Art,Opportunity manager avoid expect however step structure drug rather piece seat explain run organization sure. Home develop great effect fish natural necessary.,159,#artlife,TRUE,07-01-2025,Web,de,2060,206,48,0.0561
a67b000b-936e-4424-b82c-d30ea767c4cd,5254ca80-39ae-439d-8d53-5d6f15b6dfd5,christophercooley,Other,58,63569,3000,24-04-2018,FALSE,Bursa,Technology,Tough business onto entire reason fact style eat bank rest. Activity explain gas worry commercial.,98,#tech,TRUE,06-03-2025,iPhone,de,3175,256,188,0.0569
13abdf3b-b4b7-4694-8698-30fe7294552b,5675c6eb-0ab9-4834-b81b-47fb4d568d9d,courtney86,Female,40,53956,8005,04-06-2022,FALSE,Madrid,Politics,Head professional population teacher girl manager tend fact bank federal improve score against. Section sport seat cold red.,124,#news #worldnews #politics #election2024,FALSE,09-11-2024,iPhone,en,2643,346,46,0.0562
b1a79ca2-01ab-4f37-accd-556d031548d8,05bd34f1-6c42-41b4-a7db-6e22518ef3ba,harrisondaniel,Male,49,65432,3226,08-02-2019,FALSE,Bursa,Books,Wonder now fear five sport expect us what majority that meet policy. Under hour beat young left they music hand.,112,#bookworm #literature,TRUE,12-01-2025,Web,de,3239,472,323,0.0617
8fb10818-8c85-48af-8dcf-43d046dce551,50ccfe63-ca59-4872-be92-3b549abef6db,joymorales,Female,42,13803,1456,16-03-2019,FALSE,Izmir,Politics,Cell its part move best majority final speak happen sound give head. Glass here event last pretty street take.,110,#election2024,TRUE,05-01-2025,iPhone,de,675,82,25,0.0567
eeaa717c-9d67-45dc-b604-cf7a6a3d4965,38b6b68b-aef1-4e44-87ff-dd01cad42d54,guzmanbrittany,Female,35,6532,9064,22-11-2016,FALSE,Ankara,Memes,Rich buy pattern example year chair large why item but own outside public effort difference daughter away entire compare nature choose voice. Upon everyone business already door deep represent assume.,200,#relatable,TRUE,14-09-2024,Web,fr,304,17,13,0.0511
364be06b-e0bc-4979-bf1c-13c37f8db889,4c15519a-f29c-42e2-8284-a5274244aadc,paul92,Female,24,78191,3616,31-01-2022,FALSE,Izmir,Music,Yet box wear its finish join decide nor knowledge meeting indicate road cold though become try. Find policy yes across ten interest.,132,#vibes #playlist #musiclover,FALSE,07-10-2024,Android,es,3917,369,380,0.0597
8c5d3422-6e69-4476-a233-c8902268b9d5,9a64a321-bb5e-4d28-bac2-44c75b9abba7,jasmineryan,Other,19,62593,6714,10-10-2016,FALSE,London,Fashion,Everyone call short dream state first spring employee. Region station conference example.,89,#lookbook #fashionista #ootd,FALSE,18-07-2024,Tablet,en,3117,382,260,0.0601
72e4bbf3-193b-4d8a-9aa8-4695b3c9d264,515c8840-6199-413e-bb6c-a4c7f388cd1e,jessicaramirez,Other,46,72789,1704,28-07-2019,FALSE,Istanbul,Photography,Modern value such air share effort even. Instead structure major something control citizen place stage.,103,#snapshot,TRUE,02-09-2024,Web,es,3612,513,190,0.0593
ff48e374-cede-4d9c-bc49-18cdbe481e4a,66c2c734-1460-434b-aab0-6ed3347bb794,daustin,Female,59,43421,7899,06-09-2017,FALSE,Istanbul,Pets,Choice goal including book stock growth under eight country hear similar direction foot try. Writer take director election.,123,#catlife,FALSE,27-11-2024,iPhone,es,2193,224,217,0.0607
fefd7927-cf4c-4abb-8322-cab941a69b30,b66cb607-77d6-4d6b-8dcd-70a81c5249b5,sarah84,Other,30,14301,7774,05-04-2015,TRUE,New York,Memes,Account notice oil play choose bit. Personal government candidate happen page grow.,83,#relatable #lol #funny,FALSE,01-01-2025,Android,es,667,95,53,0.057
4e78d650-0d54-427f-a376-d9adf609c26d,af246d7c-5f1e-4033-a6cb-b4ba1165e32f,jonathanthompson,Male,36,26244,5130,25-10-2017,FALSE,New York,Politics,Whom research sound institution pretty election respond participant ask. Go different bill team page officer money.,115,#election2024 #worldnews,FALSE,19-05-2024,Tablet,fr,1381,151,66,0.0609
de905b8f-da8e-4896-965c-c8d5d9392e85,d107f044-7048-44a9-8b69-29d153f46a39,kvillanueva,Other,27,37951,1976,22-11-2019,FALSE,Bursa,Finance,Also wife method relate because building couple Mrs current investment. Baby media now expect by minute three.,110,#stockmarket #investing #money,TRUE,09-12-2024,Web,en,1829,195,170,0.0578
802fe184-9172-415b-832f-b3e4b4bedcee,24d1ea95-f173-4b4d-ad32-bc7955938385,adam25,Other,55,82371,4660,30-11-2016,FALSE,Berlin,Fitness,Of big its task read avoid despite begin example account case issue card general appear where thing in. Probably common crime upon early early around.,150,#healthylifestyle #fitlife #workout #gymtime,TRUE,05-04-2024,iPhone,en,4084,256,204,0.0552
1663a527-f0df-4d6e-b147-82ce94c9223b,0a60a593-a4fe-4e3b-b1af-16a518bb483b,julie69,Female,51,69452,238,04-01-2022,FALSE,Ankara,Food,Democrat far popular today strategy collection participant how resource see red. Section fill first quality quickly ability whole.,130,#yum #foodie #homecooking #instafood,TRUE,06-08-2024,Web,en,3480,246,188,0.0564
d3bd551c-9932-4c7d-85c6-e569ec33f71c,8c6a29df-574e-45f5-b56c-477fe5443c71,huangbrett,Female,27,8130,8366,03-12-2023,TRUE,Izmir,Photography,Low color personal turn not usually product different teach let since them. Choice because sister positive couple interesting three.,132,#photooftheday #travelphotography,FALSE,17-12-2024,Android,de,435,24,29,0.06
1caf7f77-8894-4632-b887-714e9d091a6b,617f7eb7-9ca1-4064-9373-ce983e2f9771,ekim,Other,30,81365,9518,08-11-2020,FALSE,New York,Finance,A politics child nice sure spend field test identify. Probably couple attack management pattern ever western same.,114,#investing #money #crypto #stockmarket,FALSE,21-10-2024,Android,de,4022,542,241,0.0591
03d36be5-204b-4c37-97ec-c19627104a85,828eedc9-8338-46ba-8fe4-3f7bd4f79cae,htaylor,Female,59,65948,9844,20-09-2016,FALSE,Istanbul,Education,Response himself admit tree instead really get tell describe. Step have boy these occur.,88,#knowledge #learning #edtech #students,TRUE,31-07-2024,Web,fr,3376,287,188,0.0584
a6ac19aa-3e9d-4f7d-b0e3-cd6e0a2f56b2,f0325150-f90b-484f-91b2-26541d5430db,steven01,Female,34,6485,8727,27-01-2024,FALSE,Ankara,Music,Note process like prepare mind during middle but sort manager try enough generation between today spring. Stock coach per enough whatever cup nearly think.,155,#vibes #nowplaying #playlist #musiclover,TRUE,18-09-2024,Android,es,341,43,20,0.0623
6eb2fc89-b063-4882-9070-891b09cbe56b,e35fefb8-b8fc-426a-8bea-8228da6ec9ea,davidjones,Other,31,26802,5662,14-08-2015,FALSE,Izmir,Technology,Significant mind commercial may similar heavy key nothing sound example almost water section her nice it rest affect old own these bag. Agency trial respond president rather affect.,181,#innovation #future #tech #gadgets,FALSE,09-05-2024,iPhone,en,1285,130,114,0.057
00d928c6-a495-4385-8550-8bdcab254505,4e2620c4-0ffb-46c6-96e6-247e7477e120,jnicholson,Female,27,60371,5343,21-09-2016,FALSE,Istanbul,Books,Program lead run career level. Eat method lawyer view.,54,#literature #reading,FALSE,16-06-2024,Tablet,de,2957,202,195,0.0556
b53767ca-624a-4798-9e38-1685a7fef0b9,da24368c-3fa2-4924-b6a4-b16844ecbbd1,leekathleen,Male,54,80267,2170,22-09-2017,FALSE,Berlin,Travel,Family girl billion difference expert under common writer phone spring television hope want difference issue response her marriage paper house information should art what big. Prepare group north high.,201,#travelgram #vacationvibes,TRUE,18-10-2024,Tablet,fr,4051,590,84,0.0589
ea149748-191c-49cc-95c3-df08833fc0ad,ad4dd38d-027c-4380-806c-39c60115639a,nguyenbrian,Other,20,14996,7852,25-04-2021,FALSE,Berlin,Technology,Might dream yourself a impact beat evening always her voice student that. Six shake whose.,90,#tech #future,TRUE,17-11-2024,Tablet,en,759,47,17,0.0549
b75b1e84-1afe-4a66-87bb-3505bed4cdd5,18d11c8c-d6da-4346-990e-aea056fae5ed,lewisbrent,Other,56,25397,6917,20-01-2023,FALSE,Izmir,Fitness,Tell condition on for concern prove pattern book amount. Throw forget her walk product.,87,#healthylifestyle #fitlife #gymtime #workout,TRUE,03-07-2024,Web,tr,1291,138,43,0.058
26095e26-df00-4087-8298-107c896335c5,037f9b84-7889-48c7-b632-69b912a0fb06,daniel73,Female,46,8474,892,18-02-2020,FALSE,Ankara,Books,Mind top family study wonder site pressure production today throw American my society contain group. Eye season positive dream area truth prepare present.,154,#readmore,TRUE,31-03-2024,Android,fr,412,59,16,0.0575
f910f5c7-fefb-4787-a477-4e70b1da79e4,37bef2d1-a44e-4fde-8913-858549c85ee4,aaroncox,Male,45,52286,9375,11-04-2023,FALSE,Izmir,Books,Happen energy price give continue sister of to number team Democrat bill stock memory shoulder special two per generation kid than trade what. At instead late child score section ground.,186,#readmore #bookworm,TRUE,11-02-2025,Tablet,en,2603,140,240,0.0571
65b2475f-5bec-4410-8020-2c46c0ab01f3,20f01537-9745-4fe3-8359-768e4d98673a,william60,Other,28,24212,5553,12-10-2024,FALSE,Madrid,Health,Actually reason condition shoulder need wish attention nearly culture office crime seven well expect five more world. Position near exactly thing no though.,156,#fitlife,TRUE,12-02-2025,Android,tr,1241,73,77,0.0575
a3f3abb5-1558-4fcb-b11f-2b346a2aacb5,560b7d2b-b34b-4a40-9e21-91788b97f300,spencerangela,Female,38,90441,2257,24-04-2017,FALSE,Istanbul,Books,Drug born cut statement central herself which radio although management growth lot receive matter how music man. Say stand bring special really miss.,149,#literature #bookworm #readmore,FALSE,09-05-2024,Web,fr,4328,380,327,0.0557
b7a79cff-668e-4f49-bcda-b14e90b5bfa2,10bbb401-e59b-4ce9-ad9e-781531e02724,ujones,Male,43,80364,7505,12-01-2020,FALSE,Berlin,Books,Scene able throughout throughout hotel last. Day eight expert student theory single color.,90,#literature #bookworm #readmore #reading,FALSE,08-03-2025,Tablet,tr,3839,465,379,0.0583
8f472c3b-4426-4207-8582-12344a0cf35d,6dc21240-1f4b-4348-8ae6-59deb3dc8ed4,tpowell,Male,23,42916,564,12-09-2016,FALSE,Izmir,Finance,Measure want material throw dinner worry cold work training decade daughter stop decade three citizen mean four investment. Movie deal agreement win official pass.,163,#crypto,TRUE,26-02-2025,Tablet,fr,2053,297,68,0.0563
c39d10ce-22e9-4f7c-b71e-de94d99ecc47,a0d6a35a-e913-4d89-a2ee-5d1bab695af9,kathryn17,Male,47,96892,5230,11-01-2019,FALSE,London,Technology,That successful able three somebody sort color two. Maintain whose hotel show.,78,#gadgets #innovation #tech,FALSE,29-06-2024,iPhone,fr,4949,731,118,0.0598
fa2d9df8-1da7-4273-b033-d774d901df02,6fea1d2d-9bf9-4bbb-b57f-3647ec6ea3ac,isaac63,Female,52,40416,4397,18-01-2017,FALSE,Paris,Fitness,Because friend table again be important with ever model long art stop. Family occur officer individual out.,107,#gymtime #healthylifestyle,TRUE,22-12-2024,Web,es,2116,233,62,0.0597
7d4e46e9-dc25-4a1f-94de-7e2986369713,b81bfa12-f58c-4508-bc27-f9b7883488db,mcclurechristopher,Female,16,54907,4911,26-02-2019,FALSE,Antalya,Politics,What bring buy face some job buy game skill establish. Rather type rest prepare thousand stuff they.,100,#politics #worldnews #news #election2024,FALSE,04-06-2024,iPhone,fr,2750,298,195,0.0591
e7e6d6f1-f9b2-4e6d-9f7c-482ed9c9ba28,4e38f592-c86d-437c-a4ad-a0914039f68b,abradley,Other,52,16417,8059,26-05-2023,FALSE,Berlin,Food,Course unit film police approach gun bad material land whom it. Bank start prepare fall.,88,#instafood #yum #homecooking,TRUE,25-10-2024,Web,tr,820,95,35,0.0579
6a7aa00f-1c8d-476a-b228-ebfb285a59aa,92659194-ad6c-4e56-ae9f-9f40b84b3338,elizabeth21,Male,42,57996,7987,07-06-2015,FALSE,Berlin,Music,Serious eight almost maintain appear how question all fill lot remain discussion join. Certainly expect statement production tonight staff.,139,#playlist #nowplaying,FALSE,22-05-2024,Web,fr,2750,275,162,0.055
790225f3-79c0-4aa4-a104-27ca149eeb67,af0b9c27-62c6-4957-a763-2336a45900e4,ythompson,Female,23,31247,832,11-04-2024,FALSE,London,Gaming,Production house discover big determine attack happy arrive ahead court three pretty enter rather ago artist understand son whole. Until policy these to agree.,159,#gamerlife #twitch #gaming #esports,TRUE,27-06-2024,Web,es,1586,208,89,0.0603
0d86adcc-0220-4e94-9573-24fc15805e12,42c3e70d-6d19-435c-bd32-5d140ec145ae,opatel,Other,59,73922,6597,05-06-2019,FALSE,Berlin,Memes,Often camera concern language soon responsibility strong mother street note build man unit water everything. Himself decade since yard.,135,#funny #relatable #lol #memeoftheday,TRUE,28-05-2024,Android,tr,3708,489,318,0.0611
91e58738-7888-49a8-8875-284a725e593d,ff6942fd-9d57-49f3-b478-a45042847f27,ihorton,Female,41,96333,2192,13-03-2023,FALSE,New York,Pets,Explain grow all magazine agree. Wind people role my meet bank.,63,#petlover #dogsoftwitter #catlife,TRUE,13-02-2025,Tablet,tr,4798,288,390,0.0568
f4d225df-cdf0-48bb-a2a5-2d95f855c347,1bccb781-7253-47eb-bcc5-b5e0c19ecd9c,michael04,Male,24,80395,7893,24-12-2021,FALSE,New York,Memes,Few notice mention tax either course young morning prepare present thus friend. Here sell Republican others nature thing.,121,#relatable #funny #memeoftheday,FALSE,24-11-2024,Web,tr,3897,280,183,0.0542
82028b31-0477-4fa1-b3a7-4c6402cb9537,41dfa397-a4b2-4b88-a22d-21e8f76b1dfa,davidsharp,Male,29,13151,7995,05-03-2020,FALSE,Istanbul,Education,Than we reveal between wind federal decade large behind sport school. Sit however itself effect fear should off.,112,#students #knowledge #learning #edtech,FALSE,13-07-2024,iPhone,tr,663,48,59,0.0586
02e991de-e053-419f-b4f0-3cb72ec4c0da,38c1a58c-4bfd-40ae-92eb-9adbf2847122,donna72,Female,41,16066,7975,12-01-2025,FALSE,Bursa,Books,Suggest away new likely present economic common describe realize significant join fine this environmental bit partner expert. Ability want own second.,150,#literature #reading #bookworm,TRUE,16-03-2025,Tablet,en,858,61,25,0.0588
2e38fe92-9ddc-4886-8526-8b55b28fa988,a73d1df5-b63a-451b-9661-c27555520221,hneal,Female,55,71759,7244,16-03-2021,FALSE,London,Photography,Tend defense finish generation thank community issue prevent television lot charge. Family oil traditional ok put strategy.,123,#dslr #snapshot #photooftheday #travelphotography,FALSE,15-12-2024,Web,de,3547,235,46,0.0533
0dd060dd-fbc6-42f7-a025-ba4e1f4945f4,5fd837f0-fa30-4758-954d-4072d1a9cee7,whitejason,Other,59,12519,362,22-07-2016,FALSE,Antalya,Music,Once real line certainly page important wide usually. Teacher run walk much little show interesting institution.,112,#playlist,TRUE,05-07-2024,Android,tr,650,94,22,0.0612
26ac31ac-1584-44c0-b066-4d440a26e8d6,d901b7b7-5963-4182-ad67-b9383e2a9f34,knapprichard,Male,56,75408,8566,18-09-2023,FALSE,Paris,Finance,Person the heavy right standard tough she could wide. Attorney economic for traditional left stage system then.,111,#money #investing #crypto,FALSE,18-06-2024,Android,de,3796,471,262,0.0601
f7eb1135-5861-46e2-acdc-e76fe617d494,b2438142-75c8-4bcd-b7e5-30d01de2df72,burtonzachary,Male,17,23501,2934,23-05-2018,FALSE,Ankara,Travel,Edge until authority science environmental surface need through. Tv remain order spend.,87,#travelgram #explore,FALSE,27-01-2025,iPhone,fr,1133,97,112,0.0571
6a9a57ef-eba8-4ddd-b739-8ecb7f994a0d,0687ba66-fbc7-4a4c-a7e3-405e92519217,melissa55,Male,59,50731,7515,02-09-2018,FALSE,Bursa,Books,Participant add ago best already my skill management term star personal of capital. Personal let reveal might now success manager.,130,#bookworm #reading #literature,FALSE,01-06-2024,Android,tr,2529,325,183,0.0599
16e908b3-31bb-475a-b2f0-f6e348b1eee4,a63025ca-e260-4081-ad6f-8db4873c1f88,kimberly44,Female,58,84590,3506,31-10-2015,TRUE,Paris,Politics,Factor former spring record against rather per still expert actually way team whose guess hour character matter remain before fly line phone think everything. Them science condition cold fly have run.,200,#politics #election2024,FALSE,02-04-2024,Web,es,4148,248,275,0.0552
bb4d0892-9828-4c77-97cb-b74682c773d7,11d0c0e1-a2ae-41b0-adff-4321e6da25b4,qnielsen,Female,36,2396,4927,27-02-2018,FALSE,London,Health,Full position enough nearly company seem. Social get professional feel he.,74,#wellness #healthtips #fitlife #mentalhealth,FALSE,28-02-2025,Web,es,127,8,12,0.0614
0f5c82e7-1a73-4dee-9817-776b43c6a72e,a98130ba-b643-4cc9-ae3a-418b83217160,uwilliams,Male,45,32409,3805,06-12-2021,FALSE,Istanbul,Memes,Movement long perhaps item force degree white bank thousand happy require coach age item west prepare pick itself car hear participant compare cover however performance. Next gun kind result live whatever research.,214,#funny #lol,FALSE,07-06-2024,Android,en,1649,172,26,0.057
e25466e4-e70d-4af8-888f-d69d9b13a1fe,56d1e3dc-8e4c-4aad-9036-6bf3014248ae,melissawhite,Other,32,18937,6004,22-02-2020,FALSE,Berlin,Fashion,Thus task air parent American many game recently grow Congress which study. Radio article call manage attack three check.,121,#lookbook #ootd,TRUE,23-06-2024,Web,es,932,109,31,0.0566
78a9f10f-16f6-47b4-8a60-18f2e147da5b,f9dba011-c9f0-4310-a8f0-5c76d6151ea0,abrown,Female,39,13933,7582,04-11-2021,FALSE,Paris,Fitness,Measure view there course quality notice serve early. But western pretty pick nice picture.,91,#workout #healthylifestyle #gymtime,TRUE,16-05-2024,Web,fr,709,81,13,0.0576
b71efa02-2de4-4037-95a1-3d3e319b1560,c2f33b0b-6e16-4069-9b43-122d8aa074e8,ariana50,Other,19,6395,8442,13-04-2017,FALSE,London,Music,Wall organization prevent early executive lawyer school civil statement first back anyone size likely pay teach always red apply win once. Fund cut serious per black ground.,173,#vibes #musiclover,TRUE,19-01-2025,Web,tr,296,19,27,0.0535
5cb88734-59b7-4289-af72-1d2f2d83f3b0,b73f8d68-16de-4821-9ab2-6d085c872386,robintorres,Female,55,23430,615,27-02-2023,FALSE,Berlin,Books,Day describe top current bar idea western full become billion artist develop. Eye evidence red cup.,99,#bookworm #readmore,FALSE,02-04-2024,iPhone,fr,1210,177,51,0.0614
3afbfe1b-ec9f-4523-8aef-a162f690db67,791b9230-326e-4e73-9419-cba2036cb5be,ecohen,Male,41,22653,4578,17-04-2023,FALSE,Ankara,Memes,Smile among us themselves care suddenly statement any something short bank school. Property your thus page tend nor food.,121,#funny #relatable #lol,FALSE,16-03-2025,Android,de,1085,128,99,0.0579
52e330b4-23a1-4d37-8586-6424724e117c,deadf8ee-74d4-47b2-baed-60c47421b8c1,waustin,Other,58,44034,2509,05-06-2024,FALSE,Izmir,Art,Crime care nothing live movie election we game party never international. Long entire notice southern middle represent agency.,126,#creativity #artlife,TRUE,22-06-2024,Web,es,2194,315,181,0.0611
5c2d3261-924b-4506-b64b-e77c660eb54b,7d2abd6d-6ee7-4f98-8eff-324623350672,ortizwilliam,Male,43,46651,4178,28-09-2017,FALSE,Izmir,Food,So remember culture young return side report teacher you nor wide nor seem put job long without play run nor sure food fall. Shoulder a coach almost large write cover.,167,#instafood #yum #foodie,FALSE,28-09-2024,Tablet,fr,2295,226,151,0.0573
d2aa9d53-b742-4db2-9275-7860debd4905,ee97aa3d-aedf-4331-95bc-2a88d9170d2d,lisa23,Other,16,19675,7967,17-09-2015,FALSE,Berlin,Finance,Little I good movement civil suffer laugh quickly him artist have issue instead from speech sell decide. Third evidence democratic special I.,141,#stockmarket #crypto #investing,FALSE,23-02-2025,Android,fr,933,55,21,0.0513
65e4ca0d-671a-4c0b-a505-7beb1389f4fe,52292f31-04db-47ef-bb09-0f3d37087d93,nicole15,Other,52,99219,6943,22-05-2016,FALSE,London,Pets,Word break two agreement woman society. Chair process green activity just class American.,89,#petlover #dogsoftwitter,TRUE,04-12-2024,Tablet,es,4887,619,138,0.0569
86532fc3-2b71-4675-8046-5bdf48e3406c,42f6f98d-7772-45c8-8f39-bc54e8f2a6cb,tkelly,Male,22,30562,5892,04-10-2024,FALSE,Istanbul,Finance,Authority sense American available hope report dinner television partner must heart. Response few face military dog note land.,126,#investing #money #stockmarket,TRUE,17-01-2025,Tablet,es,1513,207,104,0.0597
34f65cab-997c-4a1c-bc4d-4c73a31bb225,e9367d71-b967-4691-ad18-35f38b2cf0f9,joshuawood,Male,49,29978,4619,03-03-2016,FALSE,Bursa,Technology,Possible inside throw newspaper kitchen music painting south box I face ready next short either. Remember add stock attack.,123,#future,TRUE,14-08-2024,Web,fr,1528,99,95,0.0574
ee74a300-b12f-4df1-9790-5523dd2e7c27,7073d3f0-757e-4785-883a-4e2fcc84c97b,tracy20,Female,60,37289,7848,11-02-2021,FALSE,Bursa,Photography,Pass team son key visit here stop. Response perhaps available walk quite.,73,#snapshot #photooftheday #dslr,FALSE,12-09-2024,iPhone,fr,1805,142,115,0.0553
d9469d9f-5bc2-49ce-8e88-257b965cb01b,ab174ca1-6b78-42e4-8844-a3f52bacff9d,combscharles,Other,38,7880,8770,16-01-2016,FALSE,New York,Food,Movie left building water bar cell free nothing new current modern security history structure. Too early art recognize beat actually us.,136,#yum,FALSE,24-06-2024,Tablet,de,394,41,8,0.0562
af49552f-ccd8-4ad5-bb8f-f1f3ac7ab94e,473444de-33e1-43b9-b099-7f027709d591,wilsonzachary,Male,18,38216,7802,22-12-2020,FALSE,Bursa,Fitness,Environmental firm likely choose his house finish firm agreement whether table concern talk section story. Manager notice glass behind.,135,#healthylifestyle,FALSE,17-05-2024,Android,tr,1892,200,172,0.0592
0c6130bb-32b1-4e40-9281-62ab39eea9e4,96e0fc16-d696-40c7-a7df-cdae048f42df,crossnicole,Other,25,55885,3702,23-11-2024,FALSE,Bursa,Music,Clearly other other food travel as skin must majority research or none start analysis north according task foreign yeah. Draw human since executive career million water because.,177,#playlist #musiclover #vibes,FALSE,13-09-2024,Android,fr,2769,301,248,0.0594
6d271641-f61b-4574-96db-564bf99cbcb8,601182d3-2cb8-4ec1-b69b-49545aeba420,mcknightbrandon,Other,18,4076,8857,03-04-2021,FALSE,Ankara,Photography,Billion become including fire actually room school from civil interest officer least. Nearly goal first detail left.,116,#photooftheday #travelphotography,TRUE,22-10-2024,Web,en,192,25,15,0.0569
e0359778-889c-4fa0-b1b9-747c7bc803d3,03b598b3-6b2e-46c2-8c73-cc4c45250468,evanssara,Female,60,86531,8029,23-01-2023,FALSE,London,Finance,Give technology care high us area among soon music party hundred protect right themselves carry plan choice. Across local according state occur list mention.,157,#crypto #money,TRUE,26-06-2024,Web,tr,4209,569,255,0.0582
ab129ac1-0c21-4e8e-8e89-45f11710023b,1f653db1-c96b-45da-a7a6-9dc30eaec3a2,julievillanueva,Other,37,5400,7644,17-02-2019,FALSE,Izmir,Fashion,Nor writer allow word not try every brother experience into whole bill much most. Them really relationship another.,115,#lookbook #fashionista #ootd #style,FALSE,08-05-2024,Tablet,fr,276,16,5,0.055
b4068fb9-6faa-4733-8fc3-7fa8d1df3ea7,6983b257-f0d9-4a0e-bb3b-bbbd087e1f90,steven31,Other,21,33633,8779,15-06-2022,FALSE,Berlin,Politics,From today hard power southern customer plant open election although personal late great. Property be wear poor.,112,#politics #news,FALSE,19-03-2025,Android,en,1615,183,109,0.0567
c4678900-a285-4707-8745-eeba96fb17c3,c0f0320d-c63f-4aea-92b8-cdf4ba98240c,jgallagher,Male,16,55370,5573,01-09-2024,FALSE,Ankara,Health,Imagine indeed seven draw order manager event assume poor join politics form. Agency so big main director prove picture.,120,#mentalhealth #healthtips #fitlife #wellness,FALSE,20-03-2024,Tablet,es,2772,219,193,0.0575
d4146c2d-79b1-4704-a7a4-d04542c1f51b,7deea7d9-1547-4297-9ae8-1b295155377d,donald51,Male,27,42485,5530,15-02-2022,FALSE,Bursa,Travel,Military yeah decade mother member standard evening drive us drive boy worker create south prevent financial notice no agent. Assume apply great.,145,#wanderlust #vacationvibes #explore #travelgram,TRUE,10-12-2024,iPhone,en,2092,307,157,0.0602
19f8eb76-402f-4949-8c4a-1d6be2bfaa54,4983c408-3013-4744-bb46-d187bd13a526,alvarezalyssa,Other,47,60162,4059,15-03-2021,FALSE,Berlin,Health,Tell blood among action car hotel soon Republican power scene world yet. Boy movie participant adult man.,105,#mentalhealth #fitlife #wellness,TRUE,08-04-2024,iPhone,es,3091,289,55,0.0571
618d3e71-d9ce-454d-80b7-a5e000edcfe0,50871d7b-d537-4178-9f69-e7af28f7d93e,pamela10,Other,32,92536,9265,22-02-2019,FALSE,Madrid,Finance,Represent eye various state material make girl professional test offer other whole my pass foreign above face. Establish onto that hot speak.,141,#stockmarket,TRUE,04-01-2025,Tablet,de,4718,331,400,0.0589
e6b1e120-c7a2-45a2-9a35-17c80a577cf7,0299427e-31cf-470e-9769-788da852a49a,michaelcesar,Other,45,3627,3484,01-04-2023,FALSE,Antalya,Politics,Mission require mind reality remember leave practice eat new compare top watch administration lot effect senior same he argue recognize treat model follow himself. Size speak boy last next final against country.,211,#election2024,TRUE,26-06-2024,Android,en,174,19,10,0.056
b50f3ac5-3e52-4589-8e48-4bb3ccb47d62,3d707c6b-9a1c-4f0a-a683-06979f3ba3a5,ryanwood,Male,25,88311,6604,24-08-2017,FALSE,Antalya,Education,Minute six have customer power whether last ten relate position usually rise short west. After push analysis foot speak nature.,127,#learning #students #knowledge,TRUE,10-11-2024,iPhone,tr,4358,352,272,0.0564
ead5d8f0-7afe-4795-9069-bfa8b0a4084f,1ff56c49-6b2a-4fc0-a6ff-fb179281d2a3,webbalexandra,Female,55,61793,560,15-10-2023,FALSE,Istanbul,Music,Speak nor medical fight president country hour hard soon pretty. Their begin environment responsibility goal.,109,#playlist,TRUE,29-04-2024,Tablet,en,3159,408,47,0.0585
0057666c-7915-4cff-8860-47f09658c55e,c36c3fa0-b1dd-4f1c-83c0-9585a60dbbe1,sharon37,Female,58,57235,6438,17-10-2015,FALSE,Ankara,Art,Since cup out interesting wall pressure get who until fight time treatment. Son why certain indeed free.,104,#artistsoninstagram,FALSE,22-08-2024,Tablet,tr,2839,337,264,0.0601
ba28ec69-b962-4979-9d8c-6268d9967be7,1a060dee-05a1-4a84-9c1c-a9f1439ca734,sarawilliams,Female,38,5446,9239,01-12-2016,FALSE,Madrid,Fashion,Fly present whole deep audience sing former Mr off check. Idea style after.,75,#lookbook #style #ootd #fashionista,FALSE,24-01-2025,Android,fr,295,16,9,0.0588
dba9b345-009a-45f9-8b45-0fe0fb55c63b,ce738946-8b82-45d7-af88-82e6ba4d94e9,derrickgonzalez,Male,30,47128,8039,06-03-2022,FALSE,Antalya,Fitness,Site activity all voice gas. Kid city land bank.,48,#workout #fitlife #gymtime #healthylifestyle,FALSE,14-12-2024,Android,fr,2336,218,95,0.0562
d5226c67-7562-42d6-8215-522b1c43e728,c62603bb-5f92-46c5-8d92-83c2c03c12e0,matthewbrennan,Other,29,63280,4533,24-04-2020,FALSE,Ankara,Pets,Decade nature eat analysis company bring ok address crime street director so. Fall person poor tell.,100,#adoptdontshop,FALSE,03-12-2024,Web,en,3212,426,176,0.0603
44b0e2dc-dea3-4077-b6e2-8ba583f2e455,16f51509-6f07-456c-8754-267f7d248cce,meganjones,Male,56,75883,3452,06-08-2017,FALSE,Istanbul,Health,Time skin chance religious drug national political that son. Take out thank red.,80,#healthtips #fitlife #mentalhealth,FALSE,17-08-2024,Android,en,3678,341,89,0.0541
5bf43511-072d-47a0-bcaf-53c2a0c13d4a,1217b806-6175-4723-9c89-1a04c29cb35e,johnsonryan,Other,51,26833,7638,20-02-2023,FALSE,New York,Food,Film reduce look whatever would source avoid different. Out about expert alone.,79,#yum #foodie #instafood #homecooking,TRUE,09-05-2024,Tablet,tr,1330,173,104,0.0599
90003832-3201-4fe8-ba9d-533ffae6754d,24143119-a6e1-4b20-a0ce-16d03156c1ae,gibsonmiguel,Other,37,85479,7381,28-05-2015,FALSE,Berlin,Food,Anyone ago along most health science agency air surface class change field size manager Mr former coach contain popular talk. Hundred goal begin per consider.,158,#foodie,TRUE,27-11-2024,iPhone,tr,4191,245,417,0.0568
9c691d87-3fac-4153-9801-725a18dd63c8,afd84d25-664b-4ca7-9502-ca2f9a702447,haroldhorne,Male,57,62240,2887,26-10-2015,FALSE,Istanbul,Music,Look too choice ok human mention peace field program such beautiful lay. White attention nature meet.,101,#nowplaying #playlist,FALSE,12-05-2024,Web,en,3006,336,241,0.0576
36b9d03a-d22e-4ef2-bd10-400c9784c147,1416b3c5-532a-4fec-af9a-c4f4328bacf3,barbaramitchell,Other,47,10403,9246,04-01-2025,FALSE,Ankara,Fashion,Stage six message tonight control cold material child remain or may out total social own teacher major themselves none rule ok exactly huge idea agree will him. Write issue notice program.,188,#lookbook #fashionista,TRUE,06-01-2025,Tablet,fr,482,65,17,0.0542
6cb077d0-a079-4ac5-9a02-aff3ca31cbef,598d03d5-435d-48e0-af44-cb37afde5dc9,randysmith,Female,37,82876,6161,25-05-2023,FALSE,Ankara,Art,Turn contain necessary respond large perhaps. Produce bill matter into win success.,83,#digitalart #artlife,TRUE,23-09-2024,Tablet,en,4237,321,361,0.0594
1ded19e1-02e6-4a32-b3cb-65a349adc5cc,1896a723-08d9-492b-bfc9-90fc198ebc6c,james60,Male,58,35679,4745,14-04-2017,FALSE,Berlin,Photography,Design federal let myself executive. Life practice mission.,59,#photooftheday #dslr #snapshot,FALSE,31-03-2024,Android,de,1758,171,77,0.0562
65ea2fb5-806e-4d68-b075-0731a5862276,b9e0a971-e464-4a22-b959-c3a80e6be86e,carterdennis,Other,58,92913,2564,20-11-2019,FALSE,Ankara,Politics,Director sound can meeting end thousand history protect sound building half democratic. Democrat nice race recognize lot trade western.,135,#worldnews #news #election2024,FALSE,22-09-2024,Tablet,es,4686,676,62,0.0584
c74870fb-32bf-4462-8bb0-8b710ebe1f9f,10825e06-731a-4d31-b0ea-24c2d977fe8f,nhammond,Male,56,97893,9496,03-11-2015,FALSE,Madrid,Photography,Manage particular camera play describe send significant investment. Mission Congress reality piece ready.,105,#snapshot,FALSE,20-07-2024,Web,en,4970,266,403,0.0576
f9b30281-1289-4e33-ae9f-05f043dfe97c,4d1dc849-becc-4082-ad90-81d0534da3ca,brian63,Other,57,1210,2738,05-07-2016,FALSE,Bursa,Music,Between traditional option democratic himself great necessary hit who improve. Strong include church benefit first here blood.,126,#nowplaying #playlist #musiclover #vibes,TRUE,01-10-2024,Android,de,65,6,1,0.0595
f24c1dc4-a065-4bd2-8010-2405290e6067,2ec086f9-6e12-4ff3-8fdf-0ee0d15d5f02,carl07,Male,36,44288,2925,05-11-2019,FALSE,Madrid,Travel,Test paper later black newspaper popular standard project decide probably. Couple doctor word floor everyone either.,116,#explore #vacationvibes #wanderlust #travelgram,TRUE,18-02-2025,Web,fr,2216,204,108,0.0571
1fb0c1eb-1bb7-40b3-96af-5fe4dcfc5d28,adcdba22-9ee9-4ccb-851e-c3b599b3ef1e,reesesamantha,Other,55,31602,4044,21-07-2021,FALSE,Berlin,Travel,Coach serve movie painting want hot structure ability full home role nor degree various because scientist yet star seem throughout their production. Item every blood charge admit development human.,197,#vacationvibes #travelgram,FALSE,02-04-2024,iPhone,fr,1535,78,55,0.0528
6597e536-234e-410f-a5b4-9688c668255f,04f9d452-d112-4958-87f5-bd4d141bafc5,fosterjohn,Male,51,7063,5935,06-12-2015,FALSE,Antalya,Photography,Skin a free five at born loss center available. Others gun pull skin.,69,#photooftheday #travelphotography #snapshot #dslr,FALSE,09-09-2024,Web,tr,335,29,11,0.0531
a49f3fec-8f02-4692-aaf9-d13ee5652766,6a48486f-96ba-4846-bb0c-696824f6390f,caitlynbennett,Other,53,7002,9472,05-07-2015,FALSE,Istanbul,Books,Early this finish surface company peace test wife production measure alone. Apply interesting employee skill chance eat.,120,#bookworm #reading #readmore,TRUE,03-11-2024,Web,es,377,49,34,0.0657
3de9ce3c-03cc-4e07-837f-ec5f9e032047,9daf82b8-7acb-45dd-ad19-264f869719c3,alan48,Other,19,91903,2983,18-09-2017,FALSE,Paris,Photography,Surface must seek strong generation usually task class campaign. Mention company once million central have.,107,#photooftheday #snapshot #travelphotography,FALSE,08-05-2024,Android,de,4646,576,104,0.058
31f94a54-de3d-4b60-b375-279ee8e795f9,b60a836d-9d73-4d3f-b7fc-9f728b6f0778,longshane,Male,50,22335,217,04-12-2020,FALSE,Ankara,Fitness,Hospital mind some free quality full could art especially behind common century. Call trouble toward.,101,#workout #fitlife #healthylifestyle #gymtime,TRUE,12-08-2024,Tablet,es,1068,65,87,0.0546
ee57c83e-5c6f-4586-afa8-1d535d1f0ef6,c1c3ee1a-53f4-4e94-9a20-3cf8b6a5ec6b,cindy96,Female,39,10131,677,09-07-2022,FALSE,Ankara,Fitness,Cause about government usually over subject finish measure either place. Rate another list.,91,#workout,FALSE,02-06-2024,Web,de,494,60,8,0.0555
d0588a2a-41cf-44c8-86e2-b2e7b976edee,431c0827-eda9-4193-921a-424db7ed7fa8,hodgesjohn,Female,17,50423,6318,23-10-2017,FALSE,Istanbul,Fitness,Expert eye cost anyone according where cold reduce manage worker wide control official very remember exactly force sing decide prepare. Cup in raise.,149,#fitlife #gymtime #workout #healthylifestyle,TRUE,20-09-2024,Tablet,es,2590,320,194,0.0616
789edd65-39c5-4004-840a-6430aeff2b78,9c6a02b4-a57d-47e0-9b32-30eb7e0bd284,jamesrodgers,Female,42,21179,8167,03-12-2019,FALSE,Paris,Art,Hot able example admit become space religious part. Hotel chance challenge mother everything.,93,#artlife,FALSE,15-05-2024,Tablet,en,1061,118,78,0.0594
8d2e09c9-390f-45c6-8e55-50212a28a265,b2bf90cc-34f2-4690-9de6-81a16ea0dd5e,ricejennifer,Other,32,35922,6278,05-01-2020,FALSE,Bursa,Art,Act organization happen half probably cultural operation word fund fly company individual interview future deep word boy left mention economy consumer. Indeed offer particular center cold culture condition.,206,#artistsoninstagram,FALSE,19-11-2024,Android,de,1672,236,60,0.0548
99f9ab03-83f4-4233-996e-dde19a5422b9,0b14f1a5-552d-47f6-9074-2a078cbb93d7,contrerasangela,Other,31,54064,4421,23-12-2016,FALSE,Ankara,Memes,Artist ask reality likely north lose magazine part structure prepare rule level see doctor ago. Discussion mother glass at.,123,#funny #lol,TRUE,02-05-2024,Web,en,2734,238,154,0.0578
c6866772-c124-49a1-9cbf-b6df5f363a68,e25ced4d-7113-4418-b2d2-656a6676713b,kproctor,Other,46,29707,164,22-06-2022,FALSE,Antalya,Pets,Hot population difference be past build business religious culture drive throw quality teacher stage into keep personal then computer. Policy family provide game.,162,#petlover #catlife,TRUE,06-01-2025,Tablet,es,1447,128,79,0.0557
1e7bb7de-4712-4fc1-b169-9ace6039914f,b1008e03-50c2-47ab-9011-e71b141d6fbd,martinbradley,Other,38,29961,9127,08-10-2017,FALSE,Bursa,Books,Director concern so commercial rise fall need activity government however operation good themselves while business available few pretty student fund church prevent step. Whom clearly enjoy remember data none walk.,213,#reading #literature,TRUE,29-12-2024,Tablet,es,1503,125,51,0.056
95ec3347-56c1-4fcc-bab4-a38b34b57628,27011e25-b7db-48a9-a54c-eb08b9ad2fdd,johnsonmelissa,Other,21,11443,3733,05-07-2019,FALSE,Istanbul,Travel,Culture always occur future full feel miss today measure enough less. Character country scene certainly happy they.,115,#wanderlust #vacationvibes,TRUE,06-06-2024,iPhone,de,582,53,41,0.0591
4fdec21c-ca95-4939-8964-d0870db89954,521e6435-7172-43c0-9982-7184270d7ca8,cjackson,Female,38,15462,7978,29-05-2022,FALSE,London,Finance,Very surface baby many plant get technology city difference so attention despite mean safe step leg. Wrong story quality democratic finally.,140,#stockmarket #investing,FALSE,10-11-2024,Web,de,755,49,15,0.053
e2d1ea26-1a84-4aa3-8d8c-f215d42a5b4a,ac0d50fb-6fa4-4816-ad03-74765521e9f1,reneehernandez,Male,54,33729,8642,12-10-2017,FALSE,Izmir,Finance,Create travel subject score statement many. Order good magazine available.,74,#stockmarket #investing #money,FALSE,14-05-2024,iPhone,fr,1647,246,54,0.0577
ae4d6fc6-aa3c-44f8-957e-6fee6680f1c2,90677f84-c0be-4567-ab1d-00c38f77cc79,prattjustin,Male,40,55122,5744,23-04-2018,FALSE,Istanbul,Memes,My purpose trade state girl himself important room support they tell any. Fire carry series good property.,106,#lol #funny,FALSE,26-06-2024,Web,tr,2842,380,134,0.0609
759fd24a-b556-45a4-a16d-40014dc58c55,81bd04f2-ea64-404c-9224-7da357fe86f5,kingchristine,Other,31,71983,7221,12-05-2020,FALSE,Antalya,Education,Exist approach its pretty sister your worker. Perform interesting reflect summer method staff.,94,#knowledge,TRUE,26-10-2024,Android,tr,3552,392,300,0.059
077e4434-4e46-4544-b0ca-8955b74f6b1b,5c2335c0-cb3c-4bae-bcfe-531241df5cf0,lukemyers,Other,29,73203,2968,10-05-2023,TRUE,Antalya,Photography,Husband involve personal affect rather wonder southern mouth film vote music human indeed you four himself eight. Role home two tough.,134,#travelphotography #photooftheday #snapshot,FALSE,14-02-2025,Web,fr,3614,389,355,0.0595
b134df2b-1ccf-404a-9801-72935bf9b3a3,31380c2a-e9dc-4197-bb65-4440fff9948b,gregorylopez,Female,41,41674,1356,02-07-2017,FALSE,Berlin,Music,Without put race east put mind firm dark nation decade serve. Follow marriage series maintain go.,97,#playlist #vibes #nowplaying #musiclover,TRUE,31-08-2024,Web,de,2104,174,207,0.0596
87e492f5-fe5c-4f73-8b9b-fb709654a637,1752ff0c-df6e-4f5e-b4a1-ab66943ad089,mark09,Male,52,74129,7976,07-10-2015,TRUE,Berlin,Memes,Itself as cup place response start like eight wish hundred member likely doctor. Fire staff sing.,97,#funny #relatable #memeoftheday #lol,FALSE,22-12-2024,Tablet,en,3651,191,313,0.0561
a16312ae-54d2-4527-bd4a-da339cea6268,91a6e229-9205-4fcc-bd81-f037d6c04718,ichambers,Female,31,29527,6869,14-05-2020,FALSE,Berlin,Food,Mrs dark agency show husband create return so couple face positive tonight marriage project. Child reveal consumer phone guy sometimes.,135,#yum,TRUE,19-12-2024,Web,fr,1495,92,16,0.0543
a48dbc64-6412-4345-a9e2-84447e323e3c,0eda42fd-a925-4c26-9109-9364c75ea753,marcusrodriguez,Other,18,17460,3832,11-02-2025,FALSE,Istanbul,Photography,Born region candidate boy decision indicate fly its animal bill task point military also main property create. The court difficult perhaps whose.,145,#photooftheday,FALSE,19-11-2024,iPhone,tr,887,59,44,0.0567
170c0b92-ecc8-4f70-b33f-67eb699db9bd,e439b6c5-05fb-4767-871d-de2a1c0026b2,nhester,Other,19,63120,4849,14-12-2023,FALSE,Istanbul,Music,Class air us left reveal game appear bank apply manage my. Report deal low information quickly trial.,101,#vibes,FALSE,24-04-2024,iPhone,fr,3055,339,199,0.0569
42fcbcbc-667e-4d8b-a3b7-83ec4103f44f,c36ba4e4-9402-47fb-99fb-cd3adbdc7080,paul60,Male,39,5040,3493,24-11-2023,FALSE,Ankara,Education,Ask despite choice green within manager sit goal baby see citizen bank artist poor. Drop old church play hundred.,113,#knowledge #students,FALSE,19-05-2024,iPhone,fr,263,14,17,0.0583
1ebc80e8-32b3-4167-a26c-947de321a695,c5feb135-8c70-4dd2-8714-4c699001a79a,jennifer30,Female,30,87746,5075,17-10-2021,FALSE,London,Books,Main prove nature individual task begin hair article phone beyond hair write election believe rather option fly all feel study learn career. Those dinner result support.,169,#reading,FALSE,23-04-2024,iPhone,fr,4331,585,156,0.0578
cf9cbc9f-0f86-4cc5-92bf-1a230af3372d,2d77d2f6-0a34-47bd-8eb5-41ad56eb7473,christophercarrillo,Female,42,76918,1506,26-09-2017,FALSE,London,Food,Position face until sea everyone white could style nothing various difficult cut down attention close. Second find little pay morning you.,138,#instafood #yum #homecooking #foodie,FALSE,20-09-2024,Web,tr,3864,453,120,0.0577
999f1949-b12f-477e-89af-b50d14e71405,6546ca72-c640-48e6-a72e-7abe336e9621,michelle17,Other,28,18725,8114,19-03-2017,FALSE,Izmir,Education,Writer structure keep reduce describe staff around industry think party. Plant free garden television.,102,#knowledge #students #learning,TRUE,03-09-2024,Android,en,953,109,19,0.0577
dec939e1-15f6-4b7b-82d2-83e4f59af729,d34446b8-7e8c-497e-9cf7-a197dd8a8c3f,richardbrown,Male,47,1768,8081,05-02-2020,FALSE,Izmir,Food,Ground keep friend book director trade vote different save budget voice end ready than seem brother institution tough. Subject so agreement western control carry.,162,#homecooking,FALSE,26-07-2024,Web,de,78,7,7,0.052
bfeae12b-604c-482a-a3b8-84fca8481dce,4f1ce6cf-9932-4408-baca-47fc9e1bf680,rachael61,Other,24,79407,7881,27-01-2020,TRUE,Berlin,Fashion,Become president beyond area father fire remain or near help wish much. Certain western rather nothing blue set.,112,#ootd #style #fashionista #lookbook,TRUE,07-11-2024,Android,en,3910,210,271,0.0553
dd5dea6f-8a03-4d69-84f4-4e303ec33b48,e065fa18-b9d2-4779-a283-8d82125322c6,jessicawallace,Other,31,68213,1774,15-04-2022,FALSE,London,Music,Reveal campaign determine decade consider relationship himself support rate maybe agreement. Like artist that bag draw.,119,#nowplaying #vibes #musiclover,TRUE,15-09-2024,Tablet,de,3413,365,214,0.0585
3b19678f-d8ff-48d3-8e87-77fff8a36009,1341d573-03ef-489b-b014-b1ee47e40b6a,petersonlisa,Female,40,23804,6998,21-07-2022,FALSE,Bursa,Music,Heavy wait best blood left relationship standard order it job green. Bank by success meet yeah.,95,#vibes #musiclover #nowplaying #playlist,FALSE,20-10-2024,iPhone,de,1207,179,118,0.0632
2cbbd3f0-efd3-41d5-8677-f58f2dc9dfd0,321d56cb-45ad-418c-bb88-6096e46cae95,judy19,Male,23,22982,1460,16-11-2022,FALSE,Madrid,Pets,Religious there seek no always director voice activity conference. Send like moment candidate.,94,#dogsoftwitter #adoptdontshop,TRUE,09-01-2025,iPhone,es,1124,70,72,0.0551
4415b1bb-b858-4028-bc36-36dd04411a41,5885c6da-8db7-4ee3-ad70-4d692095f0d2,michael82,Other,23,20156,8566,31-05-2022,FALSE,Bursa,Food,Senior fish attack foot light book game five owner. Set owner kid produce detail know same ask.,95,#homecooking #yum #instafood #foodie,FALSE,18-12-2024,Web,tr,1009,149,36,0.0592
720a63c2-9d3a-49a5-9000-ac716b404505,7e8ca987-1578-46a2-a034-02e906c24d50,omontgomery,Male,32,26663,9490,21-11-2021,FALSE,Antalya,Travel,Author contain debate scene throughout part agree military drug catch pressure only camera head rise. Off side set action away.,127,#wanderlust #explore,TRUE,06-01-2025,Tablet,fr,1330,120,96,0.058
26cd6f3c-f8e6-4441-944b-0049b7f45bdc,cce48a9c-8b8b-4805-87d2-d9b5077b319c,rebecca85,Other,39,9851,1280,10-05-2022,FALSE,Antalya,Travel,Eight arm if stand edge TV design phone. Local method difficult resource site sit.,82,#explore,FALSE,17-08-2024,iPhone,en,468,48,35,0.0559
93397fef-941f-4cfd-8427-ff6cf270300c,85faf6f5-8647-43d0-8007-6f45497321ae,blopez,Other,60,57285,6968,12-01-2019,FALSE,Ankara,Travel,Our bad wind break pass kind share right bed teacher. Couple production his recent set.,87,#explore #vacationvibes #travelgram #wanderlust,TRUE,16-04-2024,Tablet,en,2775,274,92,0.0548
ef0873f8-8982-4516-a979-64fd7b5f4a29,578dc696-3e0e-4c1c-8f19-cac116a08fb5,maria66,Female,37,50879,9845,31-10-2016,FALSE,Berlin,Health,Someone response style tough anyone group especially candidate may meet both enough. Former her want final.,107,#healthtips,FALSE,03-12-2024,Android,tr,2425,130,36,0.0509
dbf96816-1306-461a-a4a4-5804496c2fe9,2b9f8aa4-8cd5-466b-8f03-8999593278d1,mirandacisneros,Female,22,40783,6093,30-05-2022,FALSE,New York,Travel,Half idea human name feeling central commercial Mrs building particularly. Him election wonder treat difference choose.,119,#travelgram #wanderlust,FALSE,13-08-2024,Android,en,1971,236,177,0.0585
68cb7195-00e1-4230-aadb-bc558b377e07,e33f7c94-a86d-4fcd-8af7-c2d7c5080813,middletondarren,Female,42,42156,9961,25-02-2016,FALSE,Bursa,Fitness,Remember lawyer former pick item describe positive scientist toward name. Only effect dark head million contain too.,116,#workout #gymtime #fitlife #healthylifestyle,TRUE,04-04-2024,iPhone,es,2082,294,205,0.0612
0c86dedf-cb8e-4b49-bb82-b223e7e0d502,1cfa77e9-1e72-4e84-af23-38b4ecaa6a27,pbaker,Male,26,35000,2358,16-11-2015,FALSE,Madrid,Technology,Off investment situation happen thank onto number truth knowledge see organization apply. Group front its make certainly simple.,128,#tech #gadgets #innovation,FALSE,30-05-2024,Tablet,de,1754,204,148,0.0602
e7348d93-a85f-4afb-bdfe-a97711861ccf,45c33ba3-d90b-4fa7-95b9-5d7ac65782ef,montgomeryamy,Female,60,90118,3531,22-07-2016,FALSE,Paris,Politics,Hand over doctor seem movie top she catch ago box process. Them sell society including must.,92,#election2024,FALSE,29-10-2024,iPhone,es,4613,507,332,0.0605
f3b82880-3b3d-4500-95b7-cb064f610973,b7b9d744-026a-4987-8dfb-acc8fef537d3,alexis19,Female,29,62394,5740,10-03-2018,FALSE,Antalya,Art,Kind enter energy measure rock than message ok. Pattern general less idea.,74,#artlife,FALSE,22-11-2024,iPhone,de,3156,271,257,0.059
2fbd1a7f-fb05-475c-a6ee-9a0182d61c18,5ee6b62b-7345-482c-af07-737d6ac1764f,fisherandrea,Male,19,66087,5729,20-05-2017,FALSE,London,Books,Industry trade wall while song wait political agreement save exactly would return change. Rise get home area face.,114,#readmore #literature #bookworm #reading,FALSE,17-03-2025,Web,de,3230,426,211,0.0585
dfe69219-1da1-450b-b9dc-237f0ca4759b,402f4091-1488-4747-9da0-0c8815f251ae,reevesjimmy,Other,28,52090,1295,05-12-2020,FALSE,Bursa,Fashion,Science agreement middle per price long stand house friend investment act. Yard their particularly not culture.,111,#style,FALSE,18-01-2025,Web,tr,2562,257,194,0.0578
43e18aa0-8c4f-4a55-8ab2-0a5768526f75,efc16f62-c62d-4d55-9783-2345f3079496,cisnerosanthony,Male,22,32921,7809,16-07-2022,FALSE,Berlin,Fashion,Although lead poor produce of follow Democrat itself strategy prevent try how read building use other daughter herself try we. Old she nearly worker talk.,154,#lookbook #ootd,FALSE,23-11-2024,iPhone,es,1722,225,110,0.0625
e68ceb99-bb28-4339-91b1-d1583f63b579,1af48b39-cddb-4fbb-b0c4-886acf802f9c,jennifer23,Male,16,81837,2283,30-01-2021,TRUE,Berlin,Books,Because such between bit ago change somebody. Almost father something.,70,#readmore,TRUE,05-12-2024,iPhone,es,4039,223,108,0.0534
7d7fb1bc-4380-4858-a0dc-523b4bd19902,68a084d7-3894-4664-9ae3-b51af61c2a54,susan03,Other,60,83396,2888,13-06-2018,FALSE,Madrid,Memes,Himself lot grow mother price cause street perhaps. About cup ready audience police test.,89,#lol #funny,FALSE,11-05-2024,Tablet,fr,4181,503,264,0.0593
5bad6f1a-e79d-4371-b3bc-64242a9d4e7c,efb655fe-b8a3-4f79-9bf9-58efc330dcb9,rebeccacampbell,Female,27,98839,8239,20-11-2019,FALSE,Berlin,Art,Century job deal particularly since answer sound ok before. Fly recognize either.,81,#digitalart #creativity #artistsoninstagram #artlife,TRUE,14-04-2024,iPhone,de,5044,278,197,0.0558
16368458-ed6c-4367-bd8f-74b0085e3ab6,67c3b1e9-7253-422c-8831-cd2986325f52,eatondavid,Other,44,89811,9550,06-04-2017,FALSE,New York,Education,Peace know how often late make office. Less letter second perhaps perhaps.,74,#knowledge,FALSE,15-07-2024,iPhone,de,4441,328,232,0.0557
f47f49ac-c4a7-4f2a-9082-d9adfb09b97c,fe40a8b2-a4f0-4a3c-b420-328f521d9035,brendan58,Male,51,552,5972,31-01-2019,FALSE,Paris,Food,Draw response prevent door Republican card impact foreign everyone. Provide book camera social good.,100,#yum #instafood #homecooking #foodie,TRUE,27-11-2024,iPhone,en,19,1,1,0.038
bad27d6e-280c-4da2-93d6-9634a8c11309,46bff5c9-cf05-43bd-8caa-4140b21642fc,jasonedwards,Other,16,41160,188,29-11-2019,FALSE,Istanbul,Education,Citizen artist region film watch foreign tonight we heavy beyond war however cost instead you situation whether pattern everybody level to. Bed dark memory office minute.,170,#students #knowledge #learning,TRUE,11-02-2025,Tablet,de,2076,219,89,0.0579
beeda4e2-dca1-413f-84cd-5b26d1de7552,99130cc4-7f2f-4c5a-b110-373ec5543be8,tonya67,Other,43,90224,3758,27-01-2017,FALSE,Bursa,Food,Soldier travel point strong year nothing from speech shake alone beautiful discussion sell writer but if book ask help model dream listen later federal. World yet condition.,173,#foodie #yum #instafood,TRUE,18-12-2024,iPhone,es,4571,291,436,0.0587
5b018b2c-325a-43d6-9a42-e72ac08c87e1,f040e9f7-3721-47bb-b726-b9ce39d04f1a,smithmaria,Male,58,74599,6004,19-10-2017,FALSE,New York,Politics,Choose film heart four put maintain indeed involve ball hospital star sell should set concern western nothing its significant soon available assume move deal. Civil themselves affect agent individual traditional travel.,219,#election2024 #news #politics,TRUE,11-08-2024,iPhone,fr,3684,217,188,0.0548
0d9a6bbf-e0ba-40c5-a031-70853c6bb8e0,7694be38-f438-4dc3-a813-08d02589a64d,johnsonrandy,Other,35,28429,2917,19-08-2016,FALSE,Istanbul,Gaming,Price to member dream table moment significant push their age. Gas you with election send option.,97,#esports #twitch #gaming,TRUE,12-01-2025,Tablet,es,1459,94,28,0.0556
2d0756b3-5f0c-4d31-a8bc-8959c651cef9,77a0f07a-c304-4fc9-9ced-7b73f19f81c5,kelleyjose,Other,16,51392,8494,30-12-2021,FALSE,Madrid,Fashion,Really since girl statement white better every find forward. Quality modern military trade civil case.,102,#style,FALSE,06-01-2025,Tablet,en,2590,353,228,0.0617
4a1e7386-3684-4a66-8588-e664c96e7e3c,87d24a68-4d0e-4d34-9220-e8204d6278b9,wwillis,Female,35,2751,5144,04-05-2016,FALSE,Madrid,Music,Become writer thought difference medical bag song member generation share few. Similar meeting population lead official officer born.,133,#vibes #musiclover,FALSE,28-03-2024,Tablet,tr,141,14,10,0.06
04fba375-2ea2-4088-91e7-e3e2b8c27946,d7843e22-ffb1-4dab-9276-1a9dc9f85eed,cwood,Female,29,3081,8864,25-03-2024,FALSE,New York,Books,Research today tax add project this current look soon camera gun nor chance shoulder school decade. Finish research wish bag.,125,#bookworm,TRUE,17-05-2024,Tablet,de,160,14,14,0.061
cc79aad1-af1d-494c-8ed9-1e1af2044ea9,7a5546cd-c02a-49ad-9063-098ad2348260,shelbyjohnson,Male,39,33813,393,23-07-2015,FALSE,Antalya,Gaming,Church federal environmental during threat ground enough western later provide political stop follow. Certain history seem table good born gas already.,151,#gaming #esports,TRUE,29-07-2024,Web,en,1767,143,62,0.0583
59676d22-6f86-4228-89b2-f751fc99e5c7,5ce18654-2311-4dcf-b1f6-3eb1ecb87723,grimesjohnny,Other,25,44852,3696,17-03-2024,FALSE,Madrid,Music,Back rest kitchen key factor never stuff line their base series cause whatever religious we final. Hotel analysis energy young assume after minute.,147,#musiclover,TRUE,20-08-2024,Android,tr,2200,185,121,0.0559
e9fe6917-b285-4a33-983a-ed2f4477e35c,dbdd8626-8976-4d65-91dc-937cf9362efb,jbaker,Other,19,8082,6163,18-03-2023,FALSE,Istanbul,Gaming,Five reveal institution season once run notice investment Democrat impact. Bed always represent born special common design.,123,#esports,TRUE,10-11-2024,Android,es,392,32,22,0.0552
786ccbe5-7fae-4c3a-8b11-3019f5a06f2c,0c4bc598-0952-4abd-8846-1e9c2ab877df,joseph19,Female,38,55649,7570,23-07-2021,FALSE,Madrid,Travel,President value wide news tell watch under nation care ten where. Once out enter remember new skill professor.,110,#travelgram,FALSE,12-01-2025,Android,de,2766,406,239,0.0613
afbd81a5-0715-4144-8c35-80a2a84f7df6,c6a40bff-6e09-4a5e-b54e-ddbf47f3898e,ymccullough,Other,51,17690,3589,20-08-2021,FALSE,Antalya,Finance,Down produce learn chance class never amount speak group southern along history feel one. Lose glass research true recent parent ever.,134,#stockmarket #crypto #investing,FALSE,02-01-2025,Web,es,910,113,37,0.0599
811222fc-1ca2-4568-8081-f36c3ca1a844,2608e627-35df-4e74-9db1-e0f4b42d4fb7,cooperlaura,Male,18,79189,9578,22-02-2019,FALSE,Madrid,Gaming,Relationship politics cell suggest argue between television low edge friend street long evening entire play partner. Life suffer discover situation.,148,#esports #gaming,FALSE,29-07-2024,iPhone,fr,4006,403,168,0.0578
c16400af-2871-4309-a6aa-7f9f5328d29e,1f6aa1d5-7504-4559-9315-8a02241375d2,david96,Other,33,48247,6459,25-06-2016,FALSE,Ankara,Music,Give beyond show learn behavior say indeed sure ask today Mr crime alone different father analysis probably pressure concern. That husband lay black art.,153,#vibes #musiclover,TRUE,02-05-2024,Tablet,es,2402,172,120,0.0558
2f532648-9f30-4e9d-942e-9f4d0704a789,23b049f2-e459-4652-9c1d-9f342061f4b9,thomasroberts,Female,27,27119,1703,01-12-2016,TRUE,London,Politics,Unit why upon another north enter expert prepare seat technology the. Any enough read believe effort.,101,#news #politics #worldnews,FALSE,29-01-2025,Android,es,1355,93,92,0.0568
fba67aae-2d34-49a1-9035-e471bc6e29ac,722cbfdc-ac22-485c-8603-a5d29af61ca3,hmcbride,Male,49,92056,2411,19-11-2015,FALSE,Madrid,Art,Machine study bar style design he exist society conference like interest other social add reach crime. Pattern deep talk.,121,#artlife #creativity,FALSE,16-02-2025,Web,tr,4699,703,358,0.0626
f7e4fe99-e4bf-413b-a7f4-375cdc6c8833,e357d91c-d967-4f93-9356-2007e93cd6af,fberg,Female,17,88969,658,10-10-2017,FALSE,Madrid,Food,Group organization three movement size idea TV car leg performance field quality poor easy. Close financial team keep.,118,#homecooking #yum,TRUE,21-06-2024,Web,tr,4455,263,363,0.0571
c10181f4-0990-45ea-8de7-5ec2e63ea13c,960c429a-c937-4350-afb3-821efc441332,vhogan,Other,40,42837,3062,23-09-2017,FALSE,Berlin,Music,At store woman wonder wrong sell could learn live shoulder find. Dog international all daughter.,96,#musiclover #vibes #playlist #nowplaying,TRUE,03-08-2024,Android,en,2140,310,172,0.0612
7972e2da-904c-442b-b5e3-db8aa068c1c5,b2bff9a4-12e5-40bc-a514-282807a8044c,stephaniesloan,Other,17,84310,3774,04-07-2015,FALSE,London,Art,Respond understand foreign professional cell better rock decision know yard better able finally maybe everything democratic might region again subject. Another organization agreement task there.,194,#artlife #digitalart,TRUE,24-09-2024,Android,es,4193,242,120,0.054
8bead9e4-9f48-45cd-899b-1d833a198ab6,2875e867-b7d3-4e54-99aa-1ee9b8a43bd8,sandersjudy,Other,52,82931,4013,21-08-2022,FALSE,Antalya,Fitness,Do police actually your what others minute Republican defense oil. Need value indeed tough.,91,#gymtime,TRUE,20-05-2024,Tablet,tr,4112,498,347,0.0598
862a1fef-1510-4bbf-b631-15fd88f786ea,694a46de-f3a6-43b6-9b79-2a2384451702,kristin39,Other,33,37061,1673,10-10-2022,FALSE,Izmir,Pets,Major animal story camera how partner hour write recognize water office. Culture could quickly industry choice shoulder discussion.,131,#catlife #adoptdontshop,TRUE,19-07-2024,Tablet,tr,1978,280,129,0.0644
5285a7cc-3c42-44a1-8c16-f9f889d1062f,90819848-bcf7-440a-9545-2a387d8380d3,wdavis,Female,48,21794,6343,18-03-2022,FALSE,Paris,Fashion,Well big authority her argue something especially sea agent service risk operation senior do kind cup billion provide seek stage admit serve another thing. Each have place until.,178,#style #ootd #fashionista #lookbook,FALSE,07-09-2024,Tablet,de,1041,148,99,0.0591
bd2edc39-3e11-43ff-81e5-2af4490b7342,8cbabb6a-50d0-4ca4-a245-a2bf411c9158,goodashley,Other,37,3625,6285,27-06-2021,FALSE,Berlin,Music,Old responsibility history series paper event option forward quality authority cell future yeah. Happy end conference space total.,130,#nowplaying #musiclover,FALSE,09-04-2024,Android,fr,174,15,7,0.0541
8ebdfb60-af71-4053-ad0a-c83c7d0f6760,615a2fb3-9505-453d-af27-88735c8f2e34,hgreen,Female,22,58314,4531,05-01-2024,FALSE,Bursa,Art,Music another own way positive rather call reach movement enter let science if. Great upon her treat we large.,110,#digitalart,TRUE,18-04-2024,Web,es,2831,281,163,0.0562
310380e6-ae57-420a-bfa9-0bd3ea3d5553,31519568-5b0a-4a2a-9231-f836eb74117c,smejia,Male,27,53274,1896,10-06-2022,TRUE,Ankara,Fashion,Him drop affect thing another serious born type daughter treat through describe machine despite federal run against thought rule himself event food support range human. Attention democratic conference bag environmental year before.,231,#ootd #style #lookbook,FALSE,26-05-2024,Web,es,2676,355,185,0.0604
89229505-1995-4d19-a177-f68d45c5abcf,964b4a34-121e-4430-a43d-24e770712b7c,brookeewing,Other,28,22444,9318,21-04-2017,FALSE,London,Finance,Service item his hospital animal thus upon wait beyond data produce realize heavy center six risk parent factor business. Wait environment wonder baby.,151,#money,TRUE,11-10-2024,Web,fr,1074,145,82,0.058
ae97bd99-5e8c-43aa-af1c-eed0354b5bbb,ced64bb6-8074-455a-badb-fc2849d8e13c,fuentesashley,Male,54,23356,4404,29-02-2020,FALSE,Ankara,Pets,Yourself several five candidate board lot job similar world least fight soon later every book might hotel. Low professional admit check letter four force.,154,#dogsoftwitter #catlife #adoptdontshop,FALSE,16-04-2024,Tablet,tr,1197,169,47,0.0605
da99dd47-aed2-48b5-a6c1-1b6874dcef88,a722f3f7-5413-4334-a858-fbc7803ba15d,vaguirre,Male,49,27476,3614,25-01-2016,FALSE,London,Travel,Go decide Mrs into money writer nation practice particular state daughter their week place note career sell sea dog heavy provide dinner. Help per already rich situation important.,180,#vacationvibes,FALSE,31-08-2024,iPhone,tr,1332,100,50,0.0539
278e120c-f9d1-4a37-9b05-098f1ba04bec,6b1fbb26-4c86-468c-9d69-c1179ba0a567,ritterfrank,Other,25,44473,3274,08-11-2015,FALSE,Ankara,Food,Serious time social until century large right item easy activity authority her no build society his close name why. Available window indicate offer.,148,#instafood #foodie #yum #homecooking,TRUE,05-02-2025,Android,en,2260,186,192,0.0593
44779dfd-6e8d-4432-ab99-558db379d7b3,f9fae82a-6cf1-4b7d-a523-7c1c1a4401b5,daniel71,Female,35,96183,8951,28-05-2022,FALSE,Ankara,Education,Sure class want couple season other century allow indeed place week budget improve will others generation positive since. Available vote gas area another huge material.,168,#students #learning,FALSE,23-02-2025,Tablet,es,4826,631,209,0.0589
1d2f9793-58b4-4057-aded-a875d4b625ae,7e49b5d4-a194-4331-b179-8fb031b60e38,petersonkyle,Female,16,72279,1140,12-01-2019,FALSE,Antalya,Education,Win history particularly billion measure former quickly great door foot class give bit member some bring generation fast money look force however. Radio hundred discussion book recently direction.,196,#students #edtech #learning,TRUE,15-12-2024,iPhone,tr,3636,266,335,0.0586
a1e10c02-5960-4f0b-b243-134a04de663c,ec3f3a84-e3da-40a9-bfdb-ad6e57a60f1b,baileysheila,Male,23,60518,3991,26-04-2023,TRUE,Madrid,Travel,Especially order cell skin show child visit require without music. Century save discussion cause first.,103,#vacationvibes #wanderlust,FALSE,27-04-2024,Tablet,en,3103,376,92,0.059
2213ed17-bd1f-468b-b989-1496a5245756,a7a7e6a8-5512-485c-ab71-72c6ac8edb84,deanna17,Other,38,21954,9305,01-11-2016,FALSE,Istanbul,Photography,Discuss several at physical soon person account film chair difficult. Set relationship least.,93,#snapshot #photooftheday,TRUE,19-07-2024,Android,tr,1105,136,92,0.0607
8fe3a512-bc7e-484d-89ea-9348994914e7,1c2c53f2-62cd-4108-801e-1f2d5eb274f9,staceyparker,Male,59,60510,4577,07-12-2024,FALSE,Berlin,Food,Example light try these art financial east between data whom report itself time general nation which beat financial. Appear rise more both hard avoid.,150,#foodie #homecooking #yum,TRUE,30-04-2024,iPhone,de,3023,187,67,0.0542
8ac74c7c-490c-49ae-a1f4-26ef54280760,82f8d9e1-7c8f-47e8-a568-d86c8dfd8dbc,josephwright,Male,40,78272,6302,07-10-2024,FALSE,Madrid,Gaming,Order concern in thousand rest baby pull. Reason follow former play herself owner language.,91,#gamerlife #esports #twitch,TRUE,29-03-2024,Android,es,4000,211,267,0.0572
9cb21b9d-464b-4595-a9eb-6d621705064d,5a823f86-e8ea-4717-973f-098eb976f13e,karen35,Male,55,20160,8957,17-01-2021,FALSE,Ankara,Art,Week fire discussion sometimes you benefit trade article before message generation help. College along purpose no.,114,#digitalart #artlife #creativity #artistsoninstagram,FALSE,07-01-2025,iPhone,de,1071,149,50,0.063
06c663ab-6f42-4695-a881-67ca9618447f,1fc6a49e-6b2d-4053-bd07-6e23ec7fd9f3,lauren10,Female,57,45893,2469,16-06-2017,FALSE,Izmir,Pets,Deep month opportunity far though girl become store value type ok. Computer kid important base everything most wife.,116,#petlover #dogsoftwitter #adoptdontshop #catlife,FALSE,12-03-2025,Android,de,2304,169,160,0.0574
9f4d235a-6c02-45d0-9daa-7bc25a1d6656,3d00b8e4-bf94-4925-8579-90ee5b829995,debra31,Other,33,26585,9258,29-08-2015,FALSE,Izmir,Fitness,Board positive catch modern but push get own attention record. Finish tend current politics behavior per.,105,#fitlife #workout,FALSE,14-03-2025,Android,en,1342,178,76,0.06
6e474651-016d-44a3-aaa7-c02c87936f92,f19cc183-2485-44ee-8f81-1effe9593b2f,ashleyalexander,Male,27,53429,2957,03-11-2023,FALSE,Madrid,Fitness,Amount very worker can method want glass tend something important threat red may stay arrive then year office marriage. Hair rise take place.,141,#healthylifestyle #gymtime,TRUE,27-09-2024,Tablet,de,2654,162,126,0.0551
080ff7c5-8916-44f0-b26e-6022648341f6,62079181-0136-4e40-bc0c-1ca967a19ae6,sandraschultz,Female,22,51468,3652,02-08-2023,FALSE,Antalya,Music,Hour view the whole financial several relationship they start hotel training win drop sound risk strategy area heart response speech why. Alone another air region early.,169,#musiclover,FALSE,13-12-2024,iPhone,fr,2543,361,99,0.0583
4b615d6a-0a23-4c0a-806c-37887732132b,d3cc0e18-d221-4dc1-b21e-dc4bec41a7ee,davidmoreno,Other,16,77983,5447,04-11-2016,FALSE,London,Food,Without goal easy race visit down it laugh old anyone far impact partner last practice despite. Himself stop individual assume recently box.,140,#instafood #homecooking,TRUE,08-05-2024,iPhone,fr,3830,392,356,0.0587
f6a314f7-f077-4393-8783-9ed40b8a74d3,e4d48807-1248-4174-a62e-c008f266e7a3,longsonya,Female,26,38197,9391,18-04-2019,FALSE,Ankara,Technology,Rather article ground job far heavy employee feel about during campaign the. Listen music very sound beautiful her.,115,#future #tech #gadgets,FALSE,03-07-2024,Android,tr,1857,230,152,0.0586
c8f468e3-38ea-4baf-8b0c-c720d8a1d1a0,02e115ee-405f-4e31-b46e-a84f801c0634,donna92,Other,34,99380,9989,12-09-2018,FALSE,Paris,Art,Quickly fine individual the participant. Story expert people send hit.,70,#artlife #digitalart,FALSE,11-07-2024,Android,fr,4858,687,195,0.0578
91ca5fed-6634-4108-9cff-2842a4107c2c,e606eaea-761a-4c9a-930e-15693153bd2d,tgarcia,Other,54,84642,8748,17-10-2018,FALSE,Istanbul,Technology,Management president enjoy instead continue citizen rule activity detail recent. Film member nearly.,100,#gadgets #tech,FALSE,13-06-2024,Web,es,4187,525,338,0.0597
13cf7e93-7246-4a13-97fb-2d89d13cc0d2,327da63a-ca6b-4705-8463-293767ab6923,danielrodriguez,Female,51,30316,3503,30-07-2015,FALSE,Izmir,Travel,Wear claim often change option job lead its sense teach view what film development stock popular share sure you air center such. Serious must very whatever drug.,161,#travelgram,TRUE,21-08-2024,Tablet,es,1545,211,96,0.0611
3c28469d-8db7-4b56-b8a3-066c32ab8e67,5fc9d1d4-d7b3-48fd-9d22-f69259f1fc5c,sharonbishop,Other,22,65388,5434,09-11-2015,TRUE,Ankara,Art,Hand run man mean certainly job no in minute writer education reflect. Detail often other benefit fall everybody hour.,118,#artistsoninstagram #digitalart #artlife,TRUE,17-07-2024,iPhone,en,3291,234,156,0.0563
b6810126-021b-46c1-80c7-bb29e18b229e,9c265af4-2a4b-4008-b6ba-444d9b4e8907,twagner,Female,27,84740,4910,01-11-2017,FALSE,Izmir,Pets,Special front white direction government discussion quite capital keep then car. Law end leader hundred.,104,#adoptdontshop #catlife #petlover #dogsoftwitter,TRUE,08-11-2024,iPhone,es,4214,372,408,0.0589
1b49b647-b4e6-4375-927f-a07c566f3099,274a5c8c-1ec7-4292-92ce-066a761f4a0b,wanda98,Male,36,64217,6166,22-05-2024,FALSE,Paris,Pets,He early policy lawyer send agree. Example fire add they medical production democratic.,87,#adoptdontshop #dogsoftwitter #petlover #catlife,TRUE,05-08-2024,iPhone,es,3185,176,179,0.0551
0f0d26af-801d-4856-a6e9-b87037ec1284,69d624d7-bfd5-43a6-92ee-5cd605eb69ac,chenjeffrey,Male,38,34140,466,14-01-2021,FALSE,London,Travel,Art no central enjoy firm ahead. Like remember project adult across.,68,#vacationvibes #wanderlust #travelgram #explore,FALSE,01-11-2024,Web,es,1684,95,100,0.055
41772e50-b2ac-435d-bbe1-64e89f103d4a,8773580e-b514-4d94-b613-08b6d4e80750,georgetracy,Other,60,99094,3345,13-02-2017,FALSE,Paris,Health,Any either order skill gun move recent guess blood blue each against. Tax time building live TV four edge close.,112,#mentalhealth #healthtips #fitlife,FALSE,03-10-2024,Tablet,es,4892,269,220,0.0543
ee2b4a56-978c-48b9-8ae3-c27b3aea0b72,af8b7dc3-cee7-4b80-a6cb-f4b778a75702,rsmith,Male,25,96756,8903,18-09-2020,FALSE,Ankara,Health,Debate individual focus along effort write base. Hand concern enter event option course.,88,#healthtips #fitlife,FALSE,16-12-2024,iPhone,fr,4934,487,328,0.0594
9c123367-4d6f-4464-bbd3-cfe425e559d6,2f7e2679-2e3b-4f32-b4fd-e7d58e1ca84f,stephanie67,Male,24,43948,3396,31-08-2021,FALSE,Berlin,Education,Carry difference feel yourself mission manager two loss my reveal management. Hundred close coach mother physical list gun.,123,#students #learning #knowledge #edtech,TRUE,06-01-2025,Android,tr,2190,323,36,0.058
a9428654-33de-4974-8ff6-44678041fa79,a58168ef-0bd7-44a2-845e-2c64678fe993,jcolon,Male,50,42728,3079,27-10-2023,FALSE,Istanbul,Photography,College result gun someone administration attention common part difficult rest past concern sea ball call magazine red. Rich safe sometimes sign.,145,#photooftheday,TRUE,10-09-2024,iPhone,de,2171,267,111,0.0597
3e865556-a824-47e5-ab94-abb2c7b75836,c2b55f18-9bf0-4ce8-8eea-7d8a86fd680f,mcastillo,Male,24,9635,1946,27-01-2020,FALSE,Berlin,Travel,Magazine should down beautiful believe president president degree miss no standard firm itself dinner. Only many range if spring.,129,#explore #travelgram #wanderlust,FALSE,09-09-2024,Android,tr,488,54,47,0.0611
3f4a8e62-fa3c-43c7-8584-0bc4ad29572d,d1bf18fc-f32b-405e-bfe2-8805038eb30a,john88,Female,26,76856,9150,05-04-2022,FALSE,Izmir,Memes,Drive move it candidate could sort reality major leave ok different game pretty. Newspaper manager generation simply dinner without.,132,#memeoftheday,TRUE,06-01-2025,Android,de,3795,230,143,0.0542
939e7fad-7303-473f-b6e2-91b821da004e,b2bf90cc-34f2-4690-9de6-81a16ea0dd5e,ricejennifer,Other,32,35922,6278,05-01-2020,FALSE,Bursa,Gaming,One commercial young despite country case film our use relationship charge imagine air between term class their race woman kid after structure lay. What leg total where its.,173,#twitch #esports #gaming,TRUE,30-04-2024,Web,en,1726,173,131,0.0565
dd6bb084-5876-4536-9c37-642ea6786e9e,66f0f11e-9a16-4844-915c-61258218a603,jessicasmith,Male,17,67044,8052,12-10-2017,TRUE,Paris,Pets,Deal figure too relate through American responsibility final because skin the cold both marriage actually community officer despite camera head subject pay believe argue. Might know appear time.,194,#adoptdontshop #petlover #dogsoftwitter #catlife,FALSE,18-11-2024,Android,fr,3349,245,189,0.0564
c0f2d594-40de-4e64-afc5-0d824a839c62,fcc2cab8-c028-42ac-bc51-8d6311fe8113,danielthomas,Other,56,44242,9036,20-08-2022,TRUE,Paris,Music,Themselves save enough eye leave home radio strategy Mrs around. Author this about they establish.,98,#nowplaying,TRUE,04-05-2024,Web,de,2192,228,93,0.0568
2e653c4f-9366-48b8-84ff-42cb556177b1,b2a1aa88-7541-408c-9ec1-088961f9fc10,millspatrick,Other,23,31378,7889,03-12-2023,FALSE,London,Finance,School part good feel white worker face discover right find growth name day treat three modern city health young cold take study read explain summer tough trade. Here never eight wall.,184,#investing,TRUE,31-12-2024,iPhone,en,1589,226,109,0.0613
09acee80-0dc2-4ad2-b90d-203a425270ae,38fed857-2020-4d4a-a678-e36933744370,russellbeasley,Other,49,57695,2650,04-04-2022,FALSE,Antalya,Photography,Beat owner return later key may four middle two choose end management again movement bill imagine. Really other nice benefit serious return sit have.,149,#photooftheday #travelphotography,FALSE,22-01-2025,iPhone,en,2947,408,183,0.0613
bb2336c6-15df-4d5b-9b4a-a95ffea28500,19c8b530-005c-4a5e-a852-43821f4c5ab9,gracebrooks,Female,59,66549,7499,20-07-2020,TRUE,Paris,Politics,Tree ahead away single shake reflect past. Benefit rest meet material hundred training.,87,#worldnews #politics,TRUE,28-12-2024,Android,en,3434,505,88,0.0605
8c8d961e-24f4-44c7-a6a7-0f2c7c1bb4b7,e3630483-1b77-4c3e-8547-647df083bef0,monicadouglas,Female,18,29568,4078,05-03-2019,FALSE,Antalya,Books,Early theory traditional apply left door team start stop especially arm try whatever hold season picture morning which event parent drug. Federal house action about.,165,#readmore #bookworm #reading,FALSE,15-01-2025,iPhone,es,1555,161,141,0.0628
586334c3-909c-4c69-b2fa-3c59741c69f1,8cbabb6a-50d0-4ca4-a245-a2bf411c9158,goodashley,Other,37,3625,6285,27-06-2021,FALSE,Berlin,Books,Provide movie common writer picture represent sound production. Of identify environmental bag although accept.,110,#readmore #reading #bookworm #literature,TRUE,31-05-2024,Android,de,199,13,16,0.0629
61f67ee4-6d38-4adb-a3d6-02ebb9d6234e,65c7d0e9-aa0b-4494-930d-7674f07a8156,frank33,Female,22,27359,8095,06-06-2022,FALSE,Paris,Books,Threat wrong what stand reach. System clear stay grow.,54,#bookworm #reading #literature,TRUE,25-09-2024,iPhone,tr,1348,102,130,0.0578
1987d4b6-af41-41d8-a06d-41de6d04f738,e8c4b342-4e07-453c-b50c-dd26d9158b23,alyssapeterson,Male,56,23751,5772,26-07-2021,FALSE,Izmir,Fashion,Matter newspaper me draw what wind approach cut place interview cell gun concern out even. Property current there cause fear.,125,#ootd,FALSE,02-10-2024,Web,es,1138,63,21,0.0515
3b699f34-50c8-4cac-b3ea-a76544b4a60f,f45f9d1c-1e05-47ea-b8fd-5d263528593d,joneskevin,Male,58,77837,8783,23-10-2016,FALSE,Berlin,Pets,Minute rise accept structure control sea child do bag federal far never. Almost society occur call give.,104,#adoptdontshop,FALSE,27-02-2025,Tablet,es,3813,340,55,0.0541
36a2dfb4-0ec6-48e4-ab0e-37652528e1bf,5fd837f0-fa30-4758-954d-4072d1a9cee7,whitejason,Other,59,12519,362,22-07-2016,FALSE,Antalya,Memes,Size despite ago single career once large financial amount move. List expert letter heavy protect party behind.,111,#memeoftheday #funny,FALSE,06-05-2024,iPhone,en,647,58,60,0.0611
6197dd8d-7dbe-4909-9cd1-9e7873a5ac8f,7e5caf73-290e-405a-a19f-e042df9d4a6e,nstafford,Other,55,45948,9061,04-05-2021,FALSE,London,Fitness,Lead present parent this seat watch material senior statement compare picture simply support level industry study. Mouth clear forget boy message general less.,159,#fitlife,FALSE,20-04-2024,Android,es,2336,281,44,0.0579
d7c693a4-eb38-4be8-aabc-9a3ab3173344,b95f75d6-a740-41fd-8f5e-08b8f329844e,twood,Female,23,45315,3169,16-07-2023,FALSE,Ankara,Photography,Manage along perhaps per relate rate stay between ask lose. West general move.,78,#snapshot #dslr #photooftheday,TRUE,02-07-2024,Tablet,fr,2279,326,24,0.058
542fae4f-6b64-4e8f-bdb3-10630ecab246,69f81742-c463-4d72-9431-ebbbafc15c61,thomasmiller,Female,42,50114,5172,22-10-2015,FALSE,Istanbul,Education,Gas growth age serious car foot party fish south why fill population kid teacher. Their almost nice different discuss.,118,#students,FALSE,01-01-2025,iPhone,es,2431,350,242,0.0603
700781b3-bec9-4513-9d87-bcaf6970da11,0b08cc0d-b968-4dcd-a87d-6337cb5b985f,cainjordan,Female,22,22695,1817,05-01-2016,FALSE,London,Education,International take speak between increase use should card age. News right kind teacher.,87,#learning #edtech,FALSE,30-04-2024,iPhone,es,1149,103,38,0.0568
42820322-916f-4378-a05e-186492099d1f,6ac093a2-e278-43e2-b108-e2aa2aabb232,whitemichael,Other,37,81048,4045,18-12-2017,FALSE,Paris,Food,Check financial bank you consider sit turn evidence then Mrs tell five focus. High exist PM letter little leader property television.,133,#foodie,TRUE,24-08-2024,Tablet,en,4095,436,189,0.0582
9fd8f4c3-f3b2-44d2-8774-bd1ba88f78e2,474b7a72-0e29-41a3-b776-f6d8b3412500,reyesleonard,Female,49,7234,3928,14-08-2021,FALSE,London,Photography,Long magazine boy friend hard area machine reflect season. Partner as fear matter whatever effect.,98,#snapshot,TRUE,12-10-2024,iPhone,en,386,44,12,0.0611
25ec0d27-1ce2-4543-84ed-24c7f8ffce8a,584e437a-9869-4186-ac82-0af2e3446c19,sarah80,Female,55,81546,5121,01-06-2016,FALSE,Izmir,Gaming,Within about talk seven pattern month particularly other baby statement well. Professional sit certain prepare speech book plan.,128,#esports #gamerlife #twitch,FALSE,13-04-2024,Android,en,4016,244,106,0.0535
5802c321-91e3-4118-a39b-265626ac8727,b6f4fd32-3445-46a7-adcd-4b540b48aa11,mcneilrobert,Other,56,38707,9883,19-06-2017,FALSE,Ankara,Fashion,Early seem save article yeah ever nice matter. Figure with number hospital though.,82,#fashionista #lookbook,TRUE,08-09-2024,Web,es,1879,245,66,0.0566
fa731599-9b94-463c-95ef-21ec2b707d4a,5a1f3d49-ae9f-4e58-b40b-147c564036c7,jay04,Other,55,41692,4769,05-06-2015,FALSE,Izmir,Books,Front surface husband often road member any occur tough soldier message meeting position letter turn town time near sometimes. Join like radio herself.,151,#literature #readmore #bookworm #reading,TRUE,10-02-2025,Android,fr,2115,282,56,0.0588
a4ebec6d-4228-4777-a3b2-d5448bfa26e2,da1f179f-7769-4cd6-9999-9e2d0bc99163,browndana,Other,47,63871,7141,11-04-2016,FALSE,Izmir,Education,Onto meet write nothing early current. Some still fire yeah pull paper really.,78,#learning #students,TRUE,19-08-2024,Tablet,tr,3238,198,269,0.058
bc60e14d-39d8-46f7-9f71-aea2990da8fe,994989a8-617e-402f-a9b8-9b64861039bb,jacob87,Male,30,25827,8483,14-06-2018,FALSE,Izmir,Health,Example owner address possible ask subject sport none room everyone community organization offer energy. New world fall example.,128,#mentalhealth #wellness #fitlife,TRUE,13-10-2024,Tablet,fr,1297,183,112,0.0616
b72ac2da-ac67-42fc-98ec-8deaaa793267,e02e5e2c-d897-4ee5-b53d-2b6a7207c822,gsmall,Other,18,2138,8739,20-01-2023,FALSE,Istanbul,Technology,Six account teacher game them whole develop Mrs thank Mrs vote deal. Republican how author identify social.,107,#tech #future,FALSE,12-03-2025,Android,de,116,6,10,0.0617
074ba5b7-6e50-446a-a36b-935a142ae099,8966394e-8785-45d2-99ec-663bd4267b2e,lawrencebullock,Other,20,32775,5238,16-04-2019,FALSE,Istanbul,Photography,Quickly thank choose push manager memory trouble allow result night each medical discussion relationship rich. Middle week election mother shake truth.,151,#dslr #photooftheday,TRUE,01-08-2024,Tablet,en,1616,164,156,0.0591
a0c1cd2c-6bb3-4910-bcc2-3b8aa5ba2045,eb904bed-7bdf-44d6-9643-37c8182c8b4a,gregorymitchell,Female,52,70949,725,17-08-2024,FALSE,Madrid,Fitness,Minute direction safe mind true protect pretty maybe friend move memory. Threat believe manager friend.,103,#healthylifestyle #gymtime #workout,TRUE,27-07-2024,Android,tr,3495,204,253,0.0557
0d150363-d779-4754-8708-9b5815de42be,0d602613-6f23-4458-b4d3-dc835339402b,melaniebell,Male,24,25266,2588,05-09-2024,FALSE,Ankara,Art,Parent article court tough ten scene agent. New radio require toward field offer quality find.,94,#artlife #creativity #digitalart,TRUE,29-06-2024,Web,es,1290,95,79,0.0579
19217778-468d-4dc0-a6c2-c64be0ab81aa,87e577e1-34b9-4615-ae68-bed07e37f6c8,irodriguez,Other,22,52695,3581,24-07-2016,FALSE,Istanbul,Pets,Necessary college ground present five result involve bank situation part house television reach amount. Leave term many purpose from own billion.,145,#dogsoftwitter,TRUE,18-05-2024,Web,en,2594,301,98,0.0568
4baf53dc-8f90-4e44-9e59-6a7fbe9c9111,584f8111-2730-44c7-96d3-6999f6dd6705,dakota84,Other,52,73018,2584,12-09-2019,FALSE,Madrid,Music,Decide crime car significant discover space way clearly true. Discuss leg almost stuff north of cost purpose.,109,#playlist #vibes #musiclover #nowplaying,TRUE,31-10-2024,Web,en,3514,497,316,0.0593
6b13463c-0030-4e51-ab12-79853f4cdb7b,fc28661e-41b8-4ced-a493-ba00d3f191f6,davisnicholas,Other,19,45154,802,14-08-2024,FALSE,Madrid,Art,Likely real wrong understand shoulder let choice subject suggest outside support safe place summer still certainly up white town others especially positive call. Believe job evidence herself carry instead.,205,#digitalart #artlife #creativity,TRUE,16-04-2024,iPhone,tr,2210,127,102,0.054
ef8cc69b-f1a0-4358-bf51-dec9b1fc3157,aac47cc1-8add-41b8-8568-ab49800c9cb3,mark29,Male,24,95383,3889,22-06-2020,FALSE,Paris,Politics,Policy three than national rich open election character forget medical official why top action big show TV after oil. Onto range turn agent answer actually dinner act.,167,#worldnews #politics #news #election2024,TRUE,15-09-2024,Web,en,4780,628,202,0.0588
0cf65a68-787c-4b81-8031-95965fb123b6,65502997-ec46-4da1-8b32-9472d3e6d5e1,morgansharon,Other,49,59795,4290,29-08-2015,FALSE,Bursa,Education,Appear resource responsibility different course summer cover difficult student middle spring. Body up growth young doctor control movement same.,144,#edtech #learning #knowledge #students,TRUE,10-05-2024,Web,en,2981,426,219,0.0606
73d2eed1-6585-489a-97c6-3175c45324e0,960f1e1d-6b35-4326-8970-0d44a6015a98,morrisonaaron,Male,60,57899,2062,17-02-2017,FALSE,Paris,Education,Minute hear quality unit suffer into. For single many Republican.,65,#knowledge #edtech #students,TRUE,10-12-2024,iPhone,tr,2920,149,31,0.0535
c7d812c1-0129-407a-b5f7-89301fcddcb5,10678a26-28e4-4ad9-90c3-4f55e466adcc,joelmiller,Female,27,37122,1570,01-03-2023,FALSE,Berlin,Technology,Star white and how everything including up different idea yourself best many country send keep despite thank occur dinner foreign. This story be.,145,#future,FALSE,16-06-2024,iPhone,en,1825,143,135,0.0567
cd6e502a-f7d2-4652-9365-efa0cc8537d6,00b07091-5fba-4608-8b1e-492a5d172bcb,jenniferrivers,Female,26,9239,9517,04-01-2020,FALSE,Istanbul,Music,Result show education thousand between home cup wind million increase tell soldier animal behavior. Feeling budget current.,123,#nowplaying #musiclover,FALSE,24-05-2024,Web,fr,498,26,7,0.0575
58b3e17c-8127-4f09-827c-72d7646f9f9c,a472975b-4afa-42af-86da-65099d199ea3,dvaughn,Male,60,56487,1924,10-05-2020,FALSE,New York,Technology,Movement light possible into song put subject open pass up strong maybe trade idea occur real. Build thank entire ahead.,120,#tech #innovation #future #gadgets,TRUE,04-03-2025,iPhone,tr,2918,331,235,0.0617
893a1bbc-a98b-415c-a8ca-3daf81454c03,3fb6a973-180d-4a17-8acc-76e63e2a6888,diana36,Male,20,97653,5409,16-02-2017,FALSE,Berlin,Books,Occur plan special blood tell where trade central movement. Exactly almost activity fear trade clear.,101,#bookworm #literature #readmore,TRUE,30-04-2024,Web,de,4842,345,409,0.0573
95bfcd40-8ebc-47a5-aa04-43b13fe74094,59000fce-a9bd-432d-8217-a21964187868,daniellestevenson,Male,16,4026,497,21-04-2024,FALSE,Istanbul,Travel,Me mind author community happen case fight part few increase network. Personal least new size sing size kitchen.,112,#travelgram #vacationvibes #explore #wanderlust,FALSE,12-10-2024,Web,tr,189,17,3,0.0519
eea7ff0c-6cfb-47fb-a4f1-6fb4430baa41,4433ddde-1d3c-4c85-a150-9263511e098b,gonzaleztodd,Other,39,25482,5783,25-04-2015,FALSE,Ankara,Food,Mission collection than fire red military role short interview article actually book manage life next agree happen particularly. Threat hard security president note power president.,181,#homecooking,TRUE,31-12-2024,Android,en,1207,162,107,0.0579
adb19a51-9979-432e-8876-ea95829641bb,10dd9232-d7a0-44a2-8467-a005b9cf0a30,jblackburn,Male,36,16130,228,18-07-2019,FALSE,Bursa,Art,Role head issue friend central sit protect decision discuss impact new I morning. Step just art.,96,#creativity,TRUE,28-06-2024,Web,tr,770,54,40,0.0536
10fb04c9-46a9-4aa0-b248-4eecccae3efc,265ab645-ad5e-420d-8c7c-329cc224948b,james91,Other,17,82458,7337,20-09-2021,FALSE,Istanbul,Art,Why pressure parent clear represent energy effort type church. Organization never nature process.,97,#artlife,FALSE,01-07-2024,iPhone,fr,4034,340,272,0.0563
2107e56a-681f-483c-acef-568d935061c2,a2b450b7-7313-451c-93ed-6a7248bb5129,jessicasmith,Female,31,48780,583,18-10-2015,FALSE,New York,Pets,Relationship history long thus through chair. Course do current entire.,71,#dogsoftwitter #adoptdontshop #catlife,TRUE,25-06-2024,iPhone,en,2413,326,57,0.0573
51d1b46d-954b-4fa1-be6a-28d655ad4961,42a4d3da-fed4-4554-9550-6eadfcd372b3,wrightsteven,Other,41,94553,9361,12-02-2019,FALSE,Berlin,Travel,About sound behavior city conference left draw. Nothing really pick term prevent establish special.,99,#vacationvibes,FALSE,10-12-2024,Tablet,en,4771,531,207,0.0583
00d7a19d-e09a-4cea-a030-c6dd338ba68c,d11da375-8f4e-4ba6-a47f-22a6be613491,justin88,Male,53,2152,2412,15-08-2023,FALSE,Paris,Food,Effort mother sure board with address ability full newspaper from. We exactly especially fly guess pressure.,108,#instafood #foodie,FALSE,10-05-2024,iPhone,en,109,9,8,0.0586
4ca8376f-5be6-4a0a-b376-509ec99d78b8,fd3b5429-b03c-4c01-bd53-d885605ec410,athompson,Female,41,21734,8548,10-01-2025,FALSE,Madrid,Travel,Term quality public past necessary hospital nor teach make anyone. Six director lawyer body physical point reduce.,114,#vacationvibes #explore #travelgram #wanderlust,TRUE,03-04-2024,iPhone,es,1073,87,64,0.0563
db51d83c-10db-4ea4-8fcb-d8315045ef0c,9ef38e3d-0fc0-43f0-b30d-f6fb065ea8a5,ulynch,Male,17,39626,6678,20-08-2019,FALSE,Izmir,Technology,Store see available account much officer sit full country note education wait right rich window more important occur light indeed both perhaps. Check success consider follow.,174,#future,TRUE,08-09-2024,Web,de,2011,105,44,0.0545
484759c6-8d93-4f88-bbc2-5db33264b16d,f85f4134-2649-4a97-8674-350c98146e7d,wstewart,Other,22,68170,1958,29-03-2024,FALSE,Paris,Politics,Material and sit actually picture look image probably change its partner probably return push half series take. Although race drive law.,136,#election2024,FALSE,20-02-2025,Web,en,3571,371,84,0.0591
0c5773d2-7a76-4d57-87d9-9d14e5f544d1,375c1ddc-3eff-4825-9e86-0b8b72a09082,isaacsingh,Other,36,64383,8613,02-04-2015,FALSE,Berlin,Fashion,Response explain question law anything former long structure nature public identify wear try game particularly could arrive whole. Although season could discover.,162,#style #fashionista #ootd,FALSE,06-03-2025,Web,de,3224,266,153,0.0566
7615cfb8-6807-408c-aa0e-8cbeef3a7621,50871d7b-d537-4178-9f69-e7af28f7d93e,pamela10,Other,32,92536,9265,22-02-2019,FALSE,Madrid,Books,Painting author family animal speak student security actually father while senior opportunity home city term least. Whether traditional team music table participant artist.,172,#reading,TRUE,27-05-2024,Web,fr,4551,278,65,0.0529
acab5c26-950e-4edc-9602-9dc5d5f2fb6e,99130cc4-7f2f-4c5a-b110-373ec5543be8,tonya67,Other,43,90224,3758,27-01-2017,FALSE,Bursa,Health,Interesting attack before or own practice article city management any Democrat. Leader price campaign modern suggest.,117,#fitlife #mentalhealth #healthtips #wellness,FALSE,05-12-2024,iPhone,es,4597,647,363,0.0621
fd3f385d-6f2e-41aa-ade2-1023665fb893,b3cc6aeb-b9d0-49f9-955a-6c1f9a7973d3,hknapp,Female,38,36267,6524,19-03-2022,FALSE,Bursa,Travel,Stock world its quite central sit sure perform situation school task situation fly season. Eye admit however view under per.,124,#travelgram #vacationvibes #wanderlust,TRUE,21-08-2024,Web,fr,1822,108,144,0.0572
3aed9c2c-1f2e-41f6-8cb2-4549f291232f,6ce4f237-d308-4c37-a09e-d7f87c7bd98b,hernandezreginald,Male,56,774,6797,08-02-2018,FALSE,London,Pets,Something hit kitchen figure write voice citizen so agent land class seem. Wind wife travel team young leader institution.,122,#petlover #dogsoftwitter #catlife #adoptdontshop,FALSE,21-04-2024,Android,tr,44,2,2,0.062
e54d35bf-829e-46e0-9364-4b54700f0078,26a03d6a-1ef9-44d7-9eea-17d5ef8bbe8a,xcarlson,Female,56,51321,9013,18-02-2020,FALSE,Madrid,Art,Break compare industry population show character at big system avoid away not likely some several close center push current. Medical or report employee hundred make which.,171,#artistsoninstagram,TRUE,02-07-2024,iPhone,de,2583,381,181,0.0613
0aeb6b8e-7481-4bc3-b313-bab082ea6b7e,6bc919b6-73ff-4ae6-b8e5-a41552d53339,hunter12,Female,34,11967,7215,29-12-2015,FALSE,Bursa,Books,What coach face sense level alone approach pass specific forward administration show college. Arm law away night evening bed condition.,135,#reading #readmore,TRUE,15-11-2024,Android,en,635,58,51,0.0622
2996ced5-03da-4ec6-af89-9f352b89486c,b08522e3-aa5a-4aa3-8766-a3e7f4e9d794,kristen31,Other,31,90256,516,07-10-2022,FALSE,Antalya,Fashion,Cover material message commercial doctor watch. Myself issue nothing it six down.,81,#fashionista #ootd,FALSE,01-07-2024,Tablet,tr,4653,647,279,0.0618
41eee03f-ad9d-4f13-bd0b-973979fea7e0,0cff93d5-08a9-49ce-9802-515ae5728a7f,owensapril,Female,17,78679,2240,26-08-2023,FALSE,Istanbul,Books,Least those measure about brother dinner plan soldier same change there anything begin. Agree mission support finish however.,125,#readmore #bookworm #reading #literature,FALSE,20-04-2024,Web,en,3949,565,278,0.0609
fddc0291-e8da-4151-96e0-7f3ce82988e1,07818640-5555-4fbb-9dd3-c49b96c413c0,nicole81,Female,41,5724,503,21-04-2024,FALSE,Berlin,Politics,Woman from our although democratic fund we ago challenge debate capital decade religious popular. I which soldier should.,121,#politics #worldnews #election2024 #news,FALSE,23-11-2024,Web,tr,280,18,25,0.0564
8c7e7726-d7ba-4a3b-95b7-437f7a52aaad,0ac3d566-f395-45b3-bff2-3ab7b661d154,gerald40,Male,19,23884,4932,26-03-2017,FALSE,Berlin,Fashion,Clear though interest write bad long. Action rock catch third adult all site military.,86,#style #ootd #lookbook,FALSE,26-11-2024,Android,fr,1202,175,19,0.0584
1f2c6b0c-3678-43fb-b5e7-f0341a6b770c,fa4a41f3-0e6c-4275-aa9b-3c9ce20fae9c,marvinhoward,Female,60,85731,4056,26-02-2023,FALSE,New York,Fashion,Foot interview usually partner future name. Require they why senior.,68,#fashionista #ootd #style #lookbook,FALSE,25-07-2024,Tablet,fr,4312,285,61,0.0543
2c6e4cb4-cb44-49be-915e-38e4c401b088,54d3af28-5519-4bc2-8b2d-03f0c8c18b19,christina66,Other,21,31073,7033,18-10-2016,FALSE,Antalya,Photography,Chance hour anyone quite prepare partner step program grow model police. Ok media memory however politics citizen physical.,123,#snapshot,FALSE,21-07-2024,iPhone,fr,1492,146,66,0.0548
b334ae20-33dc-48cb-97e2-8fb8e9538b56,cf0f8ffd-bd22-4812-bdcd-ab43c97a8d58,hodgejames,Female,20,33609,3477,31-12-2022,FALSE,Berlin,Gaming,Late skill until natural page behind star reach believe energy report stage learn food. Improve side open create.,113,#esports #gaming #gamerlife,TRUE,18-07-2024,Android,fr,1672,181,122,0.0588
7ab88a75-fc0c-4102-b73d-e519859d65c1,6b8dc199-9bdb-48cf-a0ac-3cda53a255f8,marywoodard,Other,19,95678,9028,03-06-2018,FALSE,Istanbul,Books,Service glass good physical crime customer attention story their radio movie stock quality green daughter care but care beat we several true young. Others always add happen energy decision.,189,#reading #literature,FALSE,16-12-2024,Web,es,4754,627,258,0.0589
b6e6851f-4608-4a0e-bba7-97079b039039,e6fadfcc-f6d5-4c30-9217-735d666a9fbc,kevin85,Female,34,45820,5320,30-06-2018,FALSE,Antalya,Education,Couple peace tend parent call between leg method moment almost cup adult base seven should various for world improve walk or every member nation. Human news control give tend set.,179,#edtech #learning #students #knowledge,TRUE,19-12-2024,iPhone,es,2270,308,120,0.0589
ddbe7202-7bf9-41f7-9c95-d8ff5946de20,4172c267-6261-41f2-b926-a532a0e21bb0,darius05,Other,50,8970,8362,20-02-2018,FALSE,New York,Finance,White recent cost across school almost practice measure firm government for whose rather five apply likely health though debate certainly. Start share imagine catch girl door pay accept.,186,#stockmarket #crypto #money,TRUE,16-11-2024,Android,de,417,44,34,0.0552
dae857be-f353-4797-9ed3-d0ede183fdcf,97e09c3f-8d04-4c0a-8b9a-77e172b8ffaa,jpowers,Female,27,28797,5617,16-04-2018,FALSE,Bursa,Photography,A minute term floor behind upon care light mouth Mr pretty plant story hotel represent fall material protect. Treatment present necessary old security.,151,#travelphotography,FALSE,03-05-2024,Web,en,1465,214,142,0.0632
d8b2dfee-6f6e-4faa-8122-5e279da20136,6fe2a91f-0089-467f-9728-6cac17599fde,smithcandice,Other,44,63709,9209,09-05-2024,FALSE,Madrid,Music,Capital offer first believe herself certain hold assume wind news fish born. Above situation be recognize.,106,#vibes,FALSE,28-09-2024,iPhone,en,3231,278,113,0.0569
d5835fe5-94c3-4159-9a43-d54ff7980393,c106489d-bef8-488f-8567-7d5b256a6bab,rtaylor,Other,37,37147,1149,06-11-2017,FALSE,London,Finance,Dinner else would present become top hundred summer cultural bit start course wear attack. This however especially surface order because feel.,142,#stockmarket #crypto #investing #money,FALSE,31-01-2025,Tablet,tr,1825,113,92,0.0546
4208251b-a199-48d5-a709-453baba928ab,33e8c0e2-ae19-4549-9028-840ff35a39f5,wheelertara,Male,44,10513,9334,27-03-2015,FALSE,Bursa,Finance,School imagine executive commercial set from run Democrat six true deal middle. Return be station.,98,#investing,FALSE,22-09-2024,iPhone,es,533,65,38,0.0605
f53eb9f7-8c01-4a2b-8b76-a4115b2e550a,ea6ceaaf-6315-484c-82ba-0dd5afd1fc9e,johnsonjames,Female,25,53390,6413,04-07-2015,FALSE,Madrid,Politics,Drop major including deal office election edge child number small set especially. Wrong affect fine talk deal recognize.,120,#worldnews #election2024,TRUE,08-07-2024,Tablet,en,2659,177,98,0.055
69b06d7d-d2b9-4599-acb1-bab12b010599,4113180c-30d5-447e-a028-e05f56fdd2c5,khammond,Other,37,1946,4883,21-06-2016,FALSE,Bursa,Finance,Set her loss open wish war support page civil how Mrs recognize show four. Increase pretty style ok.,100,#stockmarket #money #crypto #investing,FALSE,15-07-2024,Tablet,de,99,14,6,0.0612
357fa3e9-3af2-45c2-b7c0-de646e5e9731,1bccb781-7253-47eb-bcc5-b5e0c19ecd9c,michael04,Male,24,80395,7893,24-12-2021,FALSE,New York,Finance,Art positive a them prevent expect issue mean it. Themselves letter away food another.,86,#stockmarket #money #crypto,TRUE,20-01-2025,Android,de,3985,203,287,0.0557
e357aab1-edcb-4a29-a7c2-fc7b33ed8021,b2db1be4-9872-40eb-aab7-b40bac3d5a80,dking,Other,48,46125,6598,14-10-2016,FALSE,New York,Pets,Beat way catch easy save as specific billion end. Mean from include billion director meeting almost.,100,#dogsoftwitter,TRUE,25-09-2024,Android,en,2281,178,78,0.055
4439ab1e-81d7-498b-bf4a-fdbf86f12b08,9b5fe5c8-b899-4942-92b1-57c572eb38ed,reginald08,Other,32,59500,8993,06-02-2017,FALSE,Antalya,Food,Huge another participant moment yourself pretty him eye Congress goal war line most force. Eight end choose natural.,116,#yum,TRUE,04-09-2024,iPhone,tr,2998,400,259,0.0615
644b479b-2e2a-4d71-a636-3c159b234125,de00cc58-f031-4df6-baca-99cb825617cd,nathaniel57,Male,35,21311,5206,06-08-2018,FALSE,Berlin,Pets,Make might these fine however very. Save national can international guess knowledge break.,90,#catlife #petlover #adoptdontshop #dogsoftwitter,TRUE,03-04-2024,iPhone,en,1030,71,47,0.0539
5dd33941-5807-4066-bef2-0c7f59e018e4,f0dcdc61-47f5-4f57-975c-d37721c59568,jameszachary,Female,21,34044,7181,27-01-2016,FALSE,Bursa,Pets,Program no if type huge finally natural summer professor increase word sing final Congress agency cut. Movie rise system five and imagine.,138,#catlife #petlover #adoptdontshop,FALSE,13-09-2024,iPhone,de,1685,119,136,0.057
f7ed4363-d567-43ee-b43a-242dd9cc90fd,560b7d2b-b34b-4a40-9e21-91788b97f300,spencerangela,Female,38,90441,2257,24-04-2017,FALSE,Istanbul,Gaming,Despite hear face writer apply door executive ability music statement sea everything. Traditional teacher different building mean serve operation.,146,#esports #gamerlife #twitch #gaming,FALSE,18-12-2024,iPhone,tr,4425,655,275,0.0592
9f373760-0f20-4c41-b758-fdb8332ebacb,04973079-4879-461d-86f3-5cba81a41ef9,ttaylor,Male,25,85964,7255,02-03-2022,FALSE,Bursa,Pets,Cold hotel me open our cup suffer away rest buy little either church. Detail mouth show son.,92,#adoptdontshop #petlover #dogsoftwitter #catlife,FALSE,07-05-2024,Android,en,4360,494,391,0.061
ef012939-7ddb-40da-bf9c-88cfd60b8931,f363e376-c84a-4a84-8509-3d5277afa3fb,paul54,Other,58,99396,2988,26-04-2023,FALSE,Izmir,Fitness,Economic but production often apply defense fill ability voice everybody brother big decision. Or girl such especially serious.,127,#fitlife #gymtime #workout,FALSE,14-06-2024,iPhone,fr,4987,636,433,0.0609
0f7874dd-329a-4798-ba33-743afa709bb9,22bf1a79-ff59-4aa2-a96c-1b198c532859,johnsonanthony,Male,33,62003,5576,27-10-2017,FALSE,Madrid,Memes,Voice involve issue job week which project claim until country car section this reality agreement weight soon try myself possible become vote determine. Note ever after food clearly.,182,#funny #memeoftheday #relatable,FALSE,22-03-2024,iPhone,de,2996,301,32,0.0537
ee5301b5-53e3-419d-889a-eaacd5ccd37a,c5aec4d0-58ea-491a-a6de-9953f480fa59,rebeccaharris,Male,42,11908,1237,02-01-2018,FALSE,New York,Travel,Air rock general training recent I conference window especially what real church affect. Reveal weight city knowledge manager not.,130,#vacationvibes,FALSE,03-01-2025,Android,tr,583,50,50,0.0574
0118b7e8-75a1-42cb-9355-3e8f5ca69fc2,d171a281-1800-4251-96af-c86151bf1faf,joannewallace,Female,16,91720,2809,20-06-2023,FALSE,Istanbul,Music,Theory unit wish whom dinner break structure network rather sort class several always however door some might look stuff your together. Mind color environmental near argue.,172,#playlist #vibes #nowplaying #musiclover,FALSE,23-09-2024,Tablet,de,4677,679,254,0.0612
3b9254c1-c1cf-4dc2-85ec-93a499b88066,a33c2dd8-a2d3-4570-af91-bd82c5213e23,ericsmith,Female,34,66799,6621,02-01-2019,FALSE,Bursa,Art,Gas body bar later seat race term quality guess task would role though create fund plan happy million look focus none. Hundred choose behind consumer.,150,#creativity #digitalart,TRUE,28-11-2024,iPhone,fr,3385,349,109,0.0575
b6bfd12e-c9fc-46dc-b573-c6f71990212f,aba690ba-3777-41cd-bd83-83c5e6c74836,stephaniegillespie,Female,57,70898,5411,12-11-2023,FALSE,Paris,Memes,Guess office author order why point half war. Their structure worker.,69,#funny #memeoftheday,TRUE,17-11-2024,iPhone,en,3457,470,209,0.0583
d532ccc0-e400-4357-a360-e67b4d036469,9dc5ce36-54c0-49cf-b110-7dac9e14cb1c,blakemeyer,Female,22,88308,7311,21-01-2021,FALSE,New York,Politics,Model necessary matter fine yes could itself letter range still project history travel window interesting chair building but ok. Apply particularly win.,152,#election2024 #news #politics #worldnews,TRUE,25-10-2024,iPhone,en,4522,578,431,0.0626
6afea2df-2a04-49ac-a2f6-171470508266,eb6acca5-f49e-4583-a750-b5c3a29d6377,lisa90,Other,20,1710,9763,08-01-2021,FALSE,Bursa,Fashion,Prevent bill democratic statement cost little. Common other population laugh task answer.,89,#ootd,TRUE,26-01-2025,iPhone,tr,95,4,6,0.0614
ad3a7edb-5eba-49e8-ab48-7f5f8faba1e6,2775182d-2ebd-432a-a632-c951d285f8d2,debbiejackson,Other,24,54485,4820,06-04-2020,FALSE,Berlin,Fashion,Low buy rise air. Sit accept care drug.,39,#fashionista,TRUE,06-07-2024,Android,es,2752,199,100,0.056
9b980082-1c10-4846-bf9d-0ae6348c615a,9fdc9972-01e1-4e21-aaff-46a83e75cea9,abigailhartman,Other,30,38493,168,05-12-2017,FALSE,Bursa,Gaming,Cause number alone design consumer including no even foot run interview friend perhaps medical thing catch include. Race fight reality spend responsibility family house age.,173,#gamerlife #gaming,FALSE,15-09-2024,Android,en,1929,203,124,0.0586
df7a778e-596b-44b4-a967-0db855c74668,f04ebb0c-d35a-4d3b-9adc-121048bc143b,rodriguezbrian,Female,54,18320,8620,21-06-2022,FALSE,Berlin,Photography,Half another food everybody exactly really require card model quality course. My woman various dog keep apply.,110,#snapshot #travelphotography #dslr,FALSE,08-01-2025,Tablet,fr,919,68,20,0.055
1d751300-f022-4382-b9a4-74fcb35635fb,f4241279-644a-4a86-afd8-5ac0b546ed51,sandersnathaniel,Male,59,63400,6703,14-10-2021,FALSE,Ankara,Travel,Hit doctor attorney maybe education article generation various she language final read relate. Friend hope low and would lead ground.,133,#wanderlust #vacationvibes #travelgram #explore,TRUE,28-08-2024,iPhone,en,3162,307,275,0.0591
f86551d5-b147-4093-bc6c-c253bacc8387,280e74ec-81a7-4984-9a9e-c87ba312b8f2,benjamin67,Male,32,99605,6747,13-12-2023,FALSE,London,Politics,Then interesting director new effect another meeting box on financial enough. Produce let place reach run thought.,114,#worldnews #news #politics,TRUE,09-01-2025,Web,tr,5075,291,459,0.0585
fd27aa92-b4c6-481f-ab95-116e0dacc017,5bd74c62-db6b-4a09-a913-98eb98bbabb0,sandersmary,Male,39,74990,4220,10-08-2017,FALSE,Izmir,Fashion,Tax upon environmental design good think you his doctor its look. Notice cup along road.,88,#ootd #style #lookbook #fashionista,FALSE,09-11-2024,Tablet,de,3839,516,178,0.0604
a1b6817f-a069-43ab-b550-772ccf5e9944,7f24d69e-1a47-41d3-afb1-6f62463b4ba9,wilkinskevin,Female,43,67208,3217,30-05-2024,FALSE,Istanbul,Pets,Time nor before right newspaper owner where get since able often president recently even reason back across. Reach local share shoulder professor.,146,#dogsoftwitter #adoptdontshop #petlover #catlife,TRUE,18-02-2025,iPhone,de,3427,467,173,0.0605
2c464c2b-2f06-4e5c-ac6d-42698e4c2ddc,8256f3a5-52bb-4b6b-9e64-716d17a07611,marthagriffin,Other,60,76195,6730,12-01-2025,FALSE,London,Travel,Office staff our night animal mean many either money see fear shoulder could detail. Mind know scene major charge issue really.,127,#wanderlust #vacationvibes,FALSE,08-07-2024,Web,fr,3887,430,372,0.0615
128142cc-bfe3-48ac-8da7-774af6a140e6,8964f795-a195-4321-9785-5b05745c3ba3,jperez,Male,48,79877,9583,01-07-2015,FALSE,Izmir,Art,Wrong space agreement Republican young movement want current anything north. Skill begin standard community after recognize myself.,131,#artistsoninstagram #creativity #artlife #digitalart,FALSE,11-01-2025,Tablet,tr,3995,393,232,0.0578
3575031a-9b88-40c5-ba64-056f326e5da2,08de679d-3f40-4adb-91aa-ce60e11a5fea,justin75,Female,46,81829,7702,10-09-2017,FALSE,Izmir,Music,Provide focus technology board above man young focus million all have forget easy positive single modern better our lose capital decide major majority full within may. Anything truth southern area lot.,201,#musiclover #playlist #nowplaying,FALSE,21-07-2024,Android,tr,4070,598,320,0.061
0e16419f-c136-4f10-b63d-2e7222977c2a,165df34f-974c-4b10-904f-c2c8c68de126,vsullivan,Other,57,29135,7195,26-10-2015,FALSE,Berlin,Food,Player stuff memory human south for market certainly possible culture. Help their activity.,91,#homecooking #foodie #yum,FALSE,18-04-2024,Tablet,fr,1431,208,94,0.0595
ea8bc335-a552-44be-a5b6-ac8473cbb61f,6f840818-5bd1-4d86-a835-6627a83fa02f,bgross,Other,46,14932,1361,30-05-2021,FALSE,New York,Politics,Just account you young somebody senior report president cold far culture yeah. Skill station fire himself realize up.,117,#election2024 #news #politics,FALSE,21-05-2024,iPhone,es,767,40,22,0.0555
5e3cfa17-5183-4269-82b7-578372186189,dd3990d3-51d4-4ea3-b5a4-1070a8a1dd7b,mrandolph,Other,30,43017,7957,10-11-2018,FALSE,New York,Technology,Environment true lead great book audience language different decide open option site throughout side these control action that above capital Congress. Side upon strong half many recognize gas.,192,#tech #innovation #gadgets #future,TRUE,02-08-2024,Web,tr,2124,144,136,0.0559
6c068f36-d1d9-4a86-a624-183a151dc60c,c67c3e4d-0df9-433d-8836-2b7ebf88b4b1,ybrooks,Female,58,31822,2575,06-11-2022,FALSE,Paris,Fitness,By car can at choice American worker nation level carry where system hot woman she real. Leader least where book bar.,117,#healthylifestyle #gymtime,TRUE,15-06-2024,iPhone,de,1602,218,72,0.0595
37c11aeb-7fd0-43c5-9f90-3bf9f0dd4f18,37d5fbce-48cc-4dc8-92b4-c0e460246027,smay,Female,48,9987,603,23-08-2023,FALSE,Paris,Fitness,Entire service to seem Mr should hit usually professional suddenly soldier. Economy would book live successful remember may list.,129,#gymtime #workout #healthylifestyle #fitlife,TRUE,29-07-2024,Tablet,tr,518,41,32,0.0592
982dc9e5-7aff-41f7-80f0-4b8d5955c8c4,971ed9a0-e5fe-4533-be88-ec3948c179c3,davisamanda,Female,33,3919,9072,27-03-2021,FALSE,Istanbul,Books,Process surface husband property stage everybody brother government every structure culture stage do sign business onto statement. Personal news sit four difficult.,164,#literature #bookworm #readmore,FALSE,09-12-2024,iPhone,fr,221,17,17,0.0651
568a44ec-c7b6-4fc1-9431-48c05f028ec7,e27ceedc-6799-4ef0-8a94-7a91663570f9,allison14,Other,31,34342,7994,17-07-2016,FALSE,New York,Finance,Successful future turn quite memory color air believe worry from large bill food center cost site him short six hold girl produce pretty become two. Third party hair age.,170,#money,FALSE,10-04-2024,Web,fr,1766,249,80,0.061
8abf82f2-9635-4ba0-bca6-78fcfe52c6ad,99a1ef8c-1dbf-4714-addd-614ea0c23121,holly73,Female,45,4339,2653,09-11-2015,FALSE,Berlin,Health,Ask perhaps identify money some though century. Dark tax unit country.,70,#healthtips #wellness,FALSE,22-08-2024,iPhone,tr,242,15,7,0.0608
07f723b2-6f27-466f-9c39-72dbfe548482,64b5e1f7-ab6d-4a30-b703-7069b82e0b52,csullivan,Female,48,5350,600,08-09-2021,FALSE,Paris,Fashion,Exist enjoy easy employee person hair able site. Yes support certain region voice.,82,#ootd #style #lookbook,TRUE,18-07-2024,Web,en,271,31,9,0.0581
68705720-44cd-487d-8ead-ea325dfe2564,5db9230b-492d-4242-b19c-f3a0def9ba1b,pparker,Other,56,61754,3922,30-07-2020,FALSE,New York,Food,Price carry hand former him someone seem test. Degree save air three production.,80,#foodie #homecooking #yum #instafood,TRUE,14-12-2024,Web,en,3086,378,279,0.0606
220af564-9b5f-4e27-b639-58eab8462a4b,21645c7c-d349-4767-8628-bb182722fd29,livingstonstacy,Other,22,13945,4737,26-12-2021,FALSE,Berlin,Music,Cup provide service time if term professor she control red figure control ago. Put lay significant law call consider.,117,#nowplaying #vibes #playlist #musiclover,FALSE,13-08-2024,iPhone,es,727,101,28,0.0614
d4c97eba-eb8d-43b3-9fa9-b13cf0718e69,d5dea883-4dbb-4be3-a3ea-3dd1a8b002df,knewton,Female,25,12661,497,23-12-2021,FALSE,Madrid,Education,Quality bed take his ever produce everything soldier huge instead fly. Poor soldier hundred plant today figure.,111,#knowledge #edtech #students #learning,FALSE,22-02-2025,Android,de,630,79,58,0.0606
a8a5335a-d741-44b9-985e-5c97257607c8,b81bfa12-f58c-4508-bc27-f9b7883488db,mcclurechristopher,Female,16,54907,4911,26-02-2019,FALSE,Antalya,Memes,Close author serve now coach marriage challenge once long government water feeling into population concern our. Less shake plan cover traditional sit.,150,#funny,TRUE,08-05-2024,Web,de,2706,317,265,0.0599
623dee5e-ec7e-4fa3-b291-2527ce881079,07720a64-e2be-4f8e-8e44-979531a7ed08,amanda51,Female,60,26087,2814,14-01-2023,TRUE,London,Art,Indeed play team consider interesting agency wind just attack technology increase. Know at human able.,102,#artistsoninstagram #artlife #creativity,FALSE,12-10-2024,Tablet,fr,1254,80,39,0.0526
f9925bcd-1205-429d-b7d0-4911ee8dfb59,cf5ff8bb-d00f-4918-a65a-aed309cb5503,howellbrittany,Male,37,32632,9312,03-02-2018,FALSE,Istanbul,Politics,Maybe possible question country girl group ok federal agent professional think central wonder base fight authority. Nature him hotel may current play away environmental.,169,#worldnews #news,TRUE,10-08-2024,Web,es,1635,218,41,0.058
517773e3-3dc6-4707-a505-72e85bcf26bb,1f653db1-c96b-45da-a7a6-9dc30eaec3a2,julievillanueva,Other,37,5400,7644,17-02-2019,FALSE,Izmir,Fashion,Source beautiful throughout pick light. Risk chance enough real also ago decision firm.,87,#ootd #fashionista #style #lookbook,FALSE,04-10-2024,iPhone,de,248,25,9,0.0522
f35d5921-5010-4514-b8b9-88363ba7a9c3,7c34b530-75ca-491a-811d-b3a897effd6c,mario74,Female,54,24452,171,25-08-2024,FALSE,Bursa,Finance,International east thought power better last six investment. Treat hot her prepare develop boy full low.,104,#investing #stockmarket #money #crypto,TRUE,11-08-2024,Tablet,tr,1263,170,21,0.0595
4990585e-4955-4a4b-b889-7840b760e6d0,795f1cdf-8d5f-4e0b-9ae9-930bb68b8149,ucarrillo,Male,52,72621,6088,20-11-2015,FALSE,Ankara,Photography,Quality commercial knowledge young move send mother reflect. Born include born great collection its.,100,#travelphotography #photooftheday,TRUE,10-03-2025,Android,en,3604,269,162,0.0556
4c8f9729-87a9-43a9-8054-796f322f2fcf,cacda8ab-79de-4926-987b-4b7e34efb019,victor87,Male,54,65339,3322,02-04-2016,FALSE,New York,Technology,West story recognize goal factor benefit view conference likely although physical study team prove word box above. Allow control land general discover good drug.,161,#tech #future,TRUE,02-02-2025,Android,de,3283,292,130,0.0567
f69bd49e-d212-4d0c-9326-d28145d0bb5d,6d1d84e0-04c5-4b05-8c71-2a23d45aa2b3,robertwilliams,Female,54,83019,5735,10-09-2017,FALSE,Istanbul,Books,Suddenly concern force watch enjoy ok want newspaper plant establish safe source feeling movement behavior wide part parent why front PM. Election American catch wrong staff mean.,179,#reading #bookworm #readmore,TRUE,23-09-2024,Android,de,4300,610,99,0.0603
83a5534b-c9ae-4001-9df6-8a6f68dd2b8f,9eef0407-c877-4771-b1e9-2729a5f80f59,pdean,Male,58,98639,9592,11-02-2021,FALSE,Istanbul,Finance,Bar as attorney market move thought sister other air personal read seat individual again. Film someone morning section operation strategy.,138,#investing #crypto,TRUE,05-11-2024,iPhone,fr,4920,561,490,0.0605
c925c188-e275-45aa-b21b-edd0d806a117,f6cf3582-668b-45fa-b01a-84506c0af9c1,elliottkristy,Female,60,4885,9312,29-12-2015,FALSE,Istanbul,Technology,Kid movement responsibility movement store scientist meet concern store quickly traditional understand education friend interesting magazine garden affect. Reflect why condition question itself chance should cell.,213,#gadgets #future #innovation #tech,FALSE,23-03-2024,Tablet,tr,252,18,15,0.0583
3644b494-a68c-4d8e-8145-f4239ee27fda,b93f8e8c-34cc-4978-803f-e4d1b3262d4b,timothyrobertson,Male,19,65467,9904,10-04-2024,FALSE,Istanbul,Politics,Head look they soldier plan later she feeling left present feel task firm share they position option agent through read face raise. Look need itself old parent conference least.,177,#news #worldnews #election2024,FALSE,14-02-2025,Android,de,3178,177,85,0.0525
1147c5f2-bb1e-4744-b70d-ee757c566b63,abae66fd-59ce-4d04-9f5b-845c8b431cff,hernandezlinda,Female,23,43366,9122,28-09-2016,FALSE,Berlin,Memes,Order bill explain indeed indicate trip democratic kind reflect involve data believe way. Cell music protect.,109,#lol #funny,FALSE,31-08-2024,Android,es,2186,167,113,0.0569
f7686a21-e01b-4310-9f2f-05144a849346,5ec67369-485a-40f8-be99-d930dfb3b758,mileszachary,Male,48,57405,5408,11-10-2024,FALSE,Madrid,Photography,This happen size able listen these president save feel side hotel often approach action somebody ago. Someone Republican interesting during.,140,#photooftheday,FALSE,21-09-2024,Android,fr,2891,286,159,0.0581
53488cd5-66d4-48c7-9873-9c28c62b01d2,ef97596b-18ce-441a-85c3-e7fdd2c6925b,melissa38,Female,52,65693,3235,26-12-2019,FALSE,Bursa,Technology,Note without concern fire model less wish certain several economic explain management response hand manager. Of idea whole side really notice final call.,153,#innovation #future,FALSE,27-01-2025,Tablet,es,3200,443,221,0.0588
a0a0f26d-dca8-46a8-b8e6-42f469bb4225,d9bb0d98-2c99-4478-9113-6c0d65e3a498,lcarr,Male,36,17390,8740,21-04-2016,FALSE,Antalya,Music,Type you without quickly war father drive media onto pay carry necessary whole effect world strong here situation. Vote oil yeah try.,133,#playlist,FALSE,11-01-2025,Web,en,866,114,36,0.0584
14511eea-e8dd-417a-be0b-7180289f4735,c939dbca-e8a7-46a0-a44c-991a118dc3f1,linda33,Female,59,70734,2830,06-08-2015,FALSE,Madrid,Travel,Individual decision without bill yeah item media push tend live tonight toward measure anything message girl scientist share whom president become catch social describe another. Compare yes experience standard scientist back.,225,#wanderlust #vacationvibes,FALSE,04-08-2024,iPhone,tr,3506,256,80,0.0543
7c099adf-b211-4146-ae4c-18b07ba3ae38,735054bd-9c0f-4181-9089-59b83c5e5cdb,abigailburton,Male,60,35160,8494,15-03-2020,FALSE,Ankara,Health,Middle mother decide speech decision million system reach probably feeling soon edge how way operation same build start ground song statement quickly region think. Drive necessary will.,185,#wellness #healthtips,TRUE,19-02-2025,Android,de,1749,171,84,0.057
5eeb7706-5343-42a8-a040-5c7b700e30da,27672f76-406f-4865-b5e3-ae61f1317dc0,davidkane,Other,49,34604,6495,02-09-2023,FALSE,Bursa,Travel,President serious father speak administration conference meeting firm foreign girl game. Wind development book another situation when.,134,#explore,TRUE,01-05-2024,Tablet,fr,1680,137,29,0.0533
15939986-e17a-49f0-bb8a-d61d70c2cb8a,38833fe1-c995-4c20-92ff-7a5308eee134,xwalters,Female,36,17601,4689,23-04-2021,FALSE,Paris,Education,Reach seek daughter else child truth certain activity town beyond project to. Year audience debate force someone table player.,126,#students,FALSE,04-02-2025,Web,de,869,126,46,0.0591
830cc216-e080-4dc5-9ebd-8fbd8bd32d5b,7e8ca987-1578-46a2-a034-02e906c24d50,omontgomery,Male,32,26663,9490,21-11-2021,FALSE,Antalya,Books,Nice miss mother explain religious remain seat success down forget issue be guess three up pull fine watch history pattern opportunity political say. Away off large face.,170,#readmore #reading #literature #bookworm,TRUE,04-01-2025,Tablet,en,1356,109,29,0.056
03690733-d37e-4672-bbf4-46b4d33e59ac,dcf76128-2d49-4658-be84-ac5ff59c1af1,bellsteven,Female,17,87996,1537,14-02-2018,FALSE,Antalya,Travel,Feeling trouble dream house tell large manager growth already country. Fear do election TV night there speech.,110,#travelgram,FALSE,12-05-2024,Android,en,4425,362,195,0.0566
8b0d0456-e456-4c33-84a8-6950eed7e3b7,457a21e5-d0b2-4bc9-81be-25eb9f202d19,cquinn,Male,53,3582,1798,28-10-2021,FALSE,Paris,Music,Tough go training site effect story represent nothing race character study staff record. Line who mind admit.,109,#vibes #musiclover,FALSE,24-01-2025,Android,es,191,27,2,0.0614
13707098-2aa0-49f9-873b-24dcd914cceb,4a1cd440-4311-4f38-b05d-20e832c1961c,jayjohnson,Male,36,80907,5235,09-04-2024,TRUE,Madrid,Music,He show let popular quality himself want seven professional team pressure here almost lead pick light nation bad analysis kid while wind. Attention per training up fill century skill.,183,#nowplaying #musiclover #playlist,TRUE,02-08-2024,iPhone,es,3983,517,65,0.0564
3cc1a7fa-7379-413f-9844-abb7ae985711,062b5c49-2968-4b52-91af-d7b51d4adc57,pbishop,Female,17,94796,956,08-11-2019,FALSE,Ankara,Technology,Agent sit opportunity letter already relate few part bank evidence hot stage music. Check have nothing.,103,#innovation #gadgets #tech,TRUE,16-02-2025,Tablet,en,4652,462,115,0.0552
d35414be-c63b-41ad-ba74-860b1af5b0b6,e0ce8a5f-7293-4b12-93c9-e7f507f66f78,katiebaird,Male,22,96911,9037,25-07-2020,FALSE,Izmir,Art,Them first industry view million entire say. Guy according create read two.,75,#artlife,FALSE,08-03-2025,iPhone,es,4901,665,209,0.0596
ffde1c52-7c70-4b9b-a8ed-beeb6f2cbb8f,350a9bfa-34c7-4fa9-a318-9944cc8ab40c,rushstacy,Male,47,58833,7374,17-11-2021,FALSE,Madrid,Photography,Crime north onto friend focus pick necessary end choice. Laugh scientist month on some religious thousand paper.,112,#photooftheday #dslr #snapshot #travelphotography,TRUE,08-08-2024,Tablet,es,2991,430,52,0.059
12b90647-691c-4d31-a369-bb52ba888a92,98e10a09-4221-441f-9004-6b23ab7662e6,dlarson,Female,37,26727,1652,27-03-2021,FALSE,Izmir,Memes,Answer structure her pick total we deep street successful either moment camera upon deal argue like kind opportunity. Number catch imagine foreign.,147,#relatable #lol,FALSE,29-11-2024,Web,es,1383,92,49,0.057
aa69014d-959c-4539-8bff-afe225bb7f2e,3eee715b-b949-4e1f-b694-e45099e359b8,jeffreylewis,Female,33,36635,3513,11-07-2021,FALSE,New York,Education,Off sure water theory PM mother deep impact Mr wall seven miss this product respond central economy traditional these face. Participant million easy each senior future minute.,175,#edtech,FALSE,30-06-2024,Tablet,tr,1879,131,68,0.0567
1c029364-efe0-49c1-92ba-21ab8ce521d5,f5673dc8-d3ab-4d29-b5a0-63f4c73d8516,debrareynolds,Male,38,2291,8661,18-05-2020,FALSE,Izmir,Fashion,His standard wide serve pressure reveal on production speak treatment smile special impact star pass. Guess view must raise military.,133,#lookbook,TRUE,26-12-2024,Tablet,de,117,9,8,0.0585
9bc72154-1f66-4504-9dfa-a488a25a1f8a,b7a135e5-050e-46be-b8b2-041bb8fb4d77,johnnewman,Female,59,42100,4757,14-09-2024,FALSE,Bursa,Education,Sign world red provide evening hundred rock point election likely of section read reach want. Kind smile see end throw space will.,130,#edtech,FALSE,20-10-2024,Tablet,es,2134,256,170,0.0608
6e2fd159-5c7a-48c1-93a2-5287f037218e,67972ded-1f7e-456c-8d2f-3a99af5c2a3f,kellis,Male,25,96117,6009,17-06-2017,FALSE,Izmir,Politics,Oil play pull agreement involve meet seek life section difficult billion card along probably style. Race indicate get front share rise front.,141,#worldnews #politics #election2024,FALSE,27-09-2024,Android,es,4768,621,379,0.06
38001867-dda7-4cb7-8134-0715baac9974,e357d91c-d967-4f93-9356-2007e93cd6af,fberg,Female,17,88969,658,10-10-2017,FALSE,Madrid,Fashion,Turn dinner environmental article rise study south politics value. Among well know authority environmental former.,114,#ootd #lookbook,TRUE,29-01-2025,Android,es,4458,390,411,0.0591
e3058926-d9bc-490b-845a-4dde0636a824,f5d9e1f3-9ec5-40da-9707-05760da96df4,dwhite,Male,59,78092,3903,20-06-2019,FALSE,London,Technology,Perform another stuff per hot decide thing hit window something sell difficult military south draw newspaper dog morning. Rather somebody most every popular.,157,#tech #gadgets,FALSE,09-06-2024,Tablet,de,3881,503,124,0.0577
91887204-65c8-484d-85f6-cc1b9057319b,ccea4011-6c0d-4830-b248-90ab6391a717,carpenterrobert,Female,59,78881,3897,17-01-2025,TRUE,Antalya,Finance,Baby among paper will market recognize down chance speech tough lead child environment her. Interview pick option form send deep also throughout.,145,#stockmarket #crypto #investing,TRUE,08-12-2024,iPhone,tr,3889,402,204,0.057
b6374e5f-c308-47ef-9333-18df3bd06bc7,866a730a-d784-4b79-9bf4-474ff4c046d9,harrisonchristopher,Male,36,32599,9107,19-01-2016,FALSE,Paris,Art,Style prove whom television film police bit husband wait. President plan move performance.,90,#artistsoninstagram #digitalart #creativity #artlife,TRUE,20-04-2024,Android,de,1602,200,131,0.0593
424a7960-b3a0-4376-aa50-bab5742f441c,2e3c2f77-1fa6-4de6-b2ef-bef3ae9c38f2,williamsmark,Female,50,22109,2932,02-05-2023,FALSE,Berlin,Education,Increase positive despite quickly opportunity while reflect travel music phone commercial bag society discover reach medical seem reach language glass spend. Kitchen of industry product.,186,#students #edtech #learning #knowledge,FALSE,29-08-2024,Web,de,1120,132,44,0.0586
1a57c1b2-0677-47da-906f-99cb9cb1c3dd,59f99672-652e-43b1-bc9b-a1cefc03bea9,ykline,Other,52,86029,3778,25-12-2020,FALSE,London,Finance,Wait child before heart method use total figure through modern per. Soon both lawyer center within figure dog stop.,115,#money #investing #stockmarket #crypto,FALSE,18-03-2025,Web,en,4320,286,267,0.0566
ba1de89c-7b70-4a43-bd22-fe8f2d36949e,9c6a02b4-a57d-47e0-9b32-30eb7e0bd284,jamesrodgers,Female,42,21179,8167,03-12-2019,FALSE,Paris,Politics,According join space especially probably sense fund PM bill red law upon call finally into office respond carry occur remain knowledge civil adult significant almost thus. Daughter itself for because remember.,209,#election2024,TRUE,29-12-2024,Android,es,1064,64,76,0.0568
492d7421-2851-47ae-b567-ba9bafff0900,2f321d1f-8d5f-45a5-adb8-b0638c44e4b1,acarpenter,Other,22,83308,6908,02-05-2022,FALSE,Antalya,Fashion,Condition member civil simple successful picture glass type public rather sort my system lose. Figure if certain too society think.,131,#ootd #lookbook #style #fashionista,TRUE,09-05-2024,Tablet,tr,4162,354,303,0.0578
3dc7b330-b343-4a0f-872f-312e3ae81a23,16ef5e27-353e-45dc-8d30-9c92be4c41be,dbarnett,Male,36,43941,4315,07-05-2019,FALSE,Antalya,Pets,Decide natural guess pattern after life less energy capital interest kid. Section a court similar issue see travel.,115,#catlife,FALSE,22-01-2025,Android,de,2253,300,40,0.059
4bd596c8-aff3-4ff6-9ec5-518f5e81b193,d51b2c88-cf0c-4c78-8849-c12139d3bebf,xlopez,Male,37,51445,179,12-02-2023,FALSE,Paris,Music,Billion owner such center hair somebody week economic when those. Line their nation result citizen.,99,#musiclover #vibes #playlist #nowplaying,FALSE,21-08-2024,Tablet,es,2586,335,146,0.0596
f0d1a665-593b-464d-b55e-9c552b19cac9,a6344164-ed4d-4cd7-8553-010d943e0c75,lwilliams,Male,42,99055,9095,21-11-2015,FALSE,Madrid,Fashion,Set give far possible win guy tend little election fill. Mention seek rise form dream education.,96,#ootd #style #fashionista,TRUE,27-08-2024,iPhone,tr,4914,461,487,0.0592
db0b012b-3190-45d7-85e0-6b61a8193d4e,b8595179-124e-4987-b6e4-4bcbd4ccd30a,carlos24,Female,36,21318,241,27-06-2016,FALSE,Madrid,Music,Treatment hair suddenly customer cultural room. Note similar move table number.,79,#playlist #musiclover #nowplaying #vibes,FALSE,20-04-2024,Tablet,fr,1092,123,31,0.0584
0a68e57e-c803-4888-9393-78a8ea3b40d5,fbd9ed9f-50d0-45ed-b2c3-534ae7246d5f,kmontgomery,Male,29,83801,9849,26-01-2021,FALSE,Berlin,Pets,Machine will opportunity father mouth save choose listen question science cold forget local serious main. Various forget PM once magazine attention.,148,#petlover #dogsoftwitter #catlife #adoptdontshop,FALSE,09-01-2025,Tablet,de,4158,237,134,0.054
d28e8ed7-d668-4be1-97c2-cda26311dd4b,3cad67e4-f453-4ccb-920d-809b521ff48b,whitebrenda,Female,60,98782,8937,06-07-2024,FALSE,Bursa,Memes,Conference perhaps black two pull other option represent staff personal to article resource. Result appear building start company.,130,#lol #relatable #funny #memeoftheday,FALSE,06-05-2024,iPhone,es,4930,626,441,0.0607
b6cdc618-5028-4719-8f38-aa2699fe967b,73e0d6e5-d55d-49ca-8f1e-2df031271806,nicoleanderson,Other,37,56281,9874,11-06-2018,FALSE,Paris,Finance,Stuff this quite figure challenge style deal century month campaign glass type traditional. Student boy degree expert.,118,#investing #crypto #stockmarket #money,TRUE,07-09-2024,Android,de,2841,413,33,0.0584
1c400866-32c2-43de-81da-a6d4db8a17d5,741609d2-dc8e-44dd-b3f8-dc88c0d1560f,donald49,Male,28,66079,9203,20-05-2019,FALSE,New York,Travel,Art report analysis exist along door end available situation challenge ten. Baby base popular.,94,#vacationvibes #wanderlust #travelgram,TRUE,29-05-2024,Web,fr,3294,279,82,0.0553
44f24ae1-8eef-4ace-b834-7d7aa119e775,419ad4ef-2dbc-4f02-94cb-a2ee57e5a40a,jamiegoodwin,Female,48,46727,852,12-04-2016,FALSE,Antalya,Photography,Single if outside our also street. Stage operation south artist.,64,#travelphotography #snapshot,TRUE,30-08-2024,Web,fr,2386,347,223,0.0633
facf0e87-284a-4832-8b90-c67d6c967d78,de7fb02d-2504-4806-a328-8e33f1eb890e,thompsonedward,Male,29,54511,1537,18-10-2024,FALSE,Berlin,Finance,Through point own dark poor place couple economy. Laugh trip south debate page difficult.,89,#money #crypto #investing,FALSE,17-08-2024,iPhone,fr,2715,317,167,0.0587
afe71470-97bd-4672-93a5-8201c0b2cae6,eeff9f8b-d5e1-496e-88cd-59d77fb04e0d,duffyerica,Other,40,15845,230,27-08-2017,FALSE,Istanbul,Music,Popular mouth president stuff stage to sense may show walk upon. Poor soon push.,80,#nowplaying #vibes,FALSE,12-03-2025,Tablet,en,788,44,15,0.0535
3cdf51b5-ac5a-40ea-9983-373021eeab30,d504a935-cc6b-4b3b-933f-3fdce62f91a5,christopherjohnson,Other,44,54504,2252,07-11-2016,FALSE,Istanbul,Health,Sell mind truth Republican cell realize buy. Likely international something run cover night better doctor.,106,#wellness #mentalhealth #healthtips #fitlife,FALSE,29-01-2025,iPhone,es,2695,255,78,0.0556
eca13826-5d16-455a-bd91-0468af822086,8927ee9e-f36b-4f0a-b5bb-aceacc271253,timothy90,Male,27,77053,2935,03-04-2024,TRUE,Paris,Memes,Sing there cut space left effect walk something science mention culture trial paper machine next whether property. Day face question same guy.,142,#relatable,TRUE,05-06-2024,Tablet,tr,3876,438,227,0.0589
b5cce5e2-fb33-4a28-aaa4-07ba582acee9,eedc53cb-fe2d-42e9-bac6-97f9f1938d5f,joseph44,Female,46,95907,4040,09-04-2022,FALSE,Berlin,Books,Population vote floor sort series with door. Budget money simply and.,69,#bookworm,FALSE,15-12-2024,Tablet,es,4812,545,464,0.0607
2f7f26e4-defa-46b6-a7b5-ec5dd50c9ff5,d15d33fc-21ac-4a69-8f0e-e3d51469c556,vanceamy,Male,21,27704,2885,10-06-2020,FALSE,London,Fitness,Race much pay hot entire instead why least. Three teach spring away situation.,78,#healthylifestyle,TRUE,28-01-2025,Android,tr,1467,196,102,0.0637
75f8b0e0-1419-43ad-8ce2-d47414d94270,7e42c6b9-2981-4948-9abb-58d7d2990e91,robynmiller,Male,40,72967,4557,23-02-2021,FALSE,Ankara,Food,Economy discuss big behavior listen son college large high mention art see entire suffer song popular significant foot. Quickly area world toward or.,149,#homecooking #foodie,TRUE,28-06-2024,Android,de,3595,496,187,0.0586
22baff40-b8d1-42d1-a9a0-90fe02da4c60,54df9183-caf2-44b3-ba24-2daf2cd64860,monica00,Female,21,98752,2699,26-11-2017,FALSE,Istanbul,Fitness,Student employee listen run significant space figure image save yes church police fly quality dark. Price traditional enjoy popular whole.,138,#workout #gymtime,FALSE,10-10-2024,Android,de,4991,313,206,0.0558
4b00d2b8-9edb-4a87-9f40-0a7fa17e8fae,5bd211a2-9719-486d-8e3a-c0f56af87e51,michael48,Other,24,98426,937,05-02-2024,FALSE,Paris,Education,Computer side effort town why trip father feeling impact. One boy catch executive performance available.,104,#learning #students #edtech #knowledge,FALSE,19-11-2024,iPhone,es,4874,312,50,0.0532
e15ef237-d40f-4d35-9240-dded04cd4e72,02f5057f-342b-4704-9d4e-3e2342f84cb3,lisa93,Male,29,87796,9338,06-09-2015,FALSE,Berlin,Books,System how name admit more these stock something every yeah serious may painting let anyone. Sea candidate letter themselves.,125,#bookworm,FALSE,23-11-2024,Tablet,fr,4391,496,146,0.0573
ac8b64cb-df70-4789-abf3-c673e84a6cb9,ed631e67-0af7-4561-a637-eaa94f750f03,chenbailey,Female,31,66349,3574,29-08-2017,FALSE,Istanbul,Books,Floor while avoid even investment turn imagine. Change foreign attention child.,79,#readmore #bookworm,TRUE,11-02-2025,Web,en,3425,469,112,0.0604
51f481b3-9ea8-4e46-ac98-7d6508b5b7c0,cead446f-8dfe-4426-b770-c796fb58f651,cabreraheather,Other,40,84562,6565,02-06-2018,FALSE,Ankara,Pets,Name watch already news cut represent no arm day hard important here garden. Along leave their deep person.,107,#adoptdontshop #petlover #dogsoftwitter #catlife,FALSE,07-04-2024,Web,tr,4250,273,236,0.0563
9320de40-6e7d-4dec-bde4-6319f8ca0ea3,c864878d-bf0f-4a97-936e-3825e7c87c3b,ashley71,Female,24,9946,8466,24-09-2023,FALSE,Istanbul,Finance,Indeed site executive no truth billion become bad scientist require off myself commercial service fine new a whose lay information goal city fill around main figure. Free ball natural difference detail toward sort land.,219,#money #crypto #investing,FALSE,18-02-2025,Web,tr,456,41,20,0.052
bff68f12-2243-461c-8906-7513c4f6cff7,d30b853c-ebe3-407d-aea5-84e5a39fe54a,parrishsteve,Other,18,355,9277,26-01-2016,FALSE,Paris,Finance,High smile away start so should instead along offer help after sing eight water personal describe husband. So property day land person policy next.,147,#crypto,TRUE,02-02-2025,Web,en,19,2,0,0.0592
9b788b53-212a-404f-a457-a7f0d25edcae,1668de3b-e37d-4b9b-b385-adc4fc4e7f37,jeffreyfletcher,Female,44,8884,1998,23-12-2018,FALSE,Berlin,Fashion,Yard avoid beyond hour economy once because because majority. Always box medical military.,90,#fashionista #ootd,TRUE,04-12-2024,iPhone,tr,450,65,11,0.0592
73e0967c-18fb-41f9-81bd-40b8afdb1d38,37fe7740-e656-4a93-8317-195e865d6400,kristopherrussell,Female,45,57635,8278,04-02-2018,FALSE,Paris,Books,Dog far several soldier white increase board pattern card policy to project radio. Each everyone coach prove husband.,117,#literature #readmore,FALSE,18-06-2024,Android,tr,2932,416,142,0.0606
7e7e43cd-80dd-45af-af41-69d1caf10f8f,b9ecfd59-b700-4669-b959-768d73609c42,meyersjaime,Other,18,51310,6348,29-09-2021,FALSE,Paris,Travel,Land example call per none money already cold board draw magazine model. Visit service individual forget trip memory condition.,127,#explore #wanderlust #travelgram,TRUE,11-07-2024,iPhone,de,2502,227,77,0.0547
c8a85962-bbe3-4970-9bd3-7789f2afd964,a9ccb975-8702-4475-bdae-3f3e8e6146b4,codyarnold,Female,53,11789,9409,14-11-2023,FALSE,Berlin,Health,Well new not quality smile deal determine put property husband job trouble be house. Mrs gun after try form detail she.,119,#healthtips #fitlife #wellness #mentalhealth,FALSE,24-02-2025,Web,fr,582,60,57,0.0593
211262b8-b336-4981-9553-66c3c5ed0614,620f0152-8abb-4aa1-9134-c399075c20ee,bryantgabrielle,Male,46,10288,7115,18-02-2023,TRUE,Ankara,Pets,Show gas military case stuff direction close section become feeling. Above professional science must about many.,112,#petlover,TRUE,01-05-2024,Android,en,535,45,48,0.061
67dcef5d-0ae9-4f95-9618-35c904503e05,f9dbdd2e-8a2c-44db-971d-c885be77c850,paigeberger,Male,41,88192,7227,22-03-2015,FALSE,Ankara,Politics,Cultural dog consider walk left lose bag campaign his film fast agreement feel film federal arrive summer realize sort matter. Important then rich business.,156,#worldnews #election2024,TRUE,03-04-2024,Tablet,en,4384,653,336,0.0609
f3d1a6b8-226c-49ca-9103-5ab0c34ef5c7,f4a44c11-51fb-4766-8952-300f5467a672,jennifersmith,Other,34,88659,5929,03-05-2016,FALSE,Bursa,Art,List board investment only office size soon phone cultural worry inside present. Treat rate spring four across.,111,#creativity #artistsoninstagram,FALSE,30-08-2024,Web,en,4535,629,73,0.0591
9eaa6a96-bfdb-4af4-a57b-71d37a7298cb,172aa709-53b6-4bbe-90d3-37f42ea5c6d4,sarahmiller,Other,45,84193,4565,22-07-2024,FALSE,Paris,Politics,Hope huge fact cover bed use safe television deal force increase up country successful media chair attack realize senior exist value. Game research lot together debate treatment and seek.,187,#election2024 #news #worldnews #politics,FALSE,10-11-2024,Tablet,de,4273,388,305,0.059
74cd97e1-a43c-4598-9d71-a911ffeae03f,b5bce05a-4468-45c3-b1da-f7e123c4443e,karenmoreno,Female,36,50975,6030,05-02-2019,FALSE,Izmir,Finance,Policy this try pattern land above debate recognize how line successful certainly think group color mouth. Author off believe tax.,130,#crypto #money #investing #stockmarket,TRUE,23-10-2024,Android,de,2636,177,111,0.0574
aa3e8670-ccdc-49b3-8a4f-fa0bc46f2898,91a6e229-9205-4fcc-bd81-f037d6c04718,ichambers,Female,31,29527,6869,14-05-2020,FALSE,Berlin,Music,Move western do baby recent blood ground third action. Develop recently thank anyone study main add.,100,#vibes #musiclover,FALSE,08-05-2024,iPhone,en,1444,143,72,0.0562
8107eeb3-bbcc-41a9-a292-0251a7f95f75,e87e2eae-4d7e-447d-9268-674a981adf10,amanda03,Female,44,43178,4445,04-01-2025,FALSE,Ankara,Art,Reach from approach land individual office store town southern task nor pull worry hard production. Picture cause hair want.,124,#artlife #creativity #digitalart,TRUE,25-07-2024,Tablet,en,2167,133,102,0.0556
49974910-00d0-4aec-9230-e0c22eac17eb,f4c06468-01d1-4227-9236-bf30be0436b2,williamscarl,Female,30,52076,1436,12-03-2024,FALSE,New York,Travel,Campaign hospital play remain baby network again language long. Southern because manage cover me person.,104,#vacationvibes #explore #travelgram #wanderlust,TRUE,04-01-2025,iPhone,es,2623,344,147,0.0598
8bf5a4ab-7505-4881-9b1b-94c70e7ae03b,eb880592-8d5b-4c59-a846-4fb7b61ae707,erobertson,Female,52,62547,9885,22-03-2019,FALSE,Paris,Finance,Rock artist me husband apply. Spend cold grow affect.,53,#investing #money,FALSE,16-11-2024,Android,tr,3036,376,249,0.0585
6195a469-5596-4307-880f-2e95ac901b7f,6d734a22-c240-465b-bca7-04dfd3771166,skim,Other,47,93617,4372,24-04-2016,FALSE,New York,Health,Prove recently meet real people network green society treat to allow. Case amount player agent factor help particularly.,120,#fitlife,TRUE,19-05-2024,Android,en,4693,494,119,0.0567
bfbccdd2-31ff-4446-840a-339e6c11c424,42be129d-fec3-4299-a117-3d89c680afe9,johnsonchristopher,Male,33,23057,7250,27-11-2018,FALSE,London,Gaming,People life provide necessary attorney price more daughter respond likely. Quite eight likely gas ability Mr.,109,#gaming,TRUE,24-06-2024,Android,fr,1149,110,94,0.0587
24d8fec0-befd-4fd6-9200-cfe90dd5f54c,73632cb9-b691-4393-8698-9f49ff7a667e,lauren55,Male,39,56297,7480,07-04-2015,FALSE,London,Technology,Remember under bill send water of travel traditional sort to such worry garden. Hot keep upon Mrs study.,104,#gadgets #tech #innovation,FALSE,25-12-2024,iPhone,en,2819,205,213,0.0575
fd57dcb2-1189-4d09-a780-dac7504e75bf,40dc71e3-1782-4983-adae-0b863ec65c0b,wjenkins,Female,28,24773,2951,11-06-2024,FALSE,Antalya,Finance,Natural actually deal woman activity close attorney authority security study store kind purpose would describe range. Almost realize partner wrong truth available.,163,#crypto #investing,TRUE,07-12-2024,Web,es,1205,151,77,0.0578
03b4433b-1295-43c2-844a-1f3de760c794,788f04c2-9032-470b-81dd-45348f5b43de,jeffrey10,Male,50,41459,3083,29-09-2015,FALSE,Madrid,Books,Cold glass three maybe cultural call goal tax camera most himself past rise because condition president organization special school cell raise country interesting. Save national process just audience or raise west.,214,#readmore #reading,TRUE,23-06-2024,Tablet,fr,2099,210,104,0.0582
d4336a4b-0bf5-4a07-b0d2-575d5323db2c,ae9f692e-2fc2-4756-9ec7-78aa7884c405,ahines,Other,19,98831,2556,05-06-2017,FALSE,Ankara,Pets,Hospital commercial hospital political she lose national debate six less radio development. Serve color nothing address wonder.,127,#adoptdontshop,FALSE,25-03-2024,Android,tr,4928,412,150,0.0555
fc84203f-81ef-4316-a338-2ba618ef94b9,163744f6-98c9-4cdd-8cd9-97a3a8c59cd7,fosteramanda,Female,37,13206,7465,20-01-2023,FALSE,Berlin,Memes,Poor cost situation security view dinner offer through rest. Painting exactly establish responsibility difficult little much.,125,#funny #relatable #lol #memeoftheday,TRUE,30-05-2024,Tablet,es,647,80,52,0.059
defc320b-6684-4592-8654-49036b0b4e78,853050c1-c98d-4734-b0ca-34f350302764,bdiaz,Male,26,9953,1561,26-02-2018,FALSE,London,Education,Challenge music meeting character total wind security fast reveal alone first son. Them ten eye turn agreement important.,121,#learning #students #edtech,FALSE,23-09-2024,Android,de,458,60,34,0.0555
89c36bd3-271f-4b82-8597-ed45df8ce9ec,77cdb3b4-92f0-421c-a3ba-dc6448e949a6,david36,Female,28,94619,2660,29-12-2022,FALSE,New York,Travel,Increase especially watch also rock history will save nice other simply statement even do article. Week interest these professional become sport.,145,#explore #travelgram #vacationvibes #wanderlust,FALSE,16-03-2025,Tablet,de,4771,253,224,0.0555
85ff10b5-ce91-403c-a378-44d819a633ab,bc6b31b1-bc25-44d5-aeae-d9e69bdeb5bd,james14,Male,16,46783,8913,11-08-2017,FALSE,Paris,Memes,History care actually break total trial want rest like ten. Store them of fine start.,85,#relatable #lol #memeoftheday,FALSE,30-12-2024,iPhone,en,2406,128,237,0.0592
7963d041-e2c4-47b2-8f83-209bb97c3879,78cd914c-8ee7-4272-a0fd-8d4d2ecb5ee7,taylordawn,Female,40,46047,7150,27-06-2022,FALSE,Antalya,Memes,Dog matter fight quite mean kitchen prove first watch maintain including newspaper finish final. American upon most magazine central myself sound yourself.,155,#relatable #memeoftheday #lol,FALSE,12-08-2024,Android,en,2358,237,235,0.0615
4d4998a3-6210-4f60-9e10-8818a816a481,7ee28047-eb5d-4593-aa44-72921600364c,tonya10,Male,17,53429,4721,08-12-2016,FALSE,Ankara,Pets,Pattern evening or take increase laugh although. History list employee our fear.,80,#petlover #dogsoftwitter #catlife,TRUE,27-07-2024,Tablet,en,2648,284,218,0.059
1b972c86-283d-4965-8e7d-e46668d50fb7,4bc12e18-050b-4809-84dd-314ac9e4979a,rodriguezmichael,Male,47,62141,5731,29-11-2015,FALSE,Paris,Technology,Group those upon body woman range although indicate direction major could perform recently open home else professor federal third buy. Reduce believe read whatever rate sing.,174,#future #gadgets #innovation #tech,TRUE,28-11-2024,Web,tr,3199,386,301,0.0625
b16be969-f6bf-410d-971a-884fc650352e,ab239f4e-301c-4a68-9232-6f5b60482be0,heathchristopher,Male,29,85262,3646,14-04-2020,FALSE,Madrid,Technology,People control moment society candidate between really available never or food son deep so happy analysis. Poor offer buy thank along help whatever.,148,#innovation #tech #gadgets,TRUE,07-01-2025,iPhone,tr,4238,426,142,0.0564
4e176d54-75c0-4eea-8cb7-844861e764fe,4d3f4d7a-a1e6-409c-8283-1d53cfefad05,fgomez,Other,47,38388,8081,05-06-2022,FALSE,Paris,Finance,Thought knowledge everyone purpose nice last billion herself by upon call. Price consider today range reduce here professional present.,135,#money #crypto #investing #stockmarket,FALSE,10-05-2024,iPhone,en,1897,148,132,0.0567
7e2defa9-f21b-4c57-bc5b-de8a995b023d,d5edcc5f-6dea-45aa-82c2-2b6c620ff93c,vickiwood,Other,38,65070,2786,19-01-2016,FALSE,Ankara,Food,Election child live some give note against box his phone fact ability prevent store travel information just. Unit note serve size his.,134,#instafood #homecooking #foodie,FALSE,11-04-2024,Android,fr,3276,174,62,0.054
ec19d98e-b32b-499a-9550-9c3898000676,5195218c-0c6f-4c2d-a619-c5aefed1ce76,william16,Male,24,2218,669,27-09-2017,FALSE,Istanbul,Food,Property sing chance throughout travel per cell major cause. Rest single manager whole face medical.,100,#foodie,FALSE,13-03-2025,Web,de,107,10,6,0.0555
526d53a9-4535-4fcd-8412-11f9acdffdab,7f091e45-171f-4691-9829-677e403070d1,thomasharmon,Female,58,4999,6971,18-07-2016,FALSE,Paris,Finance,Friend song plan laugh stay face international cultural interesting at become bad bar Mr adult threat bag effort news military. Per role rich age by believe pass.,162,#money #crypto #stockmarket #investing,TRUE,20-06-2024,Android,de,240,27,8,0.055
f00ef714-a706-4508-9b38-b7bfcc2f6da8,d39cbca0-1743-4dcc-b924-1e5c731b27be,hillchristopher,Other,42,56302,3483,01-08-2023,FALSE,New York,Pets,It accept audience these paper gun section likely process instead international range senior talk great school speak explain interesting both street room real note local. He rate kitchen style look.,198,#petlover #dogsoftwitter #catlife #adoptdontshop,FALSE,28-10-2024,Tablet,tr,2825,245,106,0.0564
2469cf0a-1674-476b-861f-1bbe40328752,dd5f2181-60e1-4bf1-806e-2868d6e8fdbc,campbellelizabeth,Other,17,76656,9482,01-12-2020,FALSE,Istanbul,Books,Address security important forget left option edge director other fly game firm talk quickly throughout sister time. Perform main soon clearly plan.,148,#literature,FALSE,03-05-2024,iPhone,tr,3831,466,59,0.0568
7c56ad3e-a059-400e-9730-2cd0f05b423e,38833fe1-c995-4c20-92ff-7a5308eee134,xwalters,Female,36,17601,4689,23-04-2021,FALSE,Paris,Politics,Recently bring tree always message blood range drop while grow relate team change coach partner third coach sit view old manage TV might oil yard prepare of. Seek safe party baby relationship.,192,#worldnews #politics,FALSE,20-04-2024,Web,fr,890,66,18,0.0553
df0e0da2-1a80-4e37-ba8c-8e63dafe3483,ea02f672-bee2-4ce1-9f24-61f42d080f79,tonyamartinez,Female,27,51600,7112,26-06-2022,FALSE,Bursa,Education,Total manager campaign military clearly large west current music may fear baby traditional. Scientist impact part road center ten.,130,#edtech #knowledge #students,FALSE,06-09-2024,Android,tr,2619,245,133,0.0581
f7ec8a8b-4b31-4859-b1f7-d30bc63350c1,f50612a1-84ff-4a6d-b0d5-872d59360d9e,rushbrianna,Other,19,99655,1343,12-01-2017,FALSE,Berlin,Politics,Help morning decision occur look west why current out each matter. Cover me environmental.,90,#worldnews #election2024,FALSE,26-06-2024,Tablet,es,5035,535,115,0.057
d2cb6f7e-4566-4ffa-a00b-e677ec9cd06b,5f146cdf-8c70-495b-b7bf-a9714567bd1f,gmaynard,Female,28,18087,8664,21-08-2023,FALSE,New York,Memes,Knowledge despite population assume protect one stop serve join executive cover camera along budget happen how that his traditional. Weight attention agency young.,163,#lol #memeoftheday #funny,TRUE,18-07-2024,iPhone,fr,903,96,55,0.0583
f4a4cedd-b33f-493a-88e4-9f898dc4abea,2b71df02-3382-47e9-9a06-80f8b62d155e,christopher88,Male,49,80558,6828,08-07-2016,FALSE,Bursa,Education,Show upon view movie agent. Door southern while who leg.,56,#knowledge #edtech #students #learning,TRUE,28-08-2024,Android,tr,4084,229,75,0.0545
4fef678f-c1c2-4919-80c2-180dc190aeb9,a5fb9b23-3dbc-4305-95eb-3857131f4a73,bryanparsons,Other,37,18061,7811,01-01-2023,FALSE,Izmir,Politics,End before sit hot everything though. Draw explain performance region detail.,77,#worldnews,TRUE,22-01-2025,Web,en,913,92,13,0.0564
cac1855c-9f2d-4ad0-8ff7-acc4a8073d12,ce187d02-136c-485c-a067-0a9c67e7e4fb,tharper,Other,25,90596,5701,17-01-2016,FALSE,Madrid,Photography,Quickly political star woman your population despite across size number because subject. Probably institution central inside.,125,#travelphotography #dslr,FALSE,06-04-2024,Tablet,fr,4541,649,98,0.0584
f14e96b1-76dc-4cbc-9cc9-4a9cad29afcb,6e6cbd34-7aa8-45ef-8745-e72c491bf065,rodriguezrebecca,Female,35,61286,8198,02-05-2024,TRUE,Paris,Politics,Argue serious though decade nearly center need risk role water put low society reduce go black free some campaign would ball defense future quite create no play. Town far economic record certain fall style.,206,#news #worldnews #election2024,FALSE,19-02-2025,Web,es,3043,223,278,0.0578
a6e6e25f-5834-4e35-aefc-9e6571a66364,0809571e-3463-432b-8570-605c395f3112,scottwilliams,Female,36,19431,1911,11-02-2024,FALSE,Paris,Music,Dog nearly seat ever religious industry paper always degree lawyer compare could. And think blood establish over.,113,#playlist #musiclover,FALSE,27-03-2024,iPhone,tr,998,75,58,0.0582
965a68de-56be-4c87-8699-c6beecfac71d,826db911-0df3-4468-8d1f-4741226b8ac7,wkelley,Other,59,502,3551,28-02-2022,FALSE,London,Technology,Beautiful that age although who key hotel teach if question explain your than remain country beautiful animal couple answer pick chance west surface. Community be church voice heart ok.,185,#tech #gadgets #innovation,TRUE,23-08-2024,Tablet,fr,25,1,1,0.0538
4ed91965-01b4-46f8-a1ff-0c731fb9ace4,c41684e2-f7a7-4835-a40d-2cefc7057aa1,adamreyes,Female,43,72587,3093,25-10-2022,FALSE,Paris,Photography,Which herself well either shake tough focus late quickly suffer. Kid despite low small.,87,#snapshot #travelphotography,TRUE,09-10-2024,Web,tr,3636,197,277,0.0566
752c699d-9c5e-4b8a-a21e-741cfaf7ca0a,2b6755b5-44bc-4517-831d-81ca505ffdc3,ebrown,Other,52,25602,1739,06-08-2017,FALSE,Izmir,Music,Space bad share example administration director despite find soldier. Realize past story day but.,97,#playlist #musiclover #nowplaying,FALSE,15-11-2024,iPhone,de,1254,63,23,0.0523
ea0a6fea-bf4a-4cbe-a7bd-049dbd9d3fe9,53a4e9c7-0562-46ed-859a-a6fb69acba97,davidharris,Male,34,65030,663,30-07-2017,TRUE,London,Music,Short whose top water majority lay entire easy American Mrs majority address over include pretty rate hard reality state serious dinner leave black. Mind charge real school sister kind attention point.,201,#playlist,FALSE,30-07-2024,Web,tr,3225,207,44,0.0535
850b3b6d-c59e-48dd-9e48-87716f4abcab,026f549d-75a2-4958-b67c-ee6715b45603,montesjuan,Female,21,77521,158,30-09-2015,FALSE,Antalya,Art,Plan knowledge firm which two yard song rock manager like enough since its beautiful magazine social ask. Couple ability both develop role student.,147,#creativity,TRUE,02-04-2024,iPhone,de,3848,470,354,0.0603
6ef6021f-3ecc-479c-895a-65868513244a,d3873739-f50f-4032-88ef-3671920927f4,ryanadams,Male,19,58498,2889,01-08-2024,FALSE,Madrid,Books,Effort gun rather federal wall close admit not message assume compare two easy day subject ground only than production prevent today. Study thing property.,155,#bookworm #readmore #literature,TRUE,11-02-2025,Tablet,fr,2965,336,242,0.0606
9bdc849f-973c-471c-94ef-f6579cb4f578,6e0871a1-bde3-4e4e-b027-c9e11a737534,qcole,Other,20,24678,3963,26-10-2016,FALSE,Ankara,Gaming,Effort travel while stand major near Congress drive amount base bad occur concern who question property line decide represent former of find why. One we wonder the throughout tough natural.,189,#gaming,FALSE,04-08-2024,Web,en,1213,173,24,0.0571
9f01b0ab-ff48-4a0b-b2f2-6e1e7a8dd304,00871eaf-2e02-4c2a-9806-8216d2acb89e,halenicholas,Male,50,53532,6227,23-12-2024,FALSE,New York,Education,Or necessary accept fight administration culture account air set left size design can peace audience represent series say. Mention drop speak week friend.,154,#learning #students #knowledge,FALSE,14-07-2024,iPhone,de,2696,346,173,0.0601
538a2c5a-650f-4fd7-817a-b9e62b18bcfa,57264cc3-be5c-4a8a-92a0-88895c69f743,matthewedwards,Other,59,74148,5219,04-03-2020,FALSE,Istanbul,Fitness,Say industry case laugh appear at. Magazine my how ball about wrong market step.,80,#fitlife #gymtime #workout,TRUE,02-09-2024,Web,tr,3739,373,362,0.0603
a93ed780-1459-4d66-be0d-ff81e34e39d3,e47cfd0b-7bf0-4014-931e-6437c073f13f,tabitha42,Other,25,80436,2948,06-08-2018,FALSE,Izmir,Education,Ready much reduce management instead goal condition form husband need drive art if. Happen these talk turn hope.,112,#edtech #knowledge,TRUE,29-04-2024,Android,fr,3989,208,221,0.0549
7b928d3f-d733-44b5-bd75-d32317ec553a,6f162674-3d3b-4d0b-be6a-a4178a6b406a,sarahhicks,Other,53,85880,1410,16-12-2016,FALSE,Istanbul,Food,Free right different actually big unit pay increase. Cost popular health wife.,78,#yum #homecooking #instafood,FALSE,27-11-2024,Tablet,fr,4356,519,355,0.0609
e74d62bd-42fb-4a61-bba8-cd3975dd9b90,e5f9e99c-f9a2-4aab-963f-b68fbc47be05,lisahall,Other,37,40768,3680,22-09-2017,FALSE,Izmir,Photography,Challenge similar line toward road idea Mrs speak job brother write modern head rise. Attack civil stuff long environment despite.,130,#photooftheday #snapshot #dslr,FALSE,23-03-2024,Web,es,2052,139,55,0.0551
aba07495-fefe-4c46-bdfc-7e056c73a07d,c4a31ba0-b644-4f3e-9e49-9d3d14f6fbf3,kimberly99,Female,21,16441,2676,29-08-2016,FALSE,New York,Pets,Low opportunity nearly stage material fast during arm avoid idea political. Similar audience government run word send carry.,124,#dogsoftwitter #catlife #petlover,TRUE,08-07-2024,Android,es,826,87,57,0.059
756340ee-a21a-4933-8ef3-487040d527a0,68efc46d-d859-4e86-888a-01a73f03dbbd,lcook,Male,16,32956,7346,25-06-2016,FALSE,Paris,Food,By name fly time drop skin writer hour nothing. Cut writer soldier water wear.,78,#foodie,TRUE,16-04-2024,Web,de,1605,161,135,0.0577
f9d861d2-63b5-4bfa-ba54-58a44c5f0361,7ab5be40-a293-4bb2-a486-b8483dd98523,seanblair,Other,38,9766,7404,07-08-2022,FALSE,Madrid,Music,Still bank teacher whether until teach spring out beyond plan sell its relate chair want benefit but democratic fly prove poor. Administration before head few memory foreign.,174,#vibes #playlist #musiclover #nowplaying,TRUE,11-07-2024,Tablet,fr,478,25,30,0.0546
d997cb3d-5205-423a-8821-439da358a723,a439a52e-e70e-4500-bfb9-79121f92f924,ejames,Female,37,28458,1689,28-07-2017,FALSE,London,Memes,Society yet audience parent food compare send decision cost big quality him college support subject story why none physical everybody cause forget effect throughout scientist red wish. If north part land can.,208,#memeoftheday #relatable,FALSE,19-02-2025,Web,tr,1463,171,47,0.0591
ee3f054d-0cc2-4cea-ba58-d04f179f91e8,85ee191f-57e6-4a6c-a4a8-db3b1a36b4b4,jross,Female,29,8802,2257,04-04-2016,FALSE,Madrid,Gaming,Wind theory participant series hotel really pull job sea current necessary itself picture moment suggest recent middle walk news both. Language almost yeah always little new bank.,179,#gaming,FALSE,05-08-2024,Web,fr,405,43,33,0.0546
37452e85-e28f-4e6c-8361-d97be3269e48,6aef7ab9-ef2f-499b-913f-14524c58bd27,joneseric,Other,60,73822,1016,13-04-2017,FALSE,London,Politics,Draw white arrive Mr who girl represent television somebody usually nature keep yard wish best Republican success art check effort. Air step article writer.,156,#news #election2024 #worldnews,FALSE,30-07-2024,iPhone,es,3725,324,314,0.0591
e46e546e-dae6-4799-be91-e572ea3a0aab,32eb1c53-c694-4515-b3ed-27cf69195acb,njohnson,Female,37,59251,5582,13-10-2021,FALSE,Ankara,Fashion,Financial leg bed about impact him. Arrive question improve exactly all.,72,#lookbook,TRUE,02-07-2024,Web,en,2978,194,260,0.0579
ee8d10e9-28a6-43f0-97cd-9455e2de64ce,1499847e-0214-4f23-8d2c-2eee0cd088c9,williamsaudrey,Other,42,26522,8805,13-01-2019,FALSE,Istanbul,Finance,Crime within from dog program school lay recognize throw business tax it. Expect week discover affect shoulder.,111,#money #crypto #stockmarket,FALSE,22-04-2024,Android,tr,1310,127,57,0.0563
28f9d5e9-92d2-4e08-ac06-2875d66c5483,bc815882-e937-4bf8-97d7-f06eedb5d9b3,dsharp,Male,60,79409,7724,04-01-2021,FALSE,Paris,Technology,Drop method ever all learn event with home meet cold others fast charge drive society. Cultural author newspaper.,113,#future #gadgets #tech #innovation,FALSE,05-05-2024,iPhone,es,3895,553,226,0.0589
4db6fc50-05cf-4264-a9f6-e732b7554100,1a50eea9-00dc-408b-9ad1-abd7580ed7bb,esweeney,Female,42,44023,967,24-07-2016,FALSE,Antalya,Technology,Special suddenly foreign if small travel begin blood remain several pressure adult relationship. World responsibility party stock.,130,#future,TRUE,01-02-2025,iPhone,fr,2233,274,75,0.0587
93cf6889-0d1d-42d2-b0e4-0dca4192f9bf,d2aaf0dd-5681-4116-8a06-c3f68deb673b,bonniemorton,Other,55,77626,1815,11-12-2021,FALSE,Istanbul,Food,Tax outside official TV night really technology whom focus trip health art front. Ask themselves around land whether song shake.,128,#yum #homecooking,TRUE,07-10-2024,Tablet,es,3918,435,128,0.0577
7bfdedbe-b491-4bf8-bd9a-91e01ac751ed,03b854e6-39f8-414c-ac2e-a7fdf6567971,marcia37,Other,58,10387,8121,11-11-2020,FALSE,New York,Food,Discussion able compare support despite conference hear manager until much create former people nor. Alone without instead tough.,129,#homecooking,FALSE,22-01-2025,Android,de,538,36,13,0.0565
e6ae9bb3-c256-4587-a51f-0c4a45be92d5,d5db3815-9e00-43b2-908e-715f0383900f,dmoore,Female,51,40481,1485,08-05-2024,FALSE,Madrid,Education,Operation laugh in development require economy eight authority example look recent mention state may any role individual discuss during clear thus tax improve reveal dream. Drop college animal administration.,208,#students,FALSE,28-06-2024,Tablet,tr,2013,101,65,0.0538
e18c6028-fca2-4312-a1dc-c6dde370b11a,475b5c3f-a07a-4db7-993d-d61fe78f005d,jeffreysmith,Male,34,84939,5731,11-04-2021,FALSE,New York,Finance,Product respond size central box so reality use hold church this young follow. Smile skin us today.,99,#stockmarket #investing #money,FALSE,27-08-2024,Tablet,fr,4126,409,276,0.0566
6a61f617-21ab-4e73-a388-2062211c32fb,28ebcb26-d187-46dd-9f21-201bc53409c5,peggy08,Female,40,45857,4511,30-10-2022,FALSE,London,Travel,Try soldier decision everyone wrong dream pay board specific little dinner television its easy attack agree movie walk fear positive base citizen chair film group window. Support town ready both expert behavior ask.,215,#wanderlust #travelgram #vacationvibes,FALSE,10-12-2024,Tablet,es,2309,279,55,0.0576
e0d0213c-3970-43b9-a635-6af912859e62,ba727c8b-597c-45e5-8362-10d56ea1157b,jamesacosta,Female,56,10922,8861,28-09-2017,FALSE,Izmir,Pets,Speak beyond social kid travel never beat management something. Plant southern point these fund.,96,#petlover #dogsoftwitter #catlife,FALSE,23-12-2024,Tablet,es,532,72,13,0.0565
368f1776-e857-4997-baba-43395cd57649,146b21dd-a1e7-4900-b202-b6f198ab0258,lewischristian,Male,22,39080,863,24-01-2019,FALSE,New York,Finance,Put pass likely machine any coach what early close nation prevent former door. Discussion available hit according foreign.,122,#money,TRUE,12-09-2024,Android,es,1964,282,39,0.0585
204b0a4b-9079-4a83-a6a3-63125913d294,0525e0bf-b624-4cc0-a5c5-642b996273e4,hellis,Other,36,52809,246,25-09-2017,FALSE,Madrid,Health,Anything sport surface full yourself best too activity fish program charge significant ten economy. Method various draw oil new.,128,#mentalhealth,FALSE,25-01-2025,iPhone,en,2655,331,70,0.0579
2f923807-2ee8-4745-a204-3966667c4b72,4e8ecc2c-d98d-4b8c-88a4-05ee3e2a6f35,reynoldsdesiree,Other,19,668,9114,09-08-2022,FALSE,London,Travel,Specific your green reduce avoid the. Sport explain central study trial sometimes guy.,86,#wanderlust #travelgram #vacationvibes #explore,FALSE,31-03-2024,Web,tr,37,3,2,0.0629
55984aab-52a6-473a-afb5-7598d6e13b43,8b0b2f37-7b26-47d2-b61d-71503c626f11,lisahawkins,Other,20,63785,9041,20-03-2021,FALSE,Istanbul,Pets,Somebody across book everything city miss help begin go six news series it not night collection military quality mission use remain operation evidence off. Security step forget.,177,#petlover #dogsoftwitter #catlife #adoptdontshop,FALSE,11-09-2024,Web,de,3151,401,233,0.0593
8131ae7f-7d55-4549-bfdb-403cdcfa47df,ec1337f4-f24d-4186-8c6a-a72d72d0528e,linda23,Female,33,66021,1800,21-06-2019,FALSE,Izmir,Travel,Yourself often her door over culture everyone radio read husband during. Official admit they including save image.,114,#wanderlust #explore #vacationvibes,TRUE,12-03-2025,Android,en,3350,194,272,0.0578
5c8e0978-c10d-46b4-9070-2190446480e3,21bd05e8-dc2a-4d57-a00b-587780026af3,wstrong,Other,47,83524,3028,20-05-2017,FALSE,Berlin,Fashion,Now interest sport student indicate do bit push create great kitchen line military paper ball usually. Mind rise garden security.,129,#fashionista,TRUE,16-10-2024,Tablet,tr,4097,357,64,0.0541
8a8d1ff9-876d-4131-b6a6-7ea5268694c4,d5db3815-9e00-43b2-908e-715f0383900f,dmoore,Female,51,40481,1485,08-05-2024,FALSE,Madrid,Books,Travel me time hear result mention size investment heavy. Pick direction win economic especially.,97,#readmore #literature #bookworm #reading,FALSE,09-04-2024,Tablet,de,2014,212,149,0.0587
f915c956-395b-445d-babe-b8b0f04a594c,4578148c-1750-4dee-968e-dac3d73ea37a,garcialinda,Male,31,27327,9645,04-12-2020,FALSE,Madrid,Pets,Hear world citizen level that finish for message half attention both purpose know follow back science instead. Watch economy alone.,131,#catlife #adoptdontshop #petlover #dogsoftwitter,FALSE,03-12-2024,Web,tr,1420,118,66,0.0587
4ddbd6c3-24e5-4fb0-b54a-711cad9eadef,3cc0399e-8ec3-4946-84a1-9a240143d35c,rcummings,Female,51,98585,8090,11-08-2020,FALSE,Paris,Finance,Leg level kind daughter dog seem agency rise economic administration since realize. Whole drop woman join.,106,#stockmarket #money #investing,FALSE,22-04-2024,Tablet,fr,4968,291,258,0.056
782d3ce0-aa77-40a3-82f5-b2817ff39c35,1559b14f-33f9-4a98-add6-3ad4776e7c95,christopher69,Male,58,71019,154,22-10-2021,FALSE,Madrid,Photography,Theory father pay ground simple certainly middle everything population security throw rest think suddenly behavior officer chair. Imagine couple story foreign.,159,#travelphotography #dslr,FALSE,28-09-2024,iPhone,de,3536,272,105,0.0551
cf9945e9-caca-4a21-b1c6-eaa7456e1640,9c133415-207d-4e8c-bd20-e93a49492354,gmccarthy,Other,20,96722,8706,14-12-2020,FALSE,Istanbul,Memes,Guy create oil state way room join central space institution couple soldier boy above. Share let again research experience impact.,130,#funny #relatable #memeoftheday,TRUE,29-06-2024,Android,tr,4893,635,107,0.0583
a6bb4a37-8960-4c00-9d91-8f0685ba1276,12c04ed1-6e02-466f-834f-085eb3830c43,dustinwilliams,Female,42,5384,9219,16-03-2017,FALSE,Istanbul,Finance,Few effect still loss here. Quite middle improve three.,55,#crypto #money,FALSE,02-09-2024,Web,es,261,33,22,0.0587
5430e6ca-a9c1-4508-97ea-fea39c932fa6,9f07f512-77d2-4622-8042-b71f26c8d1e6,lisa46,Other,60,22978,666,20-09-2015,FALSE,Madrid,Art,Fly manager until discussion hold compare table nearly agree treat. Letter lawyer prove consider with amount.,109,#digitalart #creativity #artlife,FALSE,08-01-2025,Web,fr,1163,122,106,0.0605
cad485b0-e6fb-4d2e-b1db-649f2297b137,c79a5a41-ff69-457f-8b50-f173d6415096,shaun81,Female,16,31423,7095,21-10-2023,TRUE,Ankara,Music,Anyone fast yes game little sell keep medical follow officer price join situation page focus employee. Card daughter TV maintain however analysis power.,152,#playlist #nowplaying #musiclover #vibes,FALSE,04-11-2024,Tablet,de,1547,185,83,0.0578
9453896d-ae6e-4bc9-8062-71b06beb9f54,44bd1aa2-48cc-4477-a87c-cb220f5df4d6,ashley09,Other,21,13377,6702,19-11-2019,FALSE,Madrid,Technology,Film space and may left worry join piece bad. Look individual policy expect lose four.,86,#gadgets #innovation,FALSE,27-11-2024,Android,tr,647,54,34,0.0549
17a5d113-8a71-4627-9ada-bd419828c479,2298d4e4-f445-49fc-afd1-dc18c3fbe857,freemanadam,Female,46,30079,5024,17-03-2021,FALSE,Antalya,Pets,Structure such worker have leave perform month general poor such fall provide study hold very poor from campaign little summer. True tend hospital whose Mrs.,157,#dogsoftwitter #adoptdontshop #catlife #petlover,FALSE,03-10-2024,Tablet,tr,1525,221,145,0.0629
7552650b-0005-4b5d-84c9-91e98d22d368,8e2e2631-cd75-48bf-b804-532c122ecfa3,mccannjames,Male,35,17130,7131,01-02-2018,FALSE,Madrid,Education,Even politics open only thought recognize free table. Without range provide sure southern have amount.,102,#students #edtech,TRUE,14-11-2024,Tablet,en,894,69,22,0.0575
0406633c-6f20-466d-8266-334d9c5e33cf,d3dc6c82-0af9-4f1f-93f2-4407871d2507,kristin96,Other,52,86091,4983,30-06-2019,FALSE,Antalya,Food,Fund responsibility set control four record world your bad wait mouth vote international interview why responsibility report. Benefit owner son.,144,#homecooking #yum #foodie #instafood,TRUE,03-10-2024,Android,fr,4376,605,107,0.0591
9a2743ea-baa2-4bd7-adb8-383906385337,ae4b5b9e-c8e2-44ac-afb8-7ed5d22873ee,vhernandez,Male,44,7033,3406,10-10-2021,FALSE,Ankara,Politics,Box focus thank chair matter teach physical although already. Position doctor suffer up speak prepare.,102,#election2024 #news #worldnews,TRUE,07-02-2025,Tablet,de,328,39,13,0.054
cbd56423-3ded-4e67-ac59-c8d7454ede24,e0ce8a5f-7293-4b12-93c9-e7f507f66f78,katiebaird,Male,22,96911,9037,25-07-2020,FALSE,Izmir,Memes,Occur suddenly town find maintain rather school film already media figure. During human no picture.,99,#relatable #lol #memeoftheday,FALSE,23-02-2025,Web,tr,4943,621,469,0.0623
fbac1baf-22fc-496c-80f6-c438eebe0e7a,a439a52e-e70e-4500-bfb9-79121f92f924,ejames,Female,37,28458,1689,28-07-2017,FALSE,London,Education,Book each spend alone onto store politics likely color alone subject study common. Catch effort can care set process order ago.,127,#edtech #learning,FALSE,29-10-2024,Tablet,en,1412,196,42,0.058
31c0d700-136a-4baa-b1d0-ada8712b5b69,ca8364af-4313-4612-8e5c-9582b47f8e01,sandersmatthew,Male,38,61385,3206,13-02-2021,FALSE,Izmir,Health,Maybe hair show size marriage scientist education character. Discussion smile law writer establish however character.,117,#healthtips,FALSE,07-05-2024,Tablet,de,2982,414,76,0.0566
24d55daa-cf13-45c7-970a-dfa72c83b220,103dcbf4-b071-4c54-bae8-217e4db2af73,jenniferdavidson,Female,21,86050,7718,04-12-2019,FALSE,Istanbul,Education,Both over speak director remain others student too continue evening watch of try shake involve toward hotel. Focus prove possible wall season evening.,150,#edtech #learning #students #knowledge,FALSE,12-05-2024,Android,fr,4331,514,134,0.0579
773bb6fd-a49e-413d-ac57-45d7999e27f5,5a20d5e3-e20a-43f8-ad5d-78a16ce15a95,uhunt,Other,26,83028,9449,22-07-2016,FALSE,Bursa,Politics,Evidence safe ok seek half room hundred degree security similar side example evening campaign man save provide whether place prepare. Against wear teacher speak start.,167,#politics,TRUE,09-10-2024,Web,en,4106,289,108,0.0542
7933be45-0297-4486-8c63-b3ddf2f53145,3d9a2d6f-4f25-490c-a78f-70b6cdc28644,kevinclayton,Female,51,37271,9518,02-08-2016,FALSE,Madrid,Music,Improve team newspaper the friend challenge much special within about talk magazine face child room international someone single decision unit know. Others friend possible increase easy wait sound.,197,#vibes #nowplaying #playlist #musiclover,FALSE,17-09-2024,Tablet,tr,1890,151,80,0.0569
d4a1187c-f8e1-4bbb-83be-0406bd1a2622,577f1c44-8ddd-4fac-9524-2496de7cfdc7,penajack,Female,30,3554,3637,02-11-2023,FALSE,Bursa,Technology,Join any speak professor development very behavior foreign charge now miss state should their evening meeting four service painting. Prevent consider may break necessary seven write.,182,#tech #future #innovation,TRUE,19-12-2024,Tablet,en,185,26,14,0.0633
772f5020-0b0e-4849-8845-a3de11ae1cfc,d96d7b10-c913-48ef-becc-55f63075565f,mendezmark,Other,30,68335,5050,05-09-2015,FALSE,Ankara,Memes,Provide city knowledge all consider none whose successful mean dinner community several almost tax attack ready nearly American degree spend couple memory military significant senior. Dream green speak energy issue.,215,#funny,TRUE,04-03-2025,iPhone,es,3481,385,260,0.0604
6bd8acaa-30d0-439e-bb0c-8399ca1cecfe,89ff7ba2-329d-4d9b-8fb9-012d76db4fad,dhanson,Male,52,63991,8087,19-11-2023,FALSE,New York,Politics,Country cell recent protect response performance toward chance cultural find way machine federal that technology strong recent. Especially more decade rise Mrs.,160,#politics #news #election2024 #worldnews,FALSE,22-01-2025,Android,fr,3180,181,92,0.054
17c266b3-3427-42e1-97e5-b7e19b6eb3e7,30f7b1c4-c111-44cb-ae9f-da9f27c16b74,flemingwhitney,Male,38,70538,9295,15-08-2016,FALSE,New York,Pets,Whole true may glass owner region cost radio beyond base talk speech reach question population sometimes. Sometimes recently wear money have.,141,#adoptdontshop #dogsoftwitter,FALSE,02-10-2024,Web,es,3536,179,249,0.0562
3466670a-c806-4195-baa4-5f6ca9ffc438,1dd99b42-b26b-42a0-9be8-72ba7e16e617,kimberly12,Male,46,65185,7303,06-01-2020,FALSE,Izmir,Fashion,Mention hundred value performance lead although oil onto this specific section art open while wonder final tree often. Use carry wish white area since.,151,#fashionista #style,FALSE,20-02-2025,Tablet,tr,3300,414,143,0.0592
6ed3d055-c1e3-4f51-82a4-8276546e5343,278d323d-d8af-4485-a6c0-f30813dda0dc,xrivera,Other,21,26251,3090,07-12-2019,FALSE,Ankara,Pets,Tv section for hit best son beat marriage before. Against natural once charge.,78,#dogsoftwitter #petlover,FALSE,23-01-2025,Web,fr,1280,165,124,0.0598
6ffbe274-2c63-4091-95dd-dc7ccfb605a0,cf79c6da-f895-4610-9f81-eefb2e11d052,martinezkayla,Female,51,60774,1649,14-06-2019,FALSE,Izmir,Books,Everybody true continue hospital clearly impact security single get eat rich machine guy. Any game should poor wife.,116,#bookworm #literature #readmore,TRUE,08-07-2024,Web,de,3112,345,65,0.058
be65bbd3-688d-43bc-b792-ac40c893c5d3,c5439359-a0bb-4b6c-8b43-f616c3438e95,christine82,Male,31,80711,3756,11-05-2016,FALSE,Antalya,Fashion,Can bit apply arm through shake join huge past million friend if. Visit weight test practice movie carry.,105,#style #fashionista #lookbook,TRUE,05-06-2024,Tablet,tr,4024,320,115,0.0552
7514495b-d25a-4663-b00d-be127e9e24d6,14a1dd60-9754-4f3d-88bf-339ea43a38fc,qorozco,Male,21,95776,2755,09-08-2021,FALSE,Ankara,Fitness,Administration rule possible third pressure issue type raise long measure. Gun certainly contain process appear.,112,#fitlife #workout,TRUE,26-04-2024,Web,de,4774,355,142,0.055
703aaa3b-3e13-45e7-9787-e3f189da11b1,3c208fc2-6171-40d4-8bb6-767856316773,ftaylor,Male,50,13166,6311,25-04-2017,FALSE,Berlin,Technology,Drop focus until animal cultural soldier entire. In they south hot.,67,#innovation,FALSE,09-11-2024,iPhone,fr,671,70,11,0.0571
f4403bf5-da36-4af3-a3ff-4253c6edc998,da0328c4-262d-46b8-b75e-c40a6dbaee1c,castanedajohn,Male,22,76108,6269,05-12-2022,FALSE,Antalya,Art,When pull write crime street door possible table individual seat majority admit on. Quite that drop company level Mr general particular.,136,#creativity,FALSE,07-12-2024,Tablet,de,3861,244,330,0.0583
2c146bd9-2cc8-4198-a417-b6e80b46fe7e,2238e054-23d4-401f-899a-6a14fa072de2,longandrea,Female,24,38657,2313,27-07-2023,FALSE,New York,Finance,Certain describe executive big hot personal teacher blood where. Name protect man bit accept.,93,#money #investing,FALSE,31-07-2024,Web,es,1933,137,65,0.0552
69fa6b6b-6232-4e81-bfd4-7609f5550e8c,43c35803-f2ef-4888-9165-f5e377c024f3,ruizjoyce,Male,17,95445,8359,22-09-2024,FALSE,London,Pets,White fund father kitchen lose speak modern food claim see method himself. Next dog family various factor.,106,#catlife,FALSE,22-07-2024,Web,tr,4906,449,464,0.061
7f2e5cba-0ff4-43b3-8788-17e374fda17c,ef002a4c-3dd0-46ee-ad8c-10bc6d66f737,james58,Female,55,67825,7550,09-10-2020,FALSE,Madrid,Memes,Quite oil itself according story those camera floor she learn technology. Bit job heart store.,94,#relatable,TRUE,04-04-2024,Tablet,en,3329,278,72,0.0542
7df258e5-939e-48ee-92ff-1e5e13f5c4f2,40749d65-bfb4-4899-b05e-deaab84a5fea,patelgabrielle,Other,39,53297,6893,15-05-2022,FALSE,Paris,Pets,Professor information goal beautiful down option wide sort fight trouble attorney plan them side receive degree attack so thing military. Throw guess training form.,164,#dogsoftwitter #petlover #catlife,TRUE,15-03-2025,Web,en,2578,255,126,0.0555
6f20408d-f306-4dc5-baca-607979f91ed6,5d5fade3-0c80-40ef-99aa-0a29a37f6e8d,michael86,Male,18,19413,4061,03-05-2024,FALSE,London,Memes,Sense major major much even. Market along watch.,48,#lol #funny #memeoftheday #relatable,TRUE,17-10-2024,Web,fr,973,87,62,0.0578
fea1c325-431c-40ea-9584-45f72ad23bc1,a3df0388-825d-4581-8cb3-7ce16eeba2fc,wilsondavid,Male,24,57364,8677,21-11-2023,FALSE,Berlin,Art,Evidence buy main along heart early suddenly identify. Both top your require continue person move wind.,103,#artistsoninstagram #artlife #digitalart,FALSE,12-01-2025,iPhone,de,3017,292,179,0.0608
00364eba-ae71-4c70-8549-192824401590,6fea1d2d-9bf9-4bbb-b57f-3647ec6ea3ac,isaac63,Female,52,40416,4397,18-01-2017,FALSE,Paris,Travel,Morning move land personal no must argue organization take eye summer into PM yes current civil idea space heart list man. Walk try full couple base two.,153,#travelgram #wanderlust #explore,TRUE,30-07-2024,Tablet,tr,2062,177,171,0.0596
06621ccd-6c6b-4309-952e-bc092238c322,cc505743-0dd0-45df-a174-4ce6ba34ebb7,randyallen,Female,16,7126,7989,08-09-2020,FALSE,Paris,Books,If animal experience whom right good threat finally lead likely election smile. Same level first program.,105,#readmore #reading #literature,FALSE,05-12-2024,Tablet,es,374,44,4,0.0592
e5fb27a5-8a0a-406b-8e59-0fbf95956d77,89ead242-b574-4533-b5e1-15b2cf60f74a,dingram,Female,53,2448,1078,09-11-2016,FALSE,Paris,Finance,Official challenge reality hotel population the include remember do level partner range among born including direction. Street trip can relate practice arrive.,159,#stockmarket,TRUE,17-08-2024,Web,fr,125,9,5,0.0568
fe1b35e9-bb1c-4665-b9d4-ab4c9547da3c,c94f7af8-de2b-4fc2-ac50-2e1b6ac9fb8e,juarezearl,Female,37,90726,8778,15-02-2020,FALSE,Ankara,Fitness,Project affect behind the son benefit. Public game away also list summer.,73,#workout #healthylifestyle #fitlife #gymtime,TRUE,30-04-2024,Tablet,es,4405,255,47,0.0519
20f7318d-20d7-4234-bddf-12715219ea50,62479087-9914-4d5c-aa4f-a6581d50019c,michaelgarner,Other,50,34259,7784,10-06-2020,FALSE,Izmir,Health,Fish run daughter pretty few cup issue next size stop company house run box billion night from war budget help movie institution natural check large against. Scientist short population ability option fine sound whatever.,220,#healthtips #fitlife,FALSE,11-05-2024,Android,tr,1732,136,112,0.0578
75f8f6b8-b922-42bf-9a19-84372a6b690c,31b5cf5f-ab46-4404-b793-c98d26c58964,kelly70,Female,45,44796,8307,26-05-2020,FALSE,Ankara,Books,Put cold ever contain whatever specific agent middle everyone cultural bad question find company. Visit at act.,111,#reading #readmore #bookworm,FALSE,18-09-2024,Tablet,en,2171,182,147,0.0558
8043ed8e-a395-4d6a-b6c2-b47fd2f4aa19,4c00b83a-16c3-478b-8417-f136c7ffca05,donaldmalone,Other,26,72473,498,10-10-2022,FALSE,Istanbul,Gaming,Serve research color economy ago me letter five many. Cup bill bad those.,73,#twitch #gamerlife #esports,FALSE,23-06-2024,Web,de,3632,514,209,0.0601
65e61c84-f77e-4718-be66-37782bffce8d,a270f100-c62e-44da-af10-c1bdadc1c417,nhiggins,Male,36,70141,150,23-07-2023,FALSE,Ankara,Fitness,Green turn able group once success hotel audience like throughout no lead there measure throw. Whose month laugh chair fill sister treat situation.,147,#workout #healthylifestyle #gymtime #fitlife,FALSE,27-06-2024,iPhone,tr,3517,436,292,0.0605
c369a120-04d8-4fcf-bbb7-a1ddaef37808,75119736-37d1-4829-8064-e574fd50579a,ijensen,Other,41,97588,7479,15-06-2019,FALSE,Ankara,Photography,Follow instead right stand participant mouth front stage center impact something Republican lawyer human. Fall ability three up break population.,145,#dslr,TRUE,17-07-2024,iPhone,de,4819,511,348,0.0582
f27bbc99-0571-42e6-96f1-7126d21948d2,26a03d6a-1ef9-44d7-9eea-17d5ef8bbe8a,xcarlson,Female,56,51321,9013,18-02-2020,FALSE,Madrid,Gaming,Human anything service PM late agent star determine able down again study exactly develop travel better meet team behavior where central. Industry help another evidence.,169,#twitch #gaming #gamerlife,FALSE,23-01-2025,iPhone,es,2602,325,205,0.061
6e0bd149-1bb5-4237-9617-2a61bcc976da,8b0b2f37-7b26-47d2-b61d-71503c626f11,lisahawkins,Other,20,63785,9041,20-03-2021,FALSE,Istanbul,Memes,Wish make cold city different continue image truth including window behind couple race term assume. Image expect never look PM dinner financial live.,149,#memeoftheday #relatable #funny #lol,FALSE,13-07-2024,Web,en,3144,164,199,0.055
f3ae8bb4-18c8-4fb9-82a6-98528fc7a06b,9519dddf-bb2d-40c9-90c3-413870441d46,bwhite,Other,48,1344,2597,13-03-2024,FALSE,Izmir,Politics,Teach Mr run three somebody hundred from huge evening item computer military service decade drive. Role across fight address.,125,#news #politics #worldnews #election2024,TRUE,04-12-2024,iPhone,en,69,4,3,0.0565
f433a2a1-8f34-4273-ba92-0b0d434cb1c4,200eae17-9eb4-4005-8851-51817efaffdb,qfitzgerald,Male,20,60677,7617,16-06-2016,FALSE,Paris,Travel,Police onto fast result clear heavy science including foreign measure sometimes show. Production cut book pattern.,114,#explore #travelgram,FALSE,25-09-2024,Web,de,2984,364,239,0.0591
57179bc9-d6fc-4a11-b795-40ab66f998b1,356dfa99-58dd-4db5-a1fb-a88677a4bcf7,steven05,Other,43,91071,7182,31-07-2016,FALSE,Berlin,Education,See control spend leader process inside above paper describe center. Light they house however business with personal also.,122,#learning #edtech,TRUE,25-03-2024,Tablet,fr,4632,329,93,0.0555
d06b79fc-2226-434a-b2b9-bf1b8c45325f,54e088f9-0388-438a-9e8a-58c7f0ad62f2,rebecca24,Female,29,70116,3713,06-11-2021,FALSE,Bursa,Music,Not difference term coach news important foot case. Example current run push action degree purpose.,99,#musiclover #playlist,FALSE,20-07-2024,Android,de,3609,472,219,0.0613
e9d77cb9-df6e-48ac-82f2-6664b83e41f4,5b0afcfa-502d-4481-b6d2-ad0923a6f49a,jason28,Male,25,59029,1636,12-03-2024,FALSE,Paris,Health,Throw science could trade executive themselves check war whether. Picture usually recognize follow month check.,111,#wellness #healthtips #mentalhealth,FALSE,24-07-2024,Web,en,2904,358,55,0.0562
8aa06943-4705-4a71-b35e-c1adb126c388,e38af1ca-3f1f-4923-bbc0-fcc5743a2dd1,lovepaul,Female,17,80301,835,22-03-2024,FALSE,Paris,Food,Herself tax yes different outside often understand whom father peace. Contain always like point culture cover Mr.,113,#foodie #yum,FALSE,13-02-2025,Web,de,4164,391,78,0.0577
398719f2-aa1d-4207-bb03-758e60d3fd48,4aa127ba-0c04-40df-9519-c2c484cc5eb0,rstevens,Male,36,39859,4042,06-10-2022,FALSE,Bursa,Pets,Often hair note main ball among listen finally follow night professor capital. Interest heart reason including expert life.,123,#dogsoftwitter #petlover #catlife,FALSE,03-07-2024,Web,en,1996,237,121,0.0591
39199051-d35a-4bdc-9352-31a2eb3f4cbb,960f1e1d-6b35-4326-8970-0d44a6015a98,morrisonaaron,Male,60,57899,2062,17-02-2017,FALSE,Paris,Pets,Public positive economic suffer stuff somebody option commercial brother service year spend. Dream above six rock.,114,#petlover #dogsoftwitter #catlife #adoptdontshop,TRUE,20-09-2024,Tablet,en,2944,335,228,0.0606
a31607f7-f33f-4f3d-989b-921511a17bfa,6e6cbd34-7aa8-45ef-8745-e72c491bf065,rodriguezrebecca,Female,35,61286,8198,02-05-2024,TRUE,Paris,Gaming,Cup her senior candidate kitchen onto provide rock decide chair boy support record nothing. Can whether clear mind plan.,120,#gaming #gamerlife #esports #twitch,FALSE,13-01-2025,Tablet,fr,3069,163,65,0.0538
8bbe4861-2a43-40af-a92a-6dd9e9e9cf0f,ea7bcdcd-e575-48ca-9d98-52f1ccda5a40,obrown,Other,37,71055,9689,15-02-2019,FALSE,Berlin,Travel,Letter movie stand hold trade leg like. Interest tend several campaign approach over event whether.,99,#vacationvibes #wanderlust #travelgram #explore,FALSE,08-04-2024,iPhone,fr,3588,192,321,0.0577
0cbbee3e-7031-445f-95bf-291f89699e20,0095f558-0f94-4623-8737-f918e814864a,annafuller,Other,44,749,3229,01-01-2020,FALSE,Bursa,Books,They recently high affect available step rather. Yourself debate student American on.,85,#bookworm,TRUE,27-05-2024,Tablet,de,39,3,0,0.0561
f44f7d3a-8c03-4a04-bdb2-c0f7e5a6b81c,6c6f08a4-6564-4e51-a928-dc14b19c0025,edwardselizabeth,Other,42,2932,9472,02-05-2016,FALSE,Paris,Photography,Individual deep whatever close yourself experience determine dream girl available. Today doctor quality station.,112,#snapshot #dslr #travelphotography,TRUE,08-03-2025,Web,fr,140,13,7,0.0546
3ebdb08a-c36c-436c-92e9-0bc6ed5bb04d,46e8040d-527b-45ad-ae3c-bf972a78660a,smithalicia,Male,41,58522,9959,08-12-2022,FALSE,New York,Fitness,Before food crime entire up impact but pick once or easy five ground season without she east discussion wife by management field chance wrong. Answer author perhaps sing set.,174,#workout #healthylifestyle,TRUE,11-12-2024,iPhone,de,2874,247,227,0.0572
94044e32-6e70-4bb2-a0ab-ee2e2ce44adb,cf7a786f-d9b8-437f-91b6-0f676ced10c4,rachel48,Other,26,62598,544,10-12-2023,FALSE,Izmir,Memes,Rise better while yes live age single always choice cut modern. Possible cut white leader capital.,98,#funny #lol #memeoftheday #relatable,TRUE,18-05-2024,iPhone,en,3079,263,195,0.0565
5f0cb533-fb04-4d2d-83ac-f434763674a3,555ff223-8f25-4f1e-b770-543347707470,collinsshannon,Female,36,71596,1730,08-03-2016,FALSE,Antalya,Education,Class significant above begin audience land identify school already seat us reach. Cost best network find show behind.,118,#knowledge,FALSE,12-05-2024,Tablet,de,3577,389,93,0.0567
0e91476b-ec44-45ea-b187-4cf464691f82,cbc767dd-35d9-4e28-808c-253503f0a60f,rodriguezchristina,Male,59,30914,8151,16-04-2018,FALSE,Madrid,Travel,Become seem break cause owner about off pattern vote fact clearly organization story politics. Operation sound skill.,117,#wanderlust #vacationvibes #explore,TRUE,11-06-2024,iPhone,es,1537,135,119,0.0579
ffeb1b6d-daf7-46ad-baf8-adc7d5d491e1,d5edcc5f-6dea-45aa-82c2-2b6c620ff93c,vickiwood,Other,38,65070,2786,19-01-2016,FALSE,Ankara,Music,Should need suddenly finally thought either natural develop power father child. Charge see say I add television oil nor.,120,#playlist #vibes,FALSE,16-01-2025,Tablet,fr,3378,366,33,0.058
d548e4c7-6e70-49b5-91c1-434ed2073d6d,bf63b59d-d02d-4a49-b7d2-37b52801f554,edwardsronald,Male,43,64563,2743,17-12-2015,FALSE,Antalya,Photography,Modern long thank boy general bit. Tend grow race.,50,#dslr #travelphotography,FALSE,19-04-2024,Web,es,3310,188,63,0.0552
0468b04c-a9f6-45a3-ba4a-ccbf5290e11f,e3bf38af-6fb0-4afe-9577-4816b7376957,amandabenson,Other,59,19789,4990,16-08-2020,FALSE,Antalya,Fashion,Beat outside college audience together order dog do end father simple than commercial theory allow then require note note some collection. People how its author cover several wonder.,182,#ootd #lookbook #fashionista,TRUE,18-02-2025,iPhone,es,956,142,40,0.0575
e6253967-0ec0-4ec3-aa9c-bc5b93fc8a6e,6dae1e7b-6713-49a9-8b67-46fd41a95e19,amandajackson,Other,56,2327,8665,31-07-2019,FALSE,Ankara,Food,Community science above option he box protect miss nor specific travel require young every under ever. Bar system fill site since beyond cover.,143,#yum #foodie,TRUE,25-06-2024,Web,tr,102,10,8,0.0516
dd8e926b-a065-4cc2-8237-5ca3a5fb2f99,24308c3c-8a96-4af9-a279-bbe7cee28759,marymurphy,Female,16,95868,5329,07-10-2016,FALSE,New York,Books,Security sister question young discover three word free budget southern single. Force property fish most radio subject decade.,126,#bookworm #literature #readmore #reading,FALSE,18-04-2024,Android,fr,4787,292,197,0.055
9746ec8b-7ec4-4065-af92-2956f38b6025,09aa2418-c08d-46ce-b99c-1f548397242a,sandrabrewer,Female,23,13391,8280,16-12-2024,FALSE,Berlin,Finance,Light daughter sport gun receive very science leg report rest able goal color hold. Rise letter fact action church.,115,#crypto,FALSE,11-05-2024,Web,de,713,106,13,0.0621
97c519bc-9c18-49b5-ad31-cff65161b9f6,e092eb4a-72df-45bd-ba35-07d9ca6abec2,glenware,Female,31,94095,2395,24-09-2019,FALSE,Madrid,Photography,Pass by style black forget determine employee next tell yard large. Real third kid really oil.,94,#dslr,FALSE,08-01-2025,Web,en,4667,240,159,0.0538
2b959dd6-8ea9-48b8-8c17-cbed4ad78e5c,7506f29c-5f57-4f75-9459-543c36de144d,jacob57,Female,34,83698,6592,30-03-2018,FALSE,Ankara,Art,Person majority few market before task girl scene. Individual very same by respond big.,87,#artistsoninstagram,FALSE,11-09-2024,Web,fr,4273,607,148,0.0601
61469383-7258-48c0-830d-464b2b6ab70b,40b5bccf-55b7-41dd-8107-18ea4b17cba8,jamiejennings,Other,18,80676,8756,17-05-2015,FALSE,Ankara,Fitness,Lose recognize green writer base term hit this really something traditional option. Behavior assume more several positive data maintain.,136,#healthylifestyle #gymtime #workout #fitlife,FALSE,21-01-2025,Web,de,4076,373,129,0.0567
3f0594cb-a3fb-4aa9-bf10-6756d062bb01,b17d6263-de7e-4648-8e7e-5349a686fc92,tommy32,Female,35,80009,8202,15-02-2020,FALSE,Antalya,Pets,Lawyer many center see most respond again from after born. Out responsibility manage series agency medical on.,110,#petlover,TRUE,11-11-2024,Tablet,tr,4103,227,174,0.0563
30c12a34-dc42-4450-b6ff-092e430eaf8c,fa4f3180-003f-4832-8206-0968cd13a32d,harrisonrebekah,Male,17,83139,4459,14-12-2015,FALSE,London,Health,Man night moment cell inside court whether. Large goal teacher least meeting cover pull.,88,#fitlife,TRUE,16-03-2025,Android,es,4219,558,222,0.0601
c441d66f-880f-49f5-b405-2f22ad2b2a10,3a5ef70c-4a68-47d4-bd5a-fc4a339aa616,qobrien,Other,29,24036,9589,22-09-2021,FALSE,Bursa,Finance,Each inside significant manage you and become condition daughter positive. Significant experience book since among.,115,#investing #money #stockmarket #crypto,FALSE,09-07-2024,Web,es,1222,113,89,0.0592
68f12ebe-0320-4e01-ba16-9af2e81da1a3,00137598-1910-45a0-bb9d-65cea0864795,rogerssarah,Male,16,54157,9499,09-08-2019,FALSE,Ankara,Travel,Blood degree street kind official hot price specific door process through four recent land shoulder state simply general improve voice. Room threat under be skill.,163,#travelgram #vacationvibes,TRUE,22-06-2024,iPhone,fr,2715,375,138,0.0596
49e6c17c-f401-4cd3-bbac-2696c48b2d9a,4813ae02-13f7-473b-9771-942094b418b0,michelle69,Male,17,38364,3429,14-10-2019,FALSE,London,Travel,Life recent player seat community daughter either. Garden pay onto pick notice really majority.,95,#wanderlust #explore #travelgram,TRUE,05-09-2024,Android,fr,1873,142,177,0.0571
5bff9f86-eaa9-449d-beb5-25e00247ee24,51804120-2ad5-4f77-85ba-f8c9e3c63766,eugenemartinez,Male,40,62315,4240,10-04-2021,FALSE,London,Photography,First picture article close well or piece beat mission quite friend my under like participant. Magazine yeah pass best state month black.,137,#travelphotography #photooftheday,TRUE,29-07-2024,Android,es,3090,166,230,0.0559
d4d662e9-a371-4199-bc2c-66db02b6c39d,b8f88bbe-cd52-4bfa-9af1-440d8f4c01b2,christopher57,Male,28,90209,7306,03-04-2023,FALSE,Bursa,Travel,Particular return some imagine doctor enjoy woman full large form mean film give whom least. Free campaign fly maintain exactly environment.,140,#wanderlust #travelgram #vacationvibes,TRUE,15-01-2025,iPhone,de,4503,242,319,0.0561
be00a599-0891-461c-897d-fe95ab4f4df4,143cb7a3-e360-4bb0-803e-ca5508829b0b,mariascott,Other,30,84616,9196,29-07-2020,FALSE,Izmir,Memes,Ability beautiful billion those few I bar young animal cold bank account rule forget because give need over capital chair participant back cover particular third. Money above technology very civil line.,202,#funny #relatable #lol,FALSE,11-11-2024,Tablet,es,4164,446,337,0.0585
8ff88a08-a175-49e9-97a6-8516bc777296,bba388d9-8801-4468-be62-022b013689ab,znolan,Female,49,86409,5981,17-11-2023,FALSE,Paris,Art,Discover me baby compare personal forget will natural effort police. Condition Democrat across pass land three.,111,#artistsoninstagram #creativity,FALSE,16-03-2025,Tablet,tr,4247,507,343,0.059
b1e98f2f-30dd-4c95-b0fa-abab6ed92275,0d602613-6f23-4458-b4d3-dc835339402b,melaniebell,Male,24,25266,2588,05-09-2024,FALSE,Ankara,Art,Task gas during room term everything of quite rise. Stop few fear available simple young real.,94,#digitalart #creativity #artlife #artistsoninstagram,TRUE,26-10-2024,iPhone,fr,1255,86,57,0.0553
c111b772-9b91-43bc-8307-f1623e88a374,d472a854-c8a3-4a86-9358-19d4dd51ce78,laurahenderson,Male,56,66642,4939,18-04-2016,FALSE,New York,Finance,Modern civil my black blood cost low. Put respond much do.,58,#investing #crypto,FALSE,22-06-2024,Android,de,3221,385,154,0.0564
cfd24c3f-930f-4ec1-b474-eef8e7087a79,a4148340-9d58-4030-9c5c-47f14152240b,daniellereynolds,Male,59,11951,5034,18-09-2015,FALSE,London,Finance,Table stage across call field professional play support international lay here either five. Admit position soon weight present.,127,#money,FALSE,17-10-2024,iPhone,en,597,46,29,0.0562
34d59ab0-4767-47e3-b762-88f21896b6de,6546ca72-c640-48e6-a72e-7abe336e9621,michelle17,Other,28,18725,8114,19-03-2017,FALSE,Izmir,Food,Explain ground area difficult senior night people. Toward sport hold article.,77,#instafood #homecooking,FALSE,31-03-2024,Android,tr,914,60,52,0.0548
ec675981-4baf-48d5-8a9e-fd2e3ccfc985,b5671269-7245-456c-b64e-7965c6f50e32,miaprice,Male,41,99866,3778,25-11-2021,FALSE,Bursa,Memes,Few or new your face successful easy church military debate environment wear theory fire evening. Let stage face recently race writer.,134,#relatable #lol,TRUE,19-01-2025,Tablet,en,4955,463,454,0.0588
66eba9a8-1798-441e-87c2-470ed3625fc9,064382c4-0052-4f14-93aa-c597c9b5b149,xmarquez,Male,58,61849,7230,06-08-2024,FALSE,Ankara,Education,Card far religious specific blood. Save talk Congress political.,64,#knowledge #edtech,FALSE,10-07-2024,Tablet,de,3186,219,209,0.0584
746067e9-c4de-44ff-aaf8-f1a7afdafdf0,4a2b55a2-5409-434f-a258-47613483f93a,iherring,Female,50,52313,1824,09-08-2020,FALSE,Madrid,Travel,Woman government city best mission station southern outside then. Upon all necessary option deep country cover theory.,118,#explore #vacationvibes #wanderlust #travelgram,FALSE,15-10-2024,iPhone,en,2604,205,55,0.0547
7df6af79-059c-4732-88aa-72a557174a7c,3dc62a3e-9257-46b4-9025-d8d79bf37734,gary03,Male,32,52332,5664,21-04-2019,FALSE,Istanbul,Finance,Partner artist artist early new test capital animal near decision rise detail direction up. Right south answer chair.,117,#money #stockmarket,FALSE,18-04-2024,iPhone,tr,2664,219,63,0.0563
01dca897-6ccf-4c26-9e3a-418038cdbd44,dc2c6e77-5763-43c9-b170-dfec3cad36ad,kristine33,Other,48,23386,8206,04-07-2024,FALSE,New York,Gaming,Within knowledge model hotel note know free which stock. Eight by none spring.,78,#twitch #gamerlife #esports,TRUE,10-01-2025,Tablet,es,1190,124,14,0.0568
202e569a-1794-46e1-af0e-bd0b0b5d65a0,80f498b9-48b4-4af4-8b0d-22c0f4858132,dannylambert,Other,40,83727,3089,13-11-2024,FALSE,London,Photography,Help early article why determine billion hear city industry every turn look. Cell couple morning early identify protect smile.,126,#photooftheday #snapshot,TRUE,07-01-2025,Web,es,4104,533,116,0.0568
6f1222b8-9128-4dbc-83ed-5e00016ebb37,9df367ce-dbb9-4fea-8ff6-70c3f0053bc2,melissa75,Other,28,53255,4194,13-12-2020,FALSE,London,Memes,Clear eye more television sort recognize miss win meet week try. News here those recognize budget far second adult.,115,#memeoftheday #lol,TRUE,23-07-2024,Web,tr,2538,233,174,0.0553
f66fd402-d4d8-462c-af78-0cbd23e1e672,6a276ae8-1ee3-4c47-a337-70cfdd69b68e,shawn52,Female,33,60689,9175,07-07-2021,FALSE,Berlin,Books,Special story body finally site but forward firm. Site employee source situation try she young force.,101,#readmore,TRUE,08-07-2024,Tablet,de,2994,398,287,0.0606
5ed90178-aade-474e-8688-d4010ab96067,aba690ba-3777-41cd-bd83-83c5e6c74836,stephaniegillespie,Female,57,70898,5411,12-11-2023,FALSE,Paris,Art,Support million where real development rock we there late sing image maintain technology policy trade building front. Remember service foreign dark.,148,#creativity #digitalart #artlife,TRUE,13-02-2025,Tablet,de,3558,181,206,0.0556
7ea24a8c-3642-4f8d-a07d-d5ebbea3b448,48d46ed2-2530-4b83-9a4e-4becadf4b9d1,diazjoe,Male,59,80802,9333,24-05-2019,FALSE,Izmir,Technology,Information own happy if memory brother many next Congress kind building suffer mention order project himself mind late mention church set. Reach fire drug film television look reach.,183,#future,FALSE,04-09-2024,iPhone,de,4059,432,197,0.058
3298b896-35ca-40af-98c8-2a3854abc722,04e937db-1348-4b13-8ad9-58a81d603e19,rodney57,Female,44,53108,2479,03-10-2022,FALSE,Ankara,Education,Conference fish baby agent physical hospital kind meet house. Call trouble modern give relate information.,106,#knowledge,TRUE,13-08-2024,Web,de,2721,168,61,0.0555
dd6d9552-b121-4dda-90f4-4b6add96729f,1ad4384c-31dc-489f-b73c-b77aaf915921,hartmansara,Male,20,10453,254,21-11-2016,FALSE,Paris,Music,However expert business fall political fall very enter measure anything. Bill couple sense cost ask gas recent.,111,#playlist #musiclover #nowplaying #vibes,FALSE,06-10-2024,Tablet,de,551,41,18,0.0584
4ed75c5c-fd1d-4ca0-8210-daf55e693ddd,b5dee09c-fce7-431b-a2de-03221513b468,christina26,Male,18,43372,9599,24-02-2018,FALSE,Istanbul,Technology,He include question policy road possible. Commercial understand school page ability knowledge.,94,#tech #future #innovation #gadgets,FALSE,01-05-2024,Web,en,2133,155,151,0.0562
b3ff7a28-be3b-4aaf-9ec1-384152ce0cf1,4ff96727-7451-4965-b124-a1e7ce0c177a,brooksdanielle,Other,58,23939,8419,24-04-2024,FALSE,Berlin,Food,As young management each month news interest benefit scene machine guess feeling serious yourself chance probably rich. Reveal fire feel nice husband case.,155,#yum #homecooking #instafood #foodie,FALSE,10-12-2024,Android,fr,1183,161,27,0.0573
ca11eb32-415b-4f0c-8a06-6becf222a3d1,8c7b9ae8-17eb-4a1c-b496-c3a253270978,jennifer95,Other,31,21514,1555,05-06-2023,FALSE,Berlin,Fitness,Ago or all half paper skin little particular trial yet seem bring wait town every when song. More listen finally education anyone any.,134,#workout,FALSE,17-04-2024,Tablet,en,1061,129,101,0.06
67da7749-40e7-47ca-a18d-b8fa60d41578,592e07f8-6375-4306-a4fd-507508cf0c18,ortizamanda,Male,30,66319,1835,08-02-2018,FALSE,New York,Art,Mention specific price and pick fact story simple game the nor PM bar hour avoid hair middle either of research serve list ever but no. However less interest can station at.,173,#digitalart #creativity #artistsoninstagram,TRUE,06-08-2024,Web,tr,3302,202,113,0.0545
29c7ac40-fe79-4a9d-b228-5132a5ec1ea5,e162577f-127c-4d00-bee2-d9a49dec17b9,samuelprice,Female,17,70823,4123,12-09-2015,FALSE,New York,Food,Big break movement dark dark oil sing action east. Forget challenge including beat either.,90,#homecooking #yum,FALSE,01-03-2025,Tablet,en,3525,427,308,0.0601
3b3685d2-44d5-46ea-a615-2ea46728190c,a98130ba-b643-4cc9-ae3a-418b83217160,uwilliams,Male,45,32409,3805,06-12-2021,FALSE,Istanbul,Technology,Campaign notice its foot truth back because world four thought. Dark money yourself turn visit on.,98,#tech #gadgets #innovation,FALSE,13-10-2024,iPhone,de,1583,113,142,0.0567
c7806dfa-3474-40ef-9dfe-477d5e92860a,14d0a90e-ea93-4c3f-bc7a-1524dd62d4de,sara06,Female,43,34395,926,14-02-2022,FALSE,Bursa,Fitness,Treat morning protect tell we ok else certainly fight figure. Protect maintain everyone start somebody week adult.,114,#fitlife #workout,TRUE,16-12-2024,Android,de,1711,137,106,0.0568
c176152d-0ce4-45b4-805a-59b09273d9bf,5c3f66cc-b648-4494-8808-9e67248d61d9,corymiller,Other,41,32227,3177,07-01-2016,FALSE,Berlin,Finance,Wonder maintain what court meet third sing trouble. Land teach say weight act wind.,83,#stockmarket #investing #crypto #money,TRUE,25-07-2024,Android,es,1607,230,145,0.0615
d3494090-f609-46a2-8e08-27ecde0784b9,689a645b-03cf-4b16-8772-a44cd26b5b06,brian62,Other,36,91752,5968,26-01-2022,FALSE,Madrid,Travel,Six society federal away travel difference commercial point both rich law so top action peace list sense lot. Believe what good pattern fact.,141,#vacationvibes #travelgram #explore #wanderlust,FALSE,14-08-2024,Tablet,de,4611,631,180,0.0591
5bb9214d-4d1a-4cb6-93e8-d8a7887460b5,bdc703c6-e597-428f-a3ca-fa99d40186cd,lreid,Female,58,98309,443,06-12-2015,FALSE,Bursa,Food,Force pay your long region opportunity real notice. Still onto if left voice must because.,90,#instafood #foodie #yum,TRUE,27-06-2024,Tablet,es,4843,425,398,0.0576
1450e68a-7d2d-44e6-afa4-c9b01dc0b1fa,214e4ec5-96b8-48ed-a033-56ae7a54f93f,twillis,Other,43,35860,197,25-07-2023,FALSE,Antalya,Pets,Night strategy official help recognize participant sister determine. Teach key police before ahead account.,107,#adoptdontshop #dogsoftwitter #petlover #catlife,FALSE,25-08-2024,iPhone,es,1812,93,176,0.058
4408f993-ed4c-401c-9238-24796d3eceee,40963fe7-3ab0-4b4a-8288-cad42bde3eff,nicholas33,Other,19,32753,2893,30-10-2022,FALSE,Berlin,Art,Her party young market face skin follow bag fish follow window skin office recently can civil lawyer west year arm speak bit nothing add. Want year drop camera.,160,#digitalart #creativity,FALSE,07-05-2024,iPhone,en,1642,170,95,0.0582
97f112ce-cb02-4d0e-9bb1-b720e02d62db,ae5eeb27-378d-4a70-b37e-407e34af63bd,petersenlatoya,Other,31,30883,4398,25-05-2020,FALSE,Bursa,Fashion,Key TV lot decision they between national. Middle bit cultural per where.,73,#lookbook #style #ootd #fashionista,FALSE,14-11-2024,Web,fr,1471,80,96,0.0533
7f356501-fd63-4309-9f7e-8f39d42cb259,15c2615f-42a5-4b12-b992-f5bcbd253636,derrick63,Other,59,69807,2304,05-09-2020,FALSE,Bursa,Education,Through edge third similar almost program already address way lot western worker far simple. Analysis occur newspaper easy.,123,#students #edtech,FALSE,22-07-2024,Tablet,en,3460,194,124,0.0541
528ed99a-bc39-4131-ba52-52826cbf2bcb,38eb8b12-1e3f-42a6-884f-1b7f249f8d90,yvang,Female,19,19129,2522,16-11-2015,FALSE,Ankara,Finance,Learn since I standard test behavior degree recognize politics decide student down plant argue security or practice issue young. Hundred some dinner dog.,153,#crypto #stockmarket #money,TRUE,06-11-2024,Tablet,tr,925,135,65,0.0588
ce06a774-2e63-46d2-b805-89543d02ded8,eef219b6-6586-479e-b9f0-db620d0133b1,javierdiaz,Female,43,95471,845,28-11-2018,FALSE,Istanbul,Photography,Eight evidence experience seem culture PM visit maybe determine brother including upon time here sign only technology theory nothing forget kid care. Four task because cause culture.,182,#dslr #travelphotography,FALSE,11-11-2024,Android,en,4877,473,80,0.0569
17b4231f-db95-4f6f-b816-c62f52e5fa92,6d4b51ab-e89a-4268-8d30-394b60988ae5,todd59,Other,57,4270,6416,01-06-2020,FALSE,New York,Politics,Language process inside focus run agree. Another eye sell TV happy society.,75,#news #election2024 #worldnews,TRUE,25-01-2025,iPhone,en,215,23,3,0.0564
06a81f9b-95ee-464c-8e33-b0ffbb1d7513,d7c1faa2-0801-4eb7-8613-9f258bb310e3,xrush,Male,34,45337,739,08-10-2022,FALSE,Ankara,Food,Create use relate friend couple tend product now paper rock by thank policy quickly sign act mouth yard since. Mr determine will which.,135,#foodie #yum,TRUE,13-01-2025,iPhone,fr,2285,276,147,0.0597
eb686ed0-44b1-4166-bcdc-fcb4fc4926d3,7a68dcb0-d28d-4e42-aadd-cbf79dedb639,pearsonvicki,Other,32,66316,4568,28-09-2016,FALSE,Istanbul,Finance,Head rest water worry list off suffer style. Particular what home ready.,72,#investing #stockmarket #crypto,TRUE,17-08-2024,iPhone,en,3213,330,148,0.0557
157f9d95-0eef-421e-874b-2ec188341a07,bf91f00e-0d75-4cdc-8113-b0eb6ebdbc58,smithyvonne,Other,51,60558,1248,01-08-2021,FALSE,Ankara,Pets,Generation sell police the treat several bring that. Fish president then.,73,#adoptdontshop #catlife #petlover #dogsoftwitter,FALSE,07-01-2025,iPhone,es,2993,212,152,0.0554
ac99a821-67dc-491a-9b84-d122ee570f6e,cb2cd298-87b8-4758-bca5-7084f49492d3,bwilliams,Male,17,15378,7906,24-03-2023,FALSE,Berlin,Gaming,Top its they law standard fear visit state grow level than because pull receive threat level message imagine. Example half production modern big result street.,159,#gamerlife,FALSE,12-01-2025,Android,en,777,105,35,0.0596
0b5a80fc-3f6f-478c-b164-f398ef8d14c0,be9bfc50-8efb-4f3e-ba51-43147567965c,kevin88,Other,26,77848,5676,25-09-2021,FALSE,London,Travel,Make fly food identify game us pick. Write nothing structure notice.,68,#wanderlust #travelgram #vacationvibes,FALSE,21-09-2024,Web,es,3852,332,153,0.0557
c918cbd6-417c-4f7d-a14d-db265d02ae84,a0d6a35a-e913-4d89-a2ee-5d1bab695af9,kathryn17,Male,47,96892,5230,11-01-2019,FALSE,London,Gaming,Success practice herself throw right central coach suddenly detail place follow military role environment. School training should crime view.,141,#twitch,TRUE,16-08-2024,Android,de,4904,570,109,0.0576
e721540f-c366-48f2-9190-82c83b82eeb9,21645c7c-d349-4767-8628-bb182722fd29,livingstonstacy,Other,22,13945,4737,26-12-2021,FALSE,Berlin,Memes,Require live front father situation book such let election almost reality role whole easy although control high true reason degree type civil treatment whom long audience. Wife pretty ahead choice wind senior.,209,#memeoftheday,TRUE,17-05-2024,Tablet,fr,726,67,9,0.0575
c40cebb5-68ef-4372-8e0d-e33ff32949a1,7d626140-003e-4a82-b073-620064ccd98c,colekimberly,Other,32,94045,8362,01-12-2019,FALSE,Izmir,Technology,Follow teach new Democrat try teach computer happy free glass now scientist think. Prepare question federal old learn somebody.,127,#future,TRUE,05-08-2024,Android,en,4750,352,88,0.0552
8abbb99e-ffaa-48fe-82fc-2f5a569ebcc5,3bffcdae-7edd-4c87-8fe3-3e4485a5d1cb,ashleyharding,Other,39,77898,7480,15-04-2018,FALSE,Madrid,Politics,Address house central talk civil certain day mention people blood. World reach product society exactly north issue.,115,#news #politics,TRUE,20-04-2024,iPhone,fr,3864,459,329,0.0597
d5aef5dc-3dd7-48fb-8678-4566c14093ae,9ef1b54a-3b64-4991-b41b-5860cc935dc4,danielsloretta,Male,30,79551,4615,29-08-2016,FALSE,Bursa,Fashion,Seek alone word street unit within recently. Write or easy whether land do.,75,#fashionista,FALSE,16-03-2025,Web,en,3872,244,225,0.0546
074c8060-0cba-4407-8fdb-fc30d72a2a7b,4c5dadf1-1a92-4927-9a8e-42f827ec5c84,robertbrewer,Other,51,36187,2677,08-12-2023,FALSE,Izmir,Technology,Prevent magazine together whole when order oil policy guy be. Be model record remember street nearly west thus.,111,#gadgets,FALSE,03-06-2024,iPhone,es,1816,260,70,0.0593
a0748121-e517-4ba0-82c9-c7465d4b9719,24f6a5d2-7ec8-4e34-ac42-6bd49c289bce,ashleyhernandez,Other,28,77931,7551,18-10-2020,FALSE,Antalya,Fitness,Six must write large receive police west value former state everything probably laugh radio rise product federal can color. Price mouth grow ground sure program.,161,#workout,TRUE,05-09-2024,Tablet,es,3944,315,114,0.0561
3dab8b63-55bf-4aa7-9f68-997007052f38,f1f36368-70f2-4842-887e-a4ce626fa530,chunglaura,Female,53,4412,3298,22-12-2023,FALSE,Paris,Food,Congress think recent child whether coach protect however low memory top door parent happy important trial ability room stuff church discover. Wrong sell against.,162,#homecooking,FALSE,13-11-2024,Tablet,en,244,13,21,0.063
88d4a81c-56d0-4f7f-80c2-43f59ac4c259,a791fa88-c77d-47c8-984b-20703d83e81c,daughertypreston,Other,19,14575,6160,24-07-2023,FALSE,New York,Technology,Behavior statement action above beyond teach off model and relate push cause. Market necessary quickly something meeting.,121,#innovation #future,TRUE,02-07-2024,Android,de,725,39,19,0.0537
e658765e-9376-4a5c-b5c7-e05a7b15d02d,f1fcd259-0d7a-4fb8-8b92-8108feceb100,fryecrystal,Female,49,31026,2450,22-12-2020,FALSE,Istanbul,Art,Report really thought may TV message blue now simple available surface contain contain. Tax base throughout enough material population air.,139,#artlife #artistsoninstagram #creativity,TRUE,16-02-2025,Android,es,1540,157,47,0.0562
5034b942-b86a-41a0-af59-0e365562b4e8,89ff7ba2-329d-4d9b-8fb9-012d76db4fad,dhanson,Male,52,63991,8087,19-11-2023,FALSE,New York,Travel,Rate peace house well fact child station allow central somebody organization get. Local up show difficult.,106,#explore #wanderlust #travelgram #vacationvibes,TRUE,24-09-2024,Tablet,en,3218,223,262,0.0579
cf6a2815-c413-47d3-a92e-4fda23721abd,9aeb6d49-81ce-4c32-a9c4-4e2950902359,nweaver,Male,43,52820,4053,28-12-2024,FALSE,Izmir,Politics,Personal sort water let civil organization west. Myself draw let less company audience may bill.,96,#election2024 #worldnews #politics,TRUE,27-05-2024,Tablet,en,2556,277,138,0.0562
47c8bfd7-30ba-4785-ae5b-27821eaa535d,cf9cecb6-4ca0-4096-b3c6-d1e7b328429b,ncook,Male,24,15755,235,05-09-2021,FALSE,Berlin,Pets,Customer buy prove market fine society we buy cut give table listen radio. Once day five material special.,106,#dogsoftwitter #petlover #catlife #adoptdontshop,TRUE,11-02-2025,Android,tr,782,48,50,0.0559
8f979c66-13bc-4ef9-8ba1-3bfb3d33e0d8,5319f77e-0cfd-4a39-950d-8c58a5eb708b,sandysnyder,Other,55,37516,8098,29-07-2016,FALSE,London,Finance,Like particular item red along father only foot choice window candidate individual yet factor before. Who present if.,117,#investing #money #stockmarket,FALSE,21-08-2024,Tablet,en,1921,156,170,0.0599
b71f226f-1384-4e38-b4dd-150c86799a9f,c11c9b4d-c229-4db5-911a-4ca1f683c2c9,hendersonjames,Female,30,20500,7159,17-08-2018,FALSE,Madrid,Education,Off wish history miss middle worry cultural it new society much hour although training. Arrive once woman if design manager kid.,128,#learning #knowledge #edtech #students,FALSE,16-01-2025,Tablet,es,1004,98,79,0.0576
b0dfca46-44a4-42d9-8977-0807dffccfbf,ecd8f659-4127-4ec6-b8c9-b13dc1a3e262,robert44,Other,59,13214,3423,24-01-2018,FALSE,New York,Memes,Major administration personal involve throughout response ask recognize piece soldier. Use blood oil life three affect energy.,126,#relatable #memeoftheday #lol,TRUE,20-11-2024,Web,fr,640,47,20,0.0535
99101b1a-9bf5-46ff-bb74-0d6573b73403,7a51b265-f134-49e4-b045-297e40c271ee,marybartlett,Female,52,94289,7589,29-03-2023,FALSE,Paris,Memes,Five address best share all yard play anyone particular instead common. It generation bad reflect significant difference.,121,#memeoftheday #funny,TRUE,24-08-2024,iPhone,fr,4618,451,269,0.0566
073ec208-1ab4-4d14-8378-d66a5f0b8937,c5dcd7fc-4c7d-49c2-9506-6c94ab199b76,stevenrivers,Other,24,19251,8403,02-05-2015,FALSE,Ankara,Fashion,Vote think final get open film great put senior attention participant rock yet account bad task air. Type project physical by century seven.,140,#style #fashionista #lookbook #ootd,TRUE,11-09-2024,Web,tr,990,84,19,0.0568
ab50ac2b-bf69-46a5-9372-e28ebec45303,b1cd798f-41a5-4a6d-ad20-19356e782d58,smorales,Male,28,19024,4274,12-04-2015,FALSE,Berlin,Education,Put impact American action hear significant decide machine town professional air film conference weight big personal. Far century machine middle huge.,150,#edtech #knowledge,FALSE,18-08-2024,Android,de,907,82,26,0.0534
aef1822e-ca09-4630-856b-16bdf379673c,28ebcb26-d187-46dd-9f21-201bc53409c5,peggy08,Female,40,45857,4511,30-10-2022,FALSE,London,Memes,Plan sport themselves sea head draw girl factor Congress successful pass star up office soon forget move find manage must main source both soldier audience. Cold agent page good land mother.,190,#relatable #lol,TRUE,30-09-2024,iPhone,de,2310,186,148,0.0577
246dc02d-e131-4a3d-9829-5d2de0bf3c67,5a5d8024-8e49-4ebb-94a9-2470698bb8ec,wvaldez,Other,30,40212,6991,03-10-2017,FALSE,Antalya,Food,Expect see about throughout defense statement small expect other financial nation than. Down western job rest democratic tough same.,132,#instafood #homecooking #foodie,TRUE,22-04-2024,iPhone,en,1921,163,99,0.0543
a7627029-84f9-432d-b222-92f4da4d129b,c4254bb8-1be6-4ed7-a7ab-201d848eda13,perezcourtney,Female,39,20635,4811,06-12-2020,FALSE,Istanbul,Photography,Hour read challenge health establish standard shake remember dream foreign blue again still room laugh test. Response energy themselves.,136,#snapshot,FALSE,28-10-2024,Tablet,es,1035,149,80,0.0613
2883d3f1-c6df-4fad-8794-0efb3e6c3431,507d5605-8172-4c60-8c8f-1730d469cdfc,douglassusan,Male,38,23292,7915,29-12-2019,FALSE,Antalya,Technology,Customer simply six many strategy senior else baby government investment bag hour politics. Force end lose thought nice.,120,#innovation #tech #future,FALSE,22-08-2024,Android,tr,1172,106,107,0.0595
be186c83-b44e-4ed8-bc49-e150c4d9ec76,98e1c6d4-a0fc-43ec-a891-4204c991b228,grayjustin,Other,25,36303,6010,18-12-2019,FALSE,Istanbul,Art,Blood among lay energy pass development statement clear tell child. Pick participant ball once across senior attack.,116,#digitalart,FALSE,01-05-2024,Web,en,1783,214,118,0.0583
e85d5480-c277-4311-a55e-6fb14439aebf,8773580e-b514-4d94-b613-08b6d4e80750,georgetracy,Other,60,99094,3345,13-02-2017,FALSE,Paris,Pets,Road book like their town some set people ever avoid prevent imagine particular partner follow. Policy industry item speech role central.,137,#dogsoftwitter #petlover,FALSE,02-07-2024,Web,fr,4935,542,152,0.0568
19d3a088-bca6-4cf3-9037-ef85f431923c,c5dcd7fc-4c7d-49c2-9506-6c94ab199b76,stevenrivers,Other,24,19251,8403,02-05-2015,FALSE,Ankara,Travel,I enter cover behavior approach result guess west turn pick should politics compare player. Security mind drive another yeah for.,129,#explore #wanderlust #travelgram,FALSE,24-11-2024,iPhone,tr,934,102,76,0.0578
9c5fcd0e-963f-4b1e-b85d-f31397cadda0,d9ced67d-2d01-4674-bd27-1f0afb505db9,bradbennett,Female,40,9444,5831,02-12-2020,FALSE,Ankara,Technology,Allow test break environmental through once firm support. Role job camera allow study within figure.,100,#tech #future #gadgets,TRUE,12-12-2024,Web,de,420,57,34,0.0541
a529e25b-1e72-4346-8f4d-880cae8c9423,b70bc1a4-967c-405e-81c3-e74d71fd3cbe,moraleskimberly,Other,30,3197,7231,04-08-2015,FALSE,New York,Memes,Against character tonight garden customer unit evening. Daughter security include mind.,87,#lol #memeoftheday #relatable,FALSE,27-04-2024,iPhone,fr,159,22,2,0.0572
6c46af8f-d26f-45a6-8ec5-7c0fa549b622,2d9da202-c539-495a-9e8f-113accf7766d,markbates,Other,44,36248,4720,16-05-2021,FALSE,Antalya,Technology,Door would join player sort change father red door ahead. Main page final leg.,78,#tech #innovation #future,FALSE,16-08-2024,Tablet,de,1817,206,127,0.0593
c79cd97c-a6ec-4a77-b221-e3453ec2b74f,d4821bc9-3e16-4d16-a110-55047e337176,stephensjoseph,Male,34,48536,9407,18-06-2024,FALSE,Madrid,Photography,This week no easy board others feel fight wonder protect respond eight somebody since degree decision national win song. Huge score move civil hard.,148,#travelphotography #dslr,FALSE,19-01-2025,Web,es,2462,195,103,0.0569
44026c2b-7d4a-4cd0-a15f-f6f181f67ca9,c6b56e5b-5c53-4750-8c43-d12d8c0c4ceb,oliviameyers,Other,37,64680,8409,10-05-2021,FALSE,Antalya,Fitness,Attack administration third leader report office what concern no offer agency raise training language break she. Decision agreement cell beyond research.,153,#fitlife #healthylifestyle,TRUE,30-05-2024,Tablet,fr,3241,172,168,0.0554
140df590-22b7-401b-a623-aea90920e682,785300fe-9112-4878-9b20-adbeda955f3c,jonathan54,Male,23,32492,6627,03-09-2019,FALSE,London,Pets,Easy network seven inside fight test show exist wife. Address book protect surface investment write.,100,#adoptdontshop #catlife #dogsoftwitter,FALSE,30-10-2024,Web,fr,1617,195,157,0.0606
ef36ab12-22e3-48a1-a124-699f561ee243,4f28c27c-07ae-4eb0-9cee-d75c16d3a11a,opatel,Female,24,91453,7975,04-10-2021,FALSE,Madrid,Pets,Answer will operation somebody more report ball fact since customer. Officer reduce treat order.,96,#petlover #dogsoftwitter #adoptdontshop,FALSE,19-08-2024,Android,tr,4490,379,242,0.0559
38fa3971-d94f-41b8-8671-ecf9aecf4627,4ae33bc9-ffb3-476c-a1cb-449ec27b34a9,donna87,Female,44,16914,7708,11-12-2016,FALSE,Bursa,Books,Buy our time time let police director wide statement bag management. Measure deal language culture amount same also.,116,#bookworm #readmore #reading,FALSE,17-08-2024,iPhone,en,887,118,75,0.0639
69c9be25-8a2b-4b88-b10c-5a815f34b98e,2def2dfe-6bcf-4af8-922c-9cb38b715152,yarroyo,Male,24,43654,152,14-10-2020,FALSE,Istanbul,Food,Want cost baby PM send white successful hand whose discover billion whatever into huge type report evidence magazine different. Religious want really Republican nothing front.,175,#yum,TRUE,01-03-2025,iPhone,fr,2247,273,197,0.0622
f7508914-5475-43a9-8601-f73421ec278a,d6d2bb42-75f2-431a-bacf-3f80cba3ec9c,uwhitney,Male,18,62040,334,05-06-2021,FALSE,Antalya,Politics,Test important fire change house long natural brother hair modern thus usually later decade past south your sea big wonder community. Education want born relate success simple go protect.,187,#election2024 #worldnews #news,FALSE,11-09-2024,Tablet,tr,3195,360,114,0.0591
9b4253b4-f508-44b8-bf01-2594b0a803df,200eae17-9eb4-4005-8851-51817efaffdb,qfitzgerald,Male,20,60677,7617,16-06-2016,FALSE,Paris,Travel,Theory fund something front or theory assume opportunity attack. Minute enjoy hair most sister process.,103,#explore #vacationvibes #wanderlust #travelgram,FALSE,12-05-2024,Tablet,tr,3029,447,182,0.0603
747434c9-a53b-4980-bfa7-bc16918c969f,0ee1ab35-188c-4d72-820a-39ecf4ad66b5,christopherbean,Other,41,57017,6428,13-04-2015,FALSE,Istanbul,Finance,Nor edge blue although cause smile trade eat hold necessary five always bit. Step determine answer end tree respond.,116,#stockmarket #money #investing #crypto,FALSE,01-10-2024,iPhone,fr,2842,327,183,0.0588
611b13f9-03f0-4460-bd8a-bd7be97a39cc,f265d468-7fdd-43fe-8118-3520631b3082,nelsonebony,Female,19,3595,6545,24-06-2023,FALSE,Bursa,Photography,Then little ahead agency music artist not expect form author time them friend mother also. He response these sell course.,121,#travelphotography #photooftheday #dslr #snapshot,TRUE,08-11-2024,Android,en,172,16,13,0.0559
866dbeef-7223-46f9-bd80-fd6055473e33,79824822-c335-4b8b-8943-5ad2d8d85207,barrytanya,Female,51,5928,8060,18-01-2017,FALSE,Madrid,Music,Throughout girl list because should woman word too image idea whole attention assume sense new five parent good mind necessary three time north half manager run group. Through serious authority start.,200,#playlist #nowplaying,TRUE,24-08-2024,Tablet,es,309,43,12,0.0614
adef9d69-d98c-4e97-bf56-26ca081cff09,66077e82-14d4-43e6-aa21-15237cd706ec,hammondjeff,Other,25,66949,1997,27-12-2021,FALSE,London,Education,Sometimes note late court value open hour page but another would. Travel ahead send a military drive.,101,#learning #knowledge #edtech #students,FALSE,22-10-2024,Android,de,3360,238,206,0.0568
a7bca518-6043-4e23-b152-f53e4947ba66,335939b1-b9e4-4b73-bdf8-2b3633a56c92,rsheppard,Male,48,51072,4762,18-04-2023,FALSE,Istanbul,Politics,Interview always action church focus lay book above. Watch economy leg they safe edge grow.,91,#worldnews #election2024 #news,TRUE,14-03-2025,iPhone,fr,2510,209,198,0.0571
d8be22a4-1f4e-40db-98c2-eee963d7182b,cb7790c4-f8a8-4b74-b581-8f32714deeed,vsalas,Female,35,85129,4335,11-04-2016,FALSE,Madrid,Politics,Music process tell cup much then memory agree ok top everyone sing. Step which north or painting during.,104,#worldnews #politics #election2024,TRUE,09-08-2024,iPhone,es,4273,596,238,0.06
61ae876f-e8eb-4e5f-9365-0444da440db8,8621cb7d-deae-425b-aa73-e8f5c84289b3,kyle08,Female,36,19964,2629,19-01-2025,FALSE,Berlin,Books,Need seven fish think themselves well road sister hope something according peace likely war foreign address grow piece amount. Whose night find walk music serve serve.,167,#literature #readmore #bookworm #reading,FALSE,06-11-2024,Android,tr,1035,118,31,0.0593
6598bf3c-cbc8-4286-bd2a-d27e66e60fb2,e13bed1a-fd17-4100-be2f-265b72c8771e,richard25,Female,51,32583,5042,12-09-2024,FALSE,Ankara,Travel,So dog modern police between goal pretty consumer soldier voice society service democratic tend really include we region great ready. Boy receive company difficult positive teacher back.,186,#travelgram #wanderlust,FALSE,14-01-2025,iPhone,fr,1638,124,32,0.0551
7f95853e-c9e4-4797-984e-c93140dd1e84,0a2501f7-070a-4107-addf-d16a633124c0,moniquesmith,Female,17,22161,5957,03-01-2016,FALSE,Paris,Gaming,Political series shoulder economy money end. Away occur officer see spring.,75,#esports #twitch #gaming,TRUE,19-03-2025,Android,tr,1023,119,48,0.0537
1bdaff34-16f7-4002-b7f3-ade1b0925844,8078a253-dec5-45ae-9929-b04336c309bf,shellyhendrix,Female,51,32308,5580,18-02-2020,FALSE,Madrid,Gaming,Sense deep people statement industry phone conference practice all campaign now hand impact everyone and firm reach finally teach. Five into behind unit want method key.,169,#gaming,FALSE,04-07-2024,Android,tr,1520,196,86,0.0558
cc411389-5983-4dc2-a357-5089796cf2b7,89895f92-0121-43ff-861c-842cfb902dd9,josephhernandez,Other,44,5578,2161,26-05-2018,FALSE,Bursa,Fashion,Husband election effect history hair author pressure only political stop first food authority show growth care would. Letter face become recently citizen weight.,161,#style,FALSE,05-10-2024,Android,fr,283,17,27,0.0586
f26e4dd9-41c3-4a2c-9750-1ebb91d083d7,070be264-1a80-4722-bf93-7e265d59982f,smithmariah,Male,16,96219,641,21-04-2022,FALSE,New York,Music,Police drop news third cost store western national pretty actually through because hot. Enjoy into focus present seat allow.,124,#vibes #musiclover,TRUE,01-11-2024,Android,en,4700,524,338,0.0578
6b6407f8-34b7-4783-84f5-d2ad22854400,7c3cb37a-79b5-4ff5-af04-27d398931cb9,alexander66,Female,30,41508,4128,30-09-2020,FALSE,Berlin,Health,Position party case bank research particularly. Memory environment return anything.,83,#healthtips #fitlife,FALSE,27-08-2024,Tablet,fr,2119,262,180,0.0617
53d9d09c-6e94-4e16-b825-213e2671a71c,5ff2be96-4e16-43c2-a2b1-6dbf0e5a0f9f,ygarcia,Male,50,23068,1599,08-07-2020,FALSE,Izmir,Politics,Fast note quite capital first lay worker impact glass address his world report executive difficult enter. Debate step along figure bank.,136,#news #worldnews,TRUE,06-10-2024,iPhone,tr,1103,163,69,0.0579
83bb419c-1b54-48d8-855f-ca6006be8400,0bb2458f-aedd-4106-9508-2f3bd7b6c158,brendamason,Other,47,24096,6193,13-02-2024,FALSE,Madrid,Health,Activity section record wind up view push skin between how policy pull data third space exactly certainly those. From management choice scientist.,146,#wellness #mentalhealth #fitlife,FALSE,14-03-2025,iPhone,es,1263,161,58,0.0615
07101d07-b738-4b32-a8ff-7aee51b3282d,062b5c49-2968-4b52-91af-d7b51d4adc57,pbishop,Female,17,94796,956,08-11-2019,FALSE,Ankara,Gaming,Result sound participant training never easy back office sure star science mother. Establish popular offer sell your share each.,128,#twitch #gamerlife #esports,TRUE,19-06-2024,Web,de,4763,584,73,0.0572
6078e932-e49f-4d37-a6ac-35b189e928dd,b70bc1a4-967c-405e-81c3-e74d71fd3cbe,moraleskimberly,Other,30,3197,7231,04-08-2015,FALSE,New York,Health,Health experience yeah task enough describe arm prove place surface worker after support capital economy record. Small evidence reduce early.,141,#healthtips #fitlife,FALSE,06-01-2025,Web,fr,186,25,4,0.0673
346732e7-2563-4a53-b468-d7ce66e41e71,81c3aa0f-0d17-48ca-8e1e-10a2c9e2404c,yreyes,Male,53,75059,195,02-07-2022,FALSE,New York,Finance,Memory today wind ask street center director bag watch. Market bed front history indeed down design.,100,#crypto,FALSE,20-10-2024,Web,tr,3912,197,43,0.0553
89157fbf-0afd-4758-84ee-ad5d808490ed,2f7e2679-2e3b-4f32-b4fd-e7d58e1ca84f,stephanie67,Male,24,43948,3396,31-08-2021,FALSE,Berlin,Food,Painting treatment tend you issue song anything cultural series growth indicate able president page. Little outside however body both.,134,#yum #instafood #foodie,FALSE,10-05-2024,Web,tr,2176,125,68,0.0539
fec62ae4-5be4-484a-b81d-adba7af57324,21e09352-5562-456b-a76e-d7172bf7cfc9,cheryl54,Male,16,47718,2308,05-04-2022,FALSE,Ankara,Food,Seek garden several early building within interview plant radio last want discover actually. Draw school be eight almost seem red.,130,#homecooking,FALSE,28-01-2025,iPhone,fr,2429,244,202,0.0602
882dffca-ef2c-4144-a8f4-1140047cb59b,78bf2e61-e413-4070-a3e3-e7315729097e,thomas21,Other,38,74183,1624,31-03-2021,FALSE,London,Fitness,Story seem green when perhaps shake result to money stock help prove among low smile. Create physical little focus so.,118,#workout #healthylifestyle #gymtime,FALSE,28-06-2024,Tablet,tr,3784,242,145,0.0562
5ca637fc-bd39-4fcd-a0e5-100a86910a4b,1f7d1595-f7b0-4764-add0-f8b63d119e85,carterjames,Male,48,6653,9299,08-09-2021,FALSE,Berlin,Travel,Interview result pressure north which result hit cell far. Under major employee product form.,93,#explore #wanderlust #vacationvibes,FALSE,14-08-2024,Web,tr,340,30,6,0.0565
afac0d62-7104-41ab-bd35-536fec2f067f,c25ca7ff-198c-4afb-b779-f781f808c0dd,joseph02,Female,19,74272,223,21-05-2016,FALSE,Paris,Food,Near view begin identify choice race. Decide nor eight daughter.,64,#yum,FALSE,07-10-2024,iPhone,de,3708,390,338,0.0597
279c44b6-067e-4965-bcdc-84397691a054,6de550b6-5401-46c1-8676-539e26ab2dd9,sarah49,Male,52,72456,4466,14-12-2023,FALSE,Berlin,Pets,Need respond through miss others record home enough I writer often after protect challenge arm over record career. End rise leg poor paper.,139,#petlover #catlife #dogsoftwitter,TRUE,30-12-2024,Android,fr,3644,194,228,0.0561
d2de87cd-5e45-4c6f-9245-6c8f57558247,f5bcfc88-1737-4ead-9030-099d6a606563,qmarshall,Male,50,8122,2985,24-05-2021,FALSE,Antalya,Books,Around event level fight moment former clearly there civil theory data seat manager reach many network work reflect. Threat professor approach need fund house actually collection.,179,#readmore #bookworm #literature #reading,FALSE,11-03-2025,Tablet,de,382,36,34,0.0557
c41d749c-6ece-48f2-b82d-9c4456adc92c,069bc398-613b-4a9e-937b-ab9ddcda92b6,michaelclarke,Male,41,1587,9432,08-03-2017,FALSE,Ankara,Gaming,Media person keep sometimes continue heavy thing whatever thank us buy table evening large group probably yourself. Spring big wife measure action table.,153,#gamerlife #twitch #esports,FALSE,27-10-2024,Web,fr,95,10,7,0.0706
99e88353-93ae-45f2-8829-b7b784f8fa50,04a3621a-9a4d-40ef-af14-5f36dba8364f,crawfordbetty,Other,19,2467,1088,20-04-2024,FALSE,Bursa,Health,Center center fill education. Perform stay off clear.,53,#wellness #fitlife #healthtips #mentalhealth,FALSE,20-06-2024,Tablet,es,107,9,6,0.0495
b95c21ed-d69e-474e-8f5f-ccb820db66d4,895b5979-e9a5-4416-875e-e812af3d6430,farrelldebra,Other,27,66232,691,05-08-2024,FALSE,Madrid,Memes,On rather bag interest production purpose successful just economy movie plant tough themselves. Yourself war claim how.,119,#memeoftheday #funny,FALSE,03-05-2024,iPhone,en,3270,263,120,0.0552
3484bc76-b4e0-4f00-a6bf-d79d10912be7,d5fb8a8f-d457-4eb1-a1f1-270d8081c949,nealcarla,Female,26,87575,4957,22-05-2020,FALSE,Paris,Pets,Rock song seek structure population its war scientist anyone health. Left service region fine talk treat.,105,#petlover #dogsoftwitter,FALSE,08-04-2024,iPhone,de,4287,505,138,0.0563
9e0d3c62-a81c-45ee-8fd3-697a0c978f4e,545b7d23-06a7-4caf-aad1-4863c7a2e4e1,marymullins,Male,58,65531,7706,29-03-2022,FALSE,New York,Art,Keep information woman stop official apply want thousand star western by ever. Population some trouble visit morning point.,123,#creativity #artistsoninstagram #digitalart #artlife,FALSE,14-11-2024,Android,tr,3331,439,315,0.0623
28ad4ba0-a89f-408d-9f2a-603f2afc9cdb,f7e9c1ad-7f1b-4aba-a7ce-a1157a58334e,susanrogers,Female,50,95747,2095,17-10-2016,FALSE,Paris,Art,Improve clearly from fire despite result especially like center performance industry fine pattern without bar financial above serious. Half want they trip.,155,#creativity,TRUE,16-03-2025,iPhone,en,4685,541,295,0.0577
c852b511-e74e-4b77-980e-4cf6fcf51e8c,b4b871f9-35fc-46ff-bbc4-18d91af5c812,christina18,Other,30,48274,3640,31-01-2018,FALSE,Madrid,Travel,Space threat last prove because medical kid rather able physical best radio account decade yourself democratic region audience during. Should high nice third chair fear.,169,#travelgram #vacationvibes #explore,FALSE,08-05-2024,Android,fr,2429,302,184,0.0604
81f9411f-9758-44fa-b6d5-055b4576601a,b8034cdb-c618-4e97-8040-cc875d2a96c1,william47,Female,27,3874,8225,18-11-2015,FALSE,Paris,Food,Leader write power back red fight coach rate themselves interesting attack themselves city which rate phone than much article material. Others summer ten decision.,163,#yum #instafood #homecooking #foodie,TRUE,22-12-2024,Web,de,193,14,13,0.0568
a82c3d4a-e4fc-4246-aea9-e60e41fff219,a19095da-1d39-449f-8fe4-e6e15a6bd353,jjones,Female,42,93450,8647,04-05-2019,FALSE,Antalya,Fitness,Girl voice direction difference every sell. Drive hot responsibility.,69,#fitlife #healthylifestyle #workout,FALSE,31-07-2024,Android,fr,4705,551,219,0.0586
6305eac5-493a-454a-8489-a63c06c7ff3e,feae14b7-9199-4e9c-90d2-3a15d6338e3a,bennettpamela,Other,23,58883,7195,28-04-2016,FALSE,Paris,Fashion,Site crime notice possible south three yourself sound perform but card short blood power run. Source grow race institution.,123,#fashionista #lookbook #ootd,FALSE,22-01-2025,Web,tr,2897,212,79,0.0541
ba0ccbb4-690c-4df4-a395-21771d9d8847,a4499f1c-9ac1-437a-a22d-880fc060825f,alexwall,Male,20,11230,8315,11-12-2022,FALSE,Paris,Fitness,Open cell figure stop kind investment travel friend magazine ask option. Next result simply put like heart receive.,115,#gymtime #fitlife,FALSE,26-07-2024,Android,es,581,65,49,0.0619
ce496edf-f39a-4a21-9bf2-749f3fea7f55,6eeebbe4-fd44-4ae1-ad6b-6526495e7927,kristinclark,Other,50,36173,2098,24-07-2020,TRUE,London,Fashion,City style more decide often real pretty commercial another property professional recent law great animal challenge. Recognize stuff energy.,140,#style #lookbook #fashionista,FALSE,14-12-2024,Tablet,fr,1783,169,123,0.0574
c74bf84b-7107-48b8-a368-7a76e536336b,5ad40c24-93db-4dea-bd44-05f2b3218602,walkermorgan,Other,46,55858,5409,22-10-2016,FALSE,Ankara,Politics,Allow detail ready stock stand tend accept himself long also walk. Show Congress give those away that.,102,#politics #worldnews,TRUE,05-12-2024,Web,tr,2865,225,103,0.0572
b8cc97b5-5f7c-4561-820c-72ab5fa66c0a,2ad2931f-b11a-4a30-9057-4be2699b71c6,cynthia75,Female,52,11319,7605,01-06-2015,FALSE,Paris,Music,Either between few third fight Mr. Force should interesting stage eat require imagine.,86,#vibes #playlist,TRUE,22-07-2024,iPhone,en,557,50,11,0.0546
9eace291-e611-4e76-ab7f-f0a586e6be42,d2161724-c770-43bb-8abb-995fa9dff5de,wallerstacey,Female,32,93770,9600,09-11-2024,FALSE,Paris,Education,Go network cultural western sense bed be meet make price go. Program bed manager put house.,91,#knowledge,TRUE,07-03-2025,Tablet,tr,4546,506,341,0.0575
13c52f7d-f129-43ce-9c15-9ef43f45d967,07d68921-76ae-496d-8a50-c515c4014614,agoodwin,Other,54,69406,6466,30-04-2015,FALSE,London,Food,Ever cost great present over realize like teach top interesting per. Positive section within collection perhaps mother.,119,#homecooking,TRUE,15-11-2024,Android,es,3522,297,312,0.0595
4295554b-8b1d-4e10-96c3-d390e0defad1,e7b98bc7-494f-4483-b9cc-4524c04eec32,mhorn,Female,43,89891,2726,16-07-2018,FALSE,Bursa,Music,Then six four cover help raise create could crime tell show agent. Executive all sister view senior.,100,#musiclover #vibes #nowplaying,FALSE,07-11-2024,Tablet,de,4423,524,134,0.0565
ac300898-d494-47da-beb2-534e1e55f733,65058de2-b45e-4db9-9c6f-6b3aba831d79,gromero,Other,48,55672,2285,07-10-2021,FALSE,New York,Memes,Measure feeling sure follow eat especially arrive sit we. Seven federal six last.,81,#funny #memeoftheday #relatable #lol,TRUE,04-12-2024,Web,de,2804,165,63,0.0545
d2cd2a36-e769-42ad-a345-0230147930bd,b81bfa12-f58c-4508-bc27-f9b7883488db,mcclurechristopher,Female,16,54907,4911,26-02-2019,FALSE,Antalya,Photography,Forward never when point letter line they include process guess join. At wide less would call.,94,#dslr #snapshot,TRUE,28-11-2024,iPhone,de,2740,192,153,0.0562
cbc8c963-e6db-43ae-9d49-30aa10e47929,6fe2a91f-0089-467f-9728-6cac17599fde,smithcandice,Other,44,63709,9209,09-05-2024,FALSE,Madrid,Memes,Born here I both media to mind player former traditional either light. Certain network recently once western.,109,#funny,TRUE,08-06-2024,Android,en,3126,249,204,0.0562
2ad169d9-dd0a-49de-96e9-4b72902d93cf,5c1e86d5-8142-4d69-92a1-5556485f77e5,edwardrandolph,Female,42,38845,6678,16-08-2015,FALSE,Istanbul,Books,Structure energy quite able window whose break require however region provide. They college source agency huge trouble country.,127,#literature,FALSE,20-02-2025,Android,es,1937,255,59,0.0579
e5c55a0e-3dcf-4e37-92f1-a41dea3d458e,8d2f173a-a246-4e23-b5ef-192347d4010c,danieldonovan,Other,59,97882,7524,27-07-2018,FALSE,New York,Fashion,Check main argue report glass site financial service pressure stay reflect. See never world short professional activity north.,126,#ootd,FALSE,05-04-2024,iPhone,de,4841,639,161,0.0576
247d9930-f6ec-4b68-a5ec-7c1b14bb27b9,2c7de6df-9141-4cd1-afef-e168b0a5ba68,bfleming,Other,42,60477,9802,15-08-2020,FALSE,Paris,Fashion,Reality anything foot customer side adult single stand management owner mean message line central answer process. Again prove perform pay blue.,143,#style #lookbook #fashionista #ootd,FALSE,08-01-2025,iPhone,es,3079,251,120,0.057
48d8a214-1633-408a-a63f-de8edf63caf6,966e43ba-3620-4e84-949e-89ba446708f3,zroberts,Female,45,25338,1655,05-06-2022,FALSE,Paris,Memes,Blood think time rise look fall guy start. Single service decision mean concern leg first.,90,#relatable #funny,FALSE,26-07-2024,Android,es,1297,73,97,0.0579
14d12e1a-50e4-475c-99fe-29f7123c3019,06c61f65-37ec-4e4a-a50f-8aa4e7131ce4,kwang,Female,33,96977,9307,11-08-2021,FALSE,Izmir,Technology,Now officer sound ahead Mr decide direction central evidence only personal. Pull others page rock only he.,106,#future #gadgets #tech,TRUE,01-04-2024,Android,tr,4789,416,464,0.0585
e902a06b-22a5-41e6-b957-9baee7c9d5a3,9a2e61ef-fa82-4882-9316-c3799f7f5998,wmitchell,Male,29,45022,8886,02-11-2017,FALSE,Bursa,Education,Some next some former question threat save threat someone itself magazine wonder travel. Increase technology point yes true join.,129,#learning #knowledge #edtech #students,FALSE,18-11-2024,iPhone,fr,2309,116,195,0.0582
25508589-b4c9-4c82-b503-13c7ed183c3c,787984ab-7e80-4726-900e-5378f44b90cd,stacymoyer,Male,49,85774,4433,27-09-2019,FALSE,New York,Memes,Community ten clearly quality teach chance what anyone follow TV soon. Start arrive another answer activity story manage social.,128,#memeoftheday #funny #relatable #lol,TRUE,08-01-2025,Tablet,fr,4360,571,358,0.0617
6b34aef9-45cf-49b1-b8ed-90a35e293a6c,20bd22d6-15d0-48fb-b478-dc849b3d63d6,amy73,Male,20,12998,5952,10-12-2019,TRUE,Bursa,Pets,Official nearly realize experience identify real despite term man with many participant he. Involve wide be despite act.,120,#dogsoftwitter #petlover,TRUE,24-08-2024,Web,en,676,40,29,0.0573
19f34817-43ec-45e7-9ac9-0d68dbbb0962,fd36911f-5b46-4a00-a5fa-e7fd4a2335f3,traceycarr,Female,37,3904,6674,15-06-2016,FALSE,Madrid,Fashion,Foot high voice our next now imagine board party operation father bill few scene than address bed military class who hair. Total ask here look own true body condition.,167,#lookbook #fashionista,TRUE,22-10-2024,Web,tr,166,16,6,0.0482
b3ccb226-658f-4876-ba2d-38e382f65aea,865bd707-37ea-4aa4-9d17-0737ae97cd52,bevans,Male,52,39568,2072,07-05-2019,FALSE,Bursa,Finance,Pay newspaper blue physical hour create nearly either end management wear study citizen test small. Song police now recognize student.,134,#investing #stockmarket #money,TRUE,01-03-2025,Tablet,es,1983,193,35,0.0559
637aba06-8225-4282-a338-6ff12b0ecdb5,1c54d78f-3462-44ed-bf8c-538b482fc512,johnsonjustin,Female,22,43787,746,12-05-2018,FALSE,Antalya,Pets,Bed compare her third full lot another spring take Democrat see per child pick go marriage reflect pretty she ok hair team win glass author interview similar. Town per attack goal red herself.,192,#petlover,TRUE,12-11-2024,Web,de,2191,202,31,0.0554
1980f435-6516-47fe-8ae3-a166edaef1f2,7073d3f0-757e-4785-883a-4e2fcc84c97b,tracy20,Female,60,37289,7848,11-02-2021,FALSE,Bursa,Fashion,Suffer instead Democrat machine join instead five language open only. East share similar huge.,94,#style #ootd,FALSE,12-03-2025,iPhone,es,1862,220,184,0.0608
65af3004-b513-49b6-86e4-186ca0b1399a,895b5979-e9a5-4416-875e-e812af3d6430,farrelldebra,Other,27,66232,691,05-08-2024,FALSE,Madrid,Fitness,Together think able company feel you size thing. Dream company ever draw accept you pick group.,95,#fitlife #gymtime #healthylifestyle #workout,FALSE,25-01-2025,iPhone,fr,3339,496,111,0.0596
cb7af509-ad1a-4222-b201-6eddafae77e5,dd8806cc-07bb-4ee7-be8b-d0767ff9d8f0,gibbsamanda,Other,17,81823,9081,20-02-2024,FALSE,Bursa,Books,Require will majority course method eat high human rule total school boy. Single star protect that ahead maintain strategy.,123,#readmore #reading #bookworm #literature,FALSE,10-08-2024,Web,en,4049,241,181,0.0546
fc30e267-103a-487b-a5a6-92c8fac9209b,cb26203f-156a-40f7-b2b0-dc8d51d0040d,olivia30,Other,56,4174,8887,02-12-2022,TRUE,Ankara,Technology,You hold mind sister add economic force teach fly loss. Alone stuff point soldier career what.,94,#tech #innovation,TRUE,23-09-2024,Android,tr,198,15,8,0.0529
068b5726-e24e-4fe0-9c46-ce318b78122b,d2ff9bdc-9661-4eb4-a6cc-16399d7dc03e,michaelfigueroa,Female,23,80303,663,05-04-2024,FALSE,Ankara,Photography,Short a standard fact think real. It film difficult.,52,#snapshot #travelphotography #dslr,TRUE,12-07-2024,Android,de,4160,403,246,0.0599
746be934-22cb-4da8-9ee3-2ed44ffc3a95,7285983e-6e81-467f-8f2c-7a1b27faf5c3,beaton,Male,25,15620,4868,18-07-2016,FALSE,Madrid,Gaming,Reach table energy stay affect put. Letter past wrong size add wrong.,69,#twitch #gamerlife #gaming,FALSE,19-05-2024,iPhone,es,732,79,39,0.0544
25b7d624-7dd5-4016-a043-00cfe7a72da7,9aa32575-27c4-420a-8ba6-8453903ebbf2,mjones,Male,49,23607,802,15-05-2023,FALSE,Ankara,Gaming,Customer expert find security defense hotel wear. Away finish morning today onto dinner.,88,#twitch #gamerlife #esports #gaming,FALSE,26-07-2024,iPhone,en,1124,75,84,0.0543
a7ec09f6-97cc-4400-92f4-c081fff903a6,6bdf9209-3022-4cdf-8f44-a02a6bd1a7e8,michael88,Female,60,56222,7815,02-05-2023,FALSE,Izmir,Education,Item certain car report cell group even go produce several event should industry major walk drop treat dinner light staff between item actually. Can thank mean common either letter.,181,#knowledge #students #learning,TRUE,01-08-2024,Android,tr,2874,225,230,0.0592
0729da03-ffde-4426-91be-dcef30fa4e7f,457a21e5-d0b2-4bc9-81be-25eb9f202d19,cquinn,Male,53,3582,1798,28-10-2021,FALSE,Paris,Fitness,Weight development traditional many respond participant into professional value difficult wear game feel interview. Cut form century man idea.,142,#healthylifestyle,TRUE,22-03-2024,Android,fr,186,26,13,0.0628
3793948a-83e7-41f5-94d2-9585085aaecd,fcc9e5fa-7b7a-432c-b715-834800a751b7,matthew77,Other,47,54979,6003,04-12-2019,FALSE,Istanbul,Finance,View two father expect result current any from happy future education floor everybody. Fish create everyone father poor authority change.,137,#crypto #stockmarket #money,TRUE,18-01-2025,Web,de,2704,159,240,0.0564
f1aece3d-a6e7-4d5e-9ea3-453dc9beb901,a7ea693d-36a2-4dda-b0ab-f579809637ee,jdawson,Male,57,16496,4383,23-05-2017,FALSE,Berlin,Fitness,Camera statement commercial source performance population help help. Then majority color not forward project.,109,#fitlife #workout #healthylifestyle,TRUE,14-09-2024,Android,es,771,44,22,0.0507
70bee7cd-9eab-416d-a576-8f8201059003,409ae25d-a7fb-4836-a023-b6616becb60b,wellszachary,Male,52,26380,7049,15-12-2021,FALSE,Ankara,Fashion,Talk class section oil growth technology test leg draw think peace. Agency happy already kid address people test.,113,#fashionista,FALSE,09-08-2024,Android,de,1321,92,47,0.0553
2e5448d5-96f0-4f53-bc5f-7b928260157d,9fc37989-d478-4620-a853-054de1e7ebf3,samantha44,Female,17,59049,2154,15-06-2017,FALSE,Izmir,Politics,Discussion discover share of everyone outside me school. Better offer when.,75,#politics #news #worldnews,FALSE,21-05-2024,Tablet,en,2978,409,217,0.061
66ec5582-21f0-453a-be1d-995b93516a80,42f6f98d-7772-45c8-8f39-bc54e8f2a6cb,tkelly,Male,22,30562,5892,04-10-2024,FALSE,Istanbul,Pets,Movie never reveal here low when TV east fly concern fly visit. Area oil available wish.,88,#catlife #petlover #dogsoftwitter #adoptdontshop,FALSE,20-02-2025,Web,es,1526,160,27,0.056
b0732eaa-a386-4237-abc7-384ffe09bb1e,ea6ceaaf-6315-484c-82ba-0dd5afd1fc9e,johnsonjames,Female,25,53390,6413,04-07-2015,FALSE,Madrid,Finance,Strong analysis official either least establish pay board mouth beat store. Week newspaper ability might challenge discussion western.,134,#money #crypto,TRUE,06-03-2025,Web,es,2659,137,49,0.0533
85a7f45a-11ed-41f8-a995-e507a686e88d,37bef2d1-a44e-4fde-8913-858549c85ee4,aaroncox,Male,45,52286,9375,11-04-2023,FALSE,Izmir,Art,Wish bad either serve American hand but accept their everything like power chair painting just. Long way through fire science.,126,#creativity #artistsoninstagram #digitalart,TRUE,21-10-2024,iPhone,fr,2634,347,257,0.0619
746a43d7-032c-48ef-8408-ad1c2512ffec,3451c028-696f-4cbe-8840-c939c1ae6fa2,amy28,Male,35,15282,771,25-03-2018,FALSE,London,Fitness,Those article discover land inside nor image former next speech teacher staff believe wonder arrive say state environment approach series. Attention but door recently.,167,#workout #gymtime,FALSE,07-07-2024,iPhone,de,746,50,22,0.0535
2ef24820-2f3e-4630-ac8a-d1cc392d9cfb,37a035f0-a011-4425-bc0f-2f90fad46a4e,colemanjohn,Other,30,18158,8460,03-07-2021,FALSE,Antalya,Memes,What wish section PM medical green again instead hundred perhaps listen card billion show color seven staff. Chance course some pick traditional.,145,#relatable,TRUE,16-05-2024,Web,tr,917,107,17,0.0573
336b97b2-1b0f-43bf-b637-8832098a5180,62404ff4-7c72-459b-9d93-b73869da7e15,harveyrobert,Female,24,564,4341,31-10-2024,FALSE,Madrid,Gaming,Expect bag discover respond word couple. Civil production voice sign.,69,#twitch #gamerlife,TRUE,11-12-2024,Tablet,fr,36,3,1,0.0709
a63564d2-ee40-4cac-98a7-2639e627c423,847b5711-4186-4fea-aee9-985b1319479c,jacob09,Other,39,86998,1817,08-02-2024,TRUE,Paris,Memes,Foreign per throughout must herself account place memory. Fast world own seven.,79,#lol #funny,FALSE,30-03-2024,Web,es,4432,604,78,0.0588
f4189712-036b-4cb8-9b60-6707ca9d2e31,045c6236-9da0-438c-a3e7-9201a5dc0c83,scotttonya,Male,21,9913,9469,21-08-2015,FALSE,Berlin,Art,Hold they room tend fact require notice especially future generation experience party other music in paper offer. Energy make administration note.,146,#artistsoninstagram #digitalart #creativity #artlife,FALSE,05-03-2025,Android,es,502,56,25,0.0588
fbbeffcc-10f5-43ea-8828-1dd264f8aa1e,43f3bbfc-5bdc-4a9a-983b-77b879e411e1,tara02,Female,37,32254,4748,23-03-2021,FALSE,Ankara,Fitness,Read book buy heavy serious top everybody us crime forward. Should yes its look.,80,#healthylifestyle #gymtime #workout,TRUE,29-03-2024,Tablet,fr,1564,104,21,0.0524
c870638d-b922-449d-b52e-8ab741845bfd,710b6299-2f37-4304-9e7a-3628c2e21a96,thomas35,Male,24,72356,224,08-07-2017,FALSE,Istanbul,Politics,Democratic special bed better amount focus how father where two pay else already tend more thought billion school bank director former treatment. Positive door none.,165,#politics #worldnews #news,TRUE,12-08-2024,Tablet,es,3663,374,139,0.0577
a29fbbc9-636b-4078-9cfe-6dcc5071d752,7910bb51-e9b7-4cce-86b9-9cdc053116f0,johnsonjoshua,Male,17,83910,4556,05-01-2019,FALSE,Izmir,Fitness,Huge southern sign to ok traditional person feel tough thus kind across yeah. Week return line political white.,111,#workout #fitlife,FALSE,07-08-2024,Android,fr,4167,415,252,0.0576
40f7d9db-0b8f-426e-94f9-bc7dd22a5c5e,ced64bb6-8074-455a-badb-fc2849d8e13c,fuentesashley,Male,54,23356,4404,29-02-2020,FALSE,Ankara,Photography,Central rock range special just phone hand growth. Front across record style choose over.,89,#photooftheday #dslr #travelphotography #snapshot,FALSE,14-12-2024,iPhone,fr,1138,156,37,0.057
425644f7-7309-4cb1-907b-868e7ab7d20e,aec1753c-9cc8-4cdc-ac71-0d99c2ac065b,reedgabriel,Male,47,64386,1759,11-02-2020,FALSE,Madrid,Technology,Difference according edge Mrs book. Parent enter me.,52,#tech #future,FALSE,16-10-2024,Web,en,3248,456,166,0.0601
64377e8d-aa81-43ab-b8d8-121ef49dbffc,21987668-6202-4c03-a9cb-165d6d694d67,pkent,Other,30,51836,2366,25-07-2023,FALSE,Ankara,Memes,Instead above fast together teacher reach others spend age magazine get fast even might everyone. Camera too position beautiful door open government record.,156,#lol #memeoftheday,FALSE,02-12-2024,Tablet,en,2556,270,127,0.057
f364c2be-9acf-44b7-bb06-14d332df62d4,0ebaf3ab-a19a-4ff9-a86a-890de4414435,kirkkimberly,Other,59,97376,8765,13-05-2021,FALSE,London,Food,Space blood there religious third agree could argue bag. Management car field dream.,84,#homecooking #yum #instafood,FALSE,02-04-2024,iPhone,de,4835,652,259,0.059
777200de-bdd2-4cae-94d1-005971def637,a0f326ca-0aa0-424e-8707-f5d1e98f58ee,jennifer50,Other,52,97568,3719,04-08-2015,FALSE,Berlin,Technology,Water usually talk often number than moment serious general soon raise plan show people agree market relationship speak because cold recent. Box myself scientist dinner success.,177,#tech,TRUE,29-01-2025,iPhone,de,4869,256,414,0.0568
6d923797-95c0-460a-887d-2dd7925e95fa,bf526f03-6643-4603-8ef6-49e6dc8d24fa,catherinethompson,Other,39,26273,2605,18-11-2015,FALSE,Ankara,Gaming,Fast pass maintain whole laugh rock occur it ok result inside few rise organization cover book market easy window impact could expert any another. Face number movement agree pay media.,184,#gamerlife,FALSE,09-12-2024,iPhone,es,1297,186,40,0.058
0449012f-239c-4c1a-95bf-c5df2b1bede6,e9b99a91-962e-4ee2-8930-464b65b4f1ba,ashleyshaw,Male,51,44223,4452,08-09-2023,FALSE,Berlin,Fitness,Prove strategy present region including go it newspaper growth husband option Democrat environment purpose guess leg. Century short work manager.,145,#workout #fitlife,FALSE,03-07-2024,Android,en,2188,132,173,0.0564
f3082cc8-8140-496b-abb3-e1694d7c6e4b,5134a84b-dc94-44c9-a4a2-84b21c4f2312,monicaduncan,Other,19,69449,6001,22-10-2016,FALSE,Ankara,Art,Edge stage director raise land another note. Prove result indeed trouble bank stuff.,84,#creativity,FALSE,09-12-2024,iPhone,fr,3494,290,77,0.0556
23b88143-66d1-47e7-83df-ff9c7fab7db6,ce178302-ae7b-4bb2-a743-c4b92cee60fb,gonzalezjustin,Male,19,20352,8955,10-12-2018,FALSE,New York,Music,System myself fall head include include north without front something religious purpose final bag treat off morning try travel. Nor spend benefit officer.,154,#nowplaying,FALSE,23-10-2024,Android,de,1050,98,44,0.0586
9fed5bf5-031d-4a9f-87c7-72a668977555,a68a5bd4-dcb7-4635-974c-f0dba3620fd9,robert84,Female,25,7808,3500,21-07-2020,FALSE,Bursa,Gaming,Herself hot base soldier establish these everyone best rich Mr by although lawyer. Down red seven child laugh a.,112,#esports,TRUE,01-01-2025,Tablet,es,406,40,12,0.0587
ab10b802-edca-45fc-ac9c-1bd96084cf53,7721000b-de22-441a-853c-6da108ee397a,schmittcaroline,Other,58,12349,6987,14-03-2021,FALSE,Istanbul,Photography,Product rise dog next own explain shake medical another positive become although project wear official miss read sing exactly another new night contain get hundred day establish. One expert support.,198,#dslr #travelphotography #photooftheday #snapshot,FALSE,16-11-2024,Android,de,611,52,20,0.0553
1271504e-5408-4466-b77f-b567994f6f98,33a119c5-83aa-4c22-946c-b13a1c3bced2,cassie99,Other,25,82423,6795,19-12-2021,FALSE,Madrid,Food,Spring year whether might series us forget speak one table ever thus. Amount effort sign national article including price.,122,#yum #homecooking #instafood,TRUE,17-11-2024,Android,es,4048,365,237,0.0564
aea73cc9-03df-49d3-853d-615d14a9370d,2809b19e-5073-4c22-a3f6-753810a14504,crivers,Male,49,72246,2454,22-07-2019,FALSE,Istanbul,Pets,Miss save action company leg into land determine perform defense son forward against ground sport night place from cause prevent live. Exist big total window generation.,169,#dogsoftwitter #petlover #catlife #adoptdontshop,TRUE,06-04-2024,Android,tr,3677,515,208,0.0609
66c903fd-06b0-48df-bce9-f65a877f7888,66e19202-0c42-4c8c-9142-519180cc74ba,kaylawright,Male,53,30513,214,23-03-2023,FALSE,New York,Memes,Attack team history culture factor blue ready beautiful least these world before toward. Work sea night instead visit but.,122,#lol #funny #memeoftheday,TRUE,29-05-2024,Android,fr,1502,94,41,0.0536
6fe38ec3-7f65-48fe-9179-66f63b423eac,971615ff-62a5-4272-9c05-724e5d7154ec,candice96,Male,19,16019,3691,27-02-2017,FALSE,Paris,Music,Focus time throughout wait sign prepare across career score wait budget south before. Can organization news blood professional behavior.,136,#vibes #musiclover #playlist #nowplaying,TRUE,20-09-2024,Web,es,811,114,56,0.0612
4d41b184-9f76-4ad0-9394-35e535131a72,fd49c373-193e-4158-a132-97933ee43b0c,perezstephen,Other,53,30177,4213,08-02-2017,FALSE,Istanbul,Art,Media the allow none nothing laugh citizen every water quality explain toward increase you least plant rich. Read ask box entire clear.,135,#digitalart #artlife #artistsoninstagram #creativity,TRUE,14-07-2024,iPhone,de,1559,128,99,0.0592
20c75b89-3740-4faa-ac68-f5a35b025b0f,db10d9ac-e90f-4b21-ae24-3691582eac89,regina78,Female,50,37660,5278,30-01-2019,FALSE,Ankara,Food,Myself idea bit success involve cultural with story knowledge tax follow. Civil exactly just.,93,#instafood #foodie,TRUE,20-03-2025,Tablet,de,1912,138,187,0.0594
e4187737-b1d9-456c-a49d-b0ed07e8e0ef,b8f3f10c-66e8-4e22-85c3-6744f4ca5864,tonyaholmes,Other,53,88815,6344,22-12-2023,FALSE,Madrid,Education,Be despite today my family need place wall management skill economy necessary employee involve American radio. Reach of purpose can evening.,140,#edtech #learning,TRUE,15-06-2024,Android,es,4363,514,152,0.0566
5345b725-e009-4e68-b268-24aee98ad806,c19cc364-4760-4438-9282-deff53dbfc97,christopher27,Other,16,45314,3206,09-08-2019,FALSE,Paris,Food,President raise shoulder travel life traditional answer despite what. Movement power force continue who.,104,#foodie #homecooking #yum #instafood,TRUE,26-02-2025,Web,es,2198,250,168,0.0577
dea2497b-2be6-4dff-9aec-84b84aff9217,e370abbc-c7b6-4c94-92b7-667151154732,hawkinsbrett,Female,18,25580,225,19-03-2019,FALSE,Izmir,Education,New article someone seven couple behavior information often president number month term pull morning close. Evening off me hundred.,131,#students #knowledge,FALSE,17-09-2024,Web,en,1313,180,26,0.0594
a2627d91-ec38-43aa-807d-661734f3e080,f265d468-7fdd-43fe-8118-3520631b3082,nelsonebony,Female,19,3595,6545,24-06-2023,FALSE,Bursa,Music,Friend prepare eight land research both year window hospital resource without help community consider apply. Can water drive line guy state.,140,#vibes #playlist #nowplaying,TRUE,03-01-2025,Tablet,tr,187,19,17,0.062
9e99bff9-0aa8-478c-8220-15b98471c864,918e37ec-b228-42cd-82b2-f51397bd73b1,greenwilliam,Male,58,44011,6214,16-01-2024,FALSE,Antalya,Art,Herself truth last close less throw eight. Class white threat painting yourself.,80,#digitalart #creativity,TRUE,08-12-2024,Tablet,es,2213,275,102,0.0588
25305ac4-413d-4848-acc7-d65b18ad3e30,46baaf02-4a5b-4feb-b825-fdbcd6299e2b,shelbybonilla,Other,50,33490,3369,10-07-2023,FALSE,Izmir,Memes,Between phone from six week may marriage even somebody process small raise news enter consumer shoulder early employee if. Hundred yard more reveal.,148,#relatable,FALSE,03-12-2024,Tablet,es,1740,142,140,0.0604
879384d2-5b17-4456-99e4-400c824ea8ef,5a9e12fe-34bf-45bc-8044-82d2979af755,davidgrant,Female,42,66866,6397,05-03-2019,FALSE,Paris,Photography,Check opportunity some room list evening paper action pressure like notice score decade gas bag listen international only so over fly quite air night discuss. Exactly across economic thought whose its.,201,#photooftheday #snapshot #travelphotography #dslr,FALSE,14-10-2024,Android,fr,3301,199,114,0.054
2e3038a4-b406-4116-898c-064405599939,ab14ca9e-705c-47fd-94e0-12d680148162,smithmichelle,Female,41,47459,1498,11-02-2016,FALSE,Istanbul,Gaming,Heavy consumer back some phone forward reveal accept improve. Above simply art pressure should vote executive.,110,#esports,FALSE,04-04-2024,Android,de,2305,170,164,0.0556
b0d85a51-bc75-497f-970f-4a1fcc540325,d5e711ba-8a59-4518-a01c-88aca1c7c40e,seanbarajas,Other,56,20887,174,26-07-2021,FALSE,Antalya,Memes,Daughter five bed help arm significant center who whole pressure particularly environmental instead themselves ground out. Federal hour instead lot sign technology give.,169,#relatable #funny #lol,FALSE,05-07-2024,Android,tr,1051,157,46,0.06
bcac5a60-771d-4449-a2e7-33e0d4d37a0d,fed2b40d-f3a0-4900-b218-54e5b5ff5376,medinatiffany,Male,60,56647,2785,10-01-2017,FALSE,Izmir,Food,Available possible after issue end firm card star because bed article blue off itself enter let whom. Successful this they.,123,#yum,FALSE,07-11-2024,Android,de,2879,213,185,0.0578
7f313533-7228-4e5c-b78f-9b99c7e3e5d8,dbc3f651-74ec-475e-a7d6-591c4b581c9f,wallspatricia,Other,38,29623,7119,10-07-2023,FALSE,Bursa,Fashion,Go town soon word staff bar perform husband mother evening deep like. Right food agreement area group top.,106,#lookbook #ootd #style,TRUE,30-05-2024,Web,de,1484,185,106,0.0599
6e834217-d271-4148-82f6-665914b146fc,9e40bd76-25be-4831-a963-144984c2744a,princekimberly,Male,37,37807,1873,23-07-2022,FALSE,Madrid,Photography,Know out trouble tend follow story effect election explain data. Final second ready.,84,#snapshot #travelphotography,TRUE,21-04-2024,Web,de,1822,194,167,0.0577
fb5ea910-3c62-4764-8927-c2f4b32b8843,edff6dff-d0b4-425a-babc-acd6b25844a2,rogernelson,Other,51,75734,5466,29-11-2018,FALSE,Berlin,Travel,Citizen ground serious send call card computer bad red provide develop blue production blue live lot. Understand possible class leg above ten century.,150,#travelgram #wanderlust #explore,TRUE,29-09-2024,Android,es,3709,410,184,0.0568
0207041e-36b1-490a-9a63-88f375a969ee,6ce4f237-d308-4c37-a09e-d7f87c7bd98b,hernandezreginald,Male,56,774,6797,08-02-2018,FALSE,London,Politics,Here so beyond growth morning policy score fill crime piece time central. Political foreign voice drive former.,111,#worldnews #news #politics,FALSE,10-09-2024,Android,de,29,3,2,0.0439
e7af30f0-0fc4-491b-b9dc-07ec26b27374,62079181-0136-4e40-bc0c-1ca967a19ae6,sandraschultz,Female,22,51468,3652,02-08-2023,FALSE,Antalya,Politics,Compare provide thank will religious professional treatment south walk early color. Young behind fight mouth cost.,114,#politics #election2024 #worldnews #news,TRUE,18-08-2024,iPhone,en,2586,185,195,0.0576
e23592d7-23a1-4503-90ea-d33ff454df63,e15aa0b4-2839-4759-8388-ee3bf25e5116,tina34,Other,18,99780,7501,01-02-2019,FALSE,Antalya,Memes,Sing center business recent style good threat wall. Ability can as popular toward.,82,#relatable #funny #memeoftheday,FALSE,02-08-2024,iPhone,de,4966,633,319,0.0593
3384028b-10ae-4701-b06e-600dddb59ff7,5478931f-b3fe-4457-b5a0-a5cdbb589968,lhall,Female,52,81827,6387,29-11-2022,FALSE,New York,Books,Section nothing strategy finish painting method Mr word campaign goal possible to quickly when effort maybe however structure. Movement choose however director kitchen.,168,#reading #readmore,FALSE,10-02-2025,iPhone,de,4055,607,282,0.0604
0dfcc371-5e2d-4e05-8a8c-e1eaa7f8b006,59556750-7443-4f80-9f65-fbd16fc41831,mjohnson,Other,21,10422,3844,25-05-2016,FALSE,Izmir,Travel,Personal gas worker none available probably per science. Guy bring article blood.,81,#travelgram #wanderlust,FALSE,19-09-2024,iPhone,tr,536,28,39,0.0579
1f4d81b6-0c50-4eec-be3c-51f0228e8752,46502bd4-a626-47c1-a0a9-987d1ce5bf20,gibsonemily,Other,56,18695,552,05-09-2019,FALSE,New York,Fitness,Field agency both nice bill red accept do box capital. Less prevent serve need.,79,#healthylifestyle #gymtime #fitlife,TRUE,29-12-2024,iPhone,es,897,116,51,0.0569
c1ff0bb4-1ab3-4ffc-97e0-779230418ae6,508c5e94-1e9f-44b8-a9cb-f483d226df0b,hollycastro,Male,55,28469,2450,05-11-2017,FALSE,Madrid,Photography,Age east first recent then visit through should kitchen. Who both stage everybody response.,91,#snapshot,FALSE,14-05-2024,Android,fr,1521,219,32,0.0622
76740cc1-c19e-477b-b0a9-7804c81653f8,028271fb-9540-4b6a-9d6a-384973b0fe48,pmckenzie,Other,58,24741,4027,16-07-2024,FALSE,Antalya,Photography,Thought well in financial company certain. Money body change cultural difficult never improve night.,100,#travelphotography #dslr,FALSE,12-06-2024,Tablet,en,1230,168,75,0.0595
a51ffcc2-bc45-436d-9340-8f4104733d0d,b6317f1f-4a51-4753-b0ba-83a1e978bdad,eguzman,Other,38,76691,1884,12-06-2022,FALSE,Izmir,Education,Quality case hard other plant admit wish a speak establish middle seat improve sell ok garden street hotel. Must while always always remain best.,145,#students #learning #knowledge,TRUE,01-12-2024,Web,de,3815,434,169,0.0576
3a39451d-f40e-4f43-9ea6-aa08b4b9fe4b,aaea85df-4d90-4081-8def-e76db192afb0,bwilliams,Other,43,39220,1024,01-11-2022,FALSE,Paris,Finance,Challenge present process own benefit thus role social enough someone boy feel available step. Successful sense word agency through whom.,137,#crypto #stockmarket #money #investing,TRUE,28-07-2024,Android,de,1916,266,20,0.0561
426b73f5-a4d7-4ca5-b1b2-7526a7ece5fc,65549c9b-4a94-48e6-93db-2024acc0b7c3,kevin22,Male,16,80435,2621,25-08-2022,FALSE,Madrid,Books,Something sister wife explain challenge possible lay more without view section data space the. Agreement building check finally.,128,#literature #bookworm #readmore,TRUE,30-12-2024,Web,tr,4013,291,230,0.0564
7f5627f3-cdd6-4354-8198-067bf6cae55a,aaea85df-4d90-4081-8def-e76db192afb0,bwilliams,Other,43,39220,1024,01-11-2022,FALSE,Paris,Education,Drive all few garden market. Himself marriage finally not available.,68,#learning #edtech #students #knowledge,FALSE,21-11-2024,Android,en,1958,117,56,0.0543
bb4bfc47-a6dc-4d38-8989-12bcadaa191b,5094fd8a-7539-4c36-8bc9-382a6ee9e0aa,christophersmith,Female,29,87671,9781,30-03-2022,FALSE,Istanbul,Photography,Someone because three field call test magazine hard something ready charge realize Republican and feeling reach major state. Eight agreement support also like season whatever.,175,#photooftheday #dslr #travelphotography,TRUE,26-03-2024,Android,fr,4357,234,333,0.0562
5ad41c02-b727-488e-91f2-b15c247e4f3e,1279e686-bdf3-457d-9e0a-8a2f72284bd2,benjamin96,Female,31,64899,2467,05-02-2021,FALSE,Istanbul,Travel,Among plan already your store college hand chance. Generation environment various skin voice more push actually.,112,#explore,TRUE,14-01-2025,Tablet,es,3255,390,59,0.0571
499a0588-c00c-468c-a3a5-d2fe4f5e82ec,a84c079d-ae2b-4469-a67b-88824da69b9c,sylvia33,Other,18,20384,5381,02-11-2022,FALSE,Ankara,Politics,Artist brother tough reduce indeed party teacher film art again support red card second appear research important last low. Right career data time than.,152,#election2024 #news #politics,FALSE,22-09-2024,Web,fr,1033,107,84,0.06
13c54887-d9a6-4e9e-b1fc-a808c40cd459,ff070468-de58-4070-9094-4d46cacb7067,andrew41,Male,33,66608,9115,13-02-2018,FALSE,New York,Politics,Worker office require back structure her must degree spend theory TV. Arm least radio vote five alone.,102,#election2024 #worldnews #politics,FALSE,15-11-2024,Tablet,en,3228,185,155,0.0536
5c77d113-bc07-4c0b-86bc-df77123343a6,44bd1aa2-48cc-4477-a87c-cb220f5df4d6,ashley09,Other,21,13377,6702,19-11-2019,FALSE,Madrid,Education,Throughout shoulder his animal old news side wind sport very international fund laugh teach end sister lay experience suggest media back fall lead. Whatever might write together about difficult white point.,206,#students #edtech,TRUE,10-07-2024,Android,de,653,72,29,0.0564
33acc549-5586-451c-aaf6-d55feac1d9c5,cce7207f-f466-4f5c-9397-4197356bda22,dillon79,Male,16,5969,3082,22-08-2019,FALSE,Istanbul,Pets,Admit rule skill within eat next involve check itself executive into during environmental either. Around where executive fire serve project night.,146,#petlover #dogsoftwitter #catlife,TRUE,05-02-2025,iPhone,fr,304,17,18,0.0568
72f232b6-c200-47bb-83fb-98dcf6c70ccf,560bb8ad-8067-498a-987a-afcf2ff90391,hortonroger,Other,20,46329,856,20-02-2016,FALSE,Berlin,Politics,Record seven eye here ground and suggest agency sort resource reality order under low. Congress question radio get fire people.,127,#news,TRUE,29-11-2024,Android,de,2329,243,85,0.0574
2423692b-54cf-45bf-b238-d4cf70821c60,00137598-1910-45a0-bb9d-65cea0864795,rogerssarah,Male,16,54157,9499,09-08-2019,FALSE,Ankara,Technology,Compare later anything yeah business not but become know. Mean skin friend food pay knowledge.,94,#gadgets,TRUE,20-01-2025,iPhone,en,2740,358,169,0.0603
0879fc0f-adb4-411d-895e-0c00e9e566d8,1f7a9676-e583-43ab-9373-07a4f4b56362,qgiles,Other,37,86012,5575,23-09-2015,FALSE,Izmir,Travel,Keep standard back apply your professional democratic parent practice the. Add available hour officer lay manage seek.,118,#vacationvibes #travelgram,FALSE,28-05-2024,Web,en,4284,384,213,0.0567
5037bb61-28d0-4452-a388-bc064ea907d9,561ab953-4252-4648-bedc-00571a20a2ea,dnielsen,Male,26,47950,541,24-06-2019,FALSE,Antalya,Politics,Yeah east company almost nothing strategy fund away top night focus institution stop ago sure go board. Much truth happy near.,126,#election2024 #worldnews,TRUE,15-04-2024,iPhone,en,2355,259,28,0.0551
85edd38d-7e84-4ae8-b037-b096c7ff9b83,06d413f4-5727-4b10-94ae-ff0c497ae0d2,clarkgina,Female,46,27334,8656,26-03-2021,FALSE,Ankara,Books,Financial thought know so speech sometimes upon rather from. Social professional professor least.,97,#reading #readmore,FALSE,03-06-2024,iPhone,tr,1374,100,133,0.0588
8a95c490-e320-48f0-b291-a47d257d7174,a06e7e06-745c-4bf9-a28d-6fe6ad3274be,champton,Other,52,52010,527,20-07-2016,FALSE,Bursa,Pets,Child college job final culture coach. Individual increase western list or protect.,83,#catlife #petlover #adoptdontshop #dogsoftwitter,FALSE,03-01-2025,Tablet,de,2481,224,90,0.0537
b8a6c9d5-8c30-46d3-a96f-e7feb0e980fc,86e3fa74-176a-4a6a-be52-412dba71248f,housesamuel,Other,60,22438,1515,29-12-2022,FALSE,Istanbul,Politics,Democrat affect because decade field society either day. Series television heavy most business year.,100,#election2024 #worldnews #politics #news,FALSE,24-07-2024,Tablet,tr,1092,70,79,0.0553
f9277e88-98ef-41f8-89b2-6c4a037d20e5,674ba3f7-d71f-4cf5-a3e7-c7d5d988d8ae,william75,Male,18,59004,8428,13-03-2016,FALSE,Paris,Books,Red she truth travel word option else because. Mouth lose yes.,62,#bookworm #literature,TRUE,24-09-2024,Tablet,tr,2951,186,119,0.0552
0a48ae1f-dc0a-4653-a36f-722fd323aaa7,3464f6bc-3443-4311-9f77-d1fcf054b2dd,derrickbennett,Male,47,36549,4202,18-12-2018,FALSE,Paris,Education,System good always after fund say like player grow because heart son. Get threat new keep become.,97,#knowledge #edtech,FALSE,06-01-2025,Web,es,1758,178,92,0.0555
aa8c0463-cd5c-410b-9807-e1d878ce3e07,809a9b05-832a-4344-bc36-f628aa24fb52,zcooper,Male,39,49944,7096,10-07-2018,FALSE,Bursa,Politics,Recently bank practice yeah whose kitchen low must ten Democrat better stop picture wait fear well anyone. Majority country mouth old minute vote.,146,#politics #election2024 #worldnews #news,TRUE,02-07-2024,Web,fr,2446,299,66,0.0563
372253ef-654b-433f-af40-b9d8f960d4a1,8966394e-8785-45d2-99ec-663bd4267b2e,lawrencebullock,Other,20,32775,5238,16-04-2019,FALSE,Istanbul,Fitness,Its and follow career woman rock explain. Reflect feeling military strategy show peace letter.,94,#fitlife,TRUE,24-07-2024,Android,en,1674,100,112,0.0575
c9a8c692-7d53-4dda-8950-3fb9509f5a5d,cb24653e-2717-4822-a872-28f9de757a79,briansimmons,Female,42,89623,5661,14-08-2015,FALSE,Berlin,Music,Including spend expert when end give good low where whole. Old nature site report bar still former.,99,#nowplaying,FALSE,21-04-2024,Tablet,tr,4481,312,279,0.0566
1ce049ed-01dc-4639-ba63-20f11152144c,4bf6879d-bec4-4e3e-9d86-50f1873795b1,smithbradley,Male,45,68374,4882,25-06-2024,FALSE,Ankara,Technology,Such rich prove far often eight story compare. Here western many open trade amount under.,89,#tech,TRUE,19-05-2024,Web,de,3516,412,265,0.0613
52b368d2-e954-4129-8b24-5db694705149,919968cb-a732-4b81-8c46-46c9cb93f2d3,hgarrett,Other,23,44492,7897,29-09-2018,FALSE,Izmir,Politics,Assume group international ready start fill sell which star stop keep example. Space offer two fall provide pattern.,116,#election2024,FALSE,25-06-2024,Tablet,es,2196,153,44,0.0538
bca84f23-4979-4ab8-8544-04d0f626153e,d01d4f09-f60f-4ff7-bdbe-f6f2699fd34b,holdenmichael,Other,49,75899,2043,11-10-2023,FALSE,Bursa,Art,Less what certainly activity college practice show us wife west candidate. Tough increase school least beautiful maintain western.,130,#artlife #digitalart #creativity,FALSE,11-05-2024,Web,tr,3755,303,160,0.0556
68058d90-8408-41dd-833d-1478a35545aa,4b6196b6-34f8-4ade-98dc-a4214ada0cd3,gregorypeters,Female,37,50101,9276,26-09-2018,FALSE,London,Fitness,Front but then option tell local range happen role letter continue painting set long arm poor author. Here arrive establish term ground theory nice.,148,#workout,FALSE,19-03-2025,Android,tr,2579,360,85,0.0604
12bdbcd8-fef6-407b-9a30-c3d917f04624,9f608c7c-4c32-4fe4-bdea-2a0ca1ac6ad6,laura27,Female,58,17127,9324,07-01-2025,FALSE,Izmir,Finance,Better check finish face sure science vote successful live. Trouble sister under yet must.,90,#stockmarket #money #crypto #investing,TRUE,07-09-2024,Web,de,839,109,55,0.0586
fdd08d60-d258-48d3-a078-e8338ad6c47f,1a5f53d2-e80e-40dd-b238-c77c743f765c,jonesjo,Female,24,52253,9626,05-10-2015,FALSE,Berlin,Health,Unit effect hair officer impact here star property left purpose house. Rate own management I sure page age such.,112,#fitlife #wellness #healthtips #mentalhealth,FALSE,04-10-2024,Android,fr,2697,275,245,0.0616
ecb916a2-3b90-4865-ae4a-040cfcaac0a5,1ec32668-3d6e-4f4b-8627-85bdd34315f0,gina94,Female,33,67808,4365,12-02-2022,TRUE,Berlin,Education,Take difficult base sometimes dream single recently military guy walk senior. Fast hair great forward manage only.,114,#learning #edtech #students,FALSE,08-01-2025,Tablet,tr,3376,367,213,0.0583
b877f9d8-d60b-4bd0-a9a1-621d6d9829d4,f5fdb17c-8ffc-4771-98a6-e2c201eea86f,moorebrenda,Female,29,92379,6777,13-03-2021,FALSE,Izmir,Politics,Myself keep even strategy any business ability suffer. Now term they book.,74,#news,FALSE,13-05-2024,Android,es,4856,268,325,0.059
58fca59f-5670-408b-b0fe-28ce18faf9b9,584acea3-cd00-4d37-ad2f-609f273c19f0,isimpson,Other,18,49755,2508,14-12-2023,FALSE,Ankara,Photography,Set town a success present your security son his exactly professor friend camera. Wide break make religious.,108,#photooftheday #dslr #travelphotography #snapshot,FALSE,21-09-2024,Tablet,tr,2575,272,161,0.0605
c402d8ed-2688-4f5e-b993-c3be51b3ca9a,6b91a5ce-29bf-4663-9a91-e00af93a260a,janicestuart,Male,57,39092,7691,09-08-2023,FALSE,Izmir,Music,Fall population understand here above far matter. Data red bed worry chair.,75,#playlist #vibes #musiclover,FALSE,22-11-2024,Android,fr,1934,284,22,0.0573
dbd6c6bd-d547-402c-90e4-15839b8885c7,b08522e3-aa5a-4aa3-8766-a3e7f4e9d794,kristen31,Other,31,90256,516,07-10-2022,FALSE,Antalya,Finance,Least nearly western bank fish agent suggest long company above wait computer entire stand. Near less loss successful deal total themselves something.,150,#money #stockmarket #investing,TRUE,14-11-2024,iPhone,es,4570,356,117,0.0559
35d6d58e-b1e1-4db2-8588-b454d999c549,86ef885d-2767-4824-873d-17b47ab8f6cd,padillaangel,Other,31,59129,1458,30-10-2024,FALSE,Paris,Fitness,Myself another foreign firm owner fill day technology win civil natural hospital former whatever determine affect consumer above. Arm of drop something treat friend.,165,#workout #gymtime #fitlife,FALSE,31-05-2024,iPhone,fr,2813,185,186,0.0538
9188f847-4684-4383-a398-3e7fdabd0b3f,7449ae95-7677-47fa-97a3-c822062b4349,taylor75,Female,39,93539,3403,18-11-2020,FALSE,Paris,Photography,Of several physical subject four oil leave someone woman job production less. Finish million easy beautiful.,108,#travelphotography,TRUE,02-04-2024,iPhone,es,4811,659,225,0.0609
bbe7d247-d51b-432e-90c5-cfafd938a33d,8935d7b8-b05d-4c7f-ac8d-bb88f478092f,dmiller,Male,23,15386,8065,12-06-2022,FALSE,New York,Photography,List why car ground reveal north step mother color. Remember seem important six some consider.,94,#photooftheday #dslr #travelphotography #snapshot,TRUE,21-02-2025,Android,es,721,36,37,0.0516
7667c540-77f5-4e32-944b-2d5ed0f78380,623ff476-6482-4dc0-8d78-f40d85e5468e,tamaranovak,Male,32,68762,9497,04-03-2020,FALSE,Madrid,Food,Mean ability poor admit present with design author hot home sell. See staff now information.,92,#foodie #instafood,TRUE,06-07-2024,Web,tr,3462,189,281,0.0572
0ca57e5f-e65d-4657-98fe-d51779860379,2f1f50a6-d228-4104-b08a-ffa0a625b5c3,schmidtvincent,Male,24,44048,2526,29-05-2016,FALSE,Madrid,Pets,Arm walk election paper full evening. War detail so note any.,61,#petlover,TRUE,13-05-2024,Web,de,2151,180,182,0.0571
d30df939-3bb1-4f64-8251-f1baef5427b6,f1b58022-60f2-464f-a39b-7f8748b44751,kellytaylor,Other,53,64401,7004,21-04-2024,FALSE,Ankara,Technology,Amount cut full choice partner resource write again in television manage year over family life face fact agent much age. Music range southern such.,147,#tech #gadgets,TRUE,20-03-2024,Web,en,3229,388,149,0.0585
21b32a49-3c31-4580-a2c8-d90cb07a7e43,84931edd-f797-4d16-8029-f525e4c82dbe,robrien,Male,43,64935,4485,20-02-2023,FALSE,New York,Pets,Story whole education country number newspaper strong player walk but project. Cultural green free line.,104,#petlover #dogsoftwitter,TRUE,31-01-2025,iPhone,es,3309,174,294,0.0582
eca133cb-a5dd-4729-80f5-07fa57040277,1ad527bb-87a8-4c87-8cda-ff34532c98b5,ann45,Other,56,45929,3528,22-07-2015,TRUE,Bursa,Health,Student bill federal family particularly attention but mention we bill character his score. His half under computer scene may avoid drug.,137,#wellness #mentalhealth,FALSE,30-05-2024,Web,en,2327,186,178,0.0586
1b6bf1df-e328-4c22-95a6-9ee6087be4d1,560bb8ad-8067-498a-987a-afcf2ff90391,hortonroger,Other,20,46329,856,20-02-2016,FALSE,Berlin,Fitness,Family magazine around degree market figure stock young white technology industry report truth positive remember week civil early score. Organization between purpose picture.,174,#healthylifestyle,FALSE,31-05-2024,Web,tr,2322,120,102,0.0549
8ee170b3-dddf-4307-bb20-c0ae0c4d15d0,7579ed0f-abcc-41d3-be71-0e112fbf005d,bellkristin,Other,54,73520,7801,28-03-2015,FALSE,Berlin,Music,Believe hope between now reach process race exactly writer pattern near three someone city outside none memory under strategy white understand by. Anyone wonder indeed student candidate weight weight.,200,#nowplaying #musiclover,TRUE,23-10-2024,Web,fr,3671,484,91,0.0578
2568124c-f3b6-472d-9f81-670c90c5cbda,f0794f43-c101-4b9a-9a69-5a40c122792c,jose24,Other,43,81841,8337,25-08-2015,FALSE,Izmir,Health,Push road whether bed wait inside peace property hit give miss family ago raise. Believe a protect despite box different total onto.,132,#healthtips #fitlife,FALSE,01-06-2024,Android,es,4067,346,397,0.0588
830d6f3a-4aac-4cc3-bf4d-06dac95bf103,6f1dc81a-a6b5-4414-a8d7-65ebfafdac90,aguilardonald,Female,32,15535,7361,02-03-2021,FALSE,London,Education,Put for billion trip arm source drug citizen focus up now. Radio most between word.,83,#edtech #learning #students #knowledge,TRUE,27-02-2025,Tablet,en,773,95,19,0.0571
c45e64fe-7c68-4402-9501-cc2043965e2f,40a24503-bc22-467e-a742-57c0ecb2b46e,rodriguezjohn,Female,52,14339,7447,06-06-2017,FALSE,Antalya,Fashion,Window from speak direction address help our both. Ten result start little but life.,84,#ootd #fashionista #lookbook #style,TRUE,18-08-2024,iPhone,fr,715,47,25,0.0549
e69d1469-1476-426c-9360-537bf7a36100,9ef1b54a-3b64-4991-b41b-5860cc935dc4,danielsloretta,Male,30,79551,4615,29-08-2016,FALSE,Bursa,Music,Process book second why Republican board eat edge. Rock identify information director change myself goal.,105,#playlist #musiclover #nowplaying,TRUE,30-09-2024,Tablet,tr,3989,259,366,0.058
45c68019-11db-406c-b94b-f4d087f950d9,da32c1ea-57ba-4a88-8619-e80b905d47fa,andrewsdenise,Male,52,86897,4784,06-02-2017,FALSE,Berlin,Education,Mr specific respond color arrive identify while as difficult stop. Ball reason yourself win dog.,96,#learning #students #edtech #knowledge,TRUE,19-07-2024,Web,fr,4347,236,349,0.0568
efe01020-a0c3-424d-b1cf-3a4d9e4410b5,210477d4-ec07-4321-8b46-3f8fe56c2616,eclark,Other,26,61904,116,20-01-2021,FALSE,Antalya,Education,Stock morning age risk short thousand life lot should seven material fall fly start modern Republican power bit practice side right book Democrat charge apply second. Church heavy choice place.,193,#learning,TRUE,28-04-2024,Android,de,3023,159,76,0.0526
e790d801-5fe3-4744-b230-fdb263694947,3d6751c5-bc9c-4a8a-9d9b-d7acbb9d52d1,fwhite,Female,21,4540,8105,22-01-2017,FALSE,Paris,Music,Citizen clear should artist challenge sister get admit large realize oil. Site home last news.,94,#musiclover,FALSE,31-10-2024,iPhone,en,195,27,19,0.0531
901fdf4b-3fcd-43f8-83bc-b59e120de9ab,70474da4-0e2e-49cf-a992-418d81c9c0c8,michaelgonzalez,Other,31,59039,8087,20-11-2017,FALSE,Berlin,Memes,Partner thus responsibility tell behind remain whose material special option affect. Third growth building lay long.,116,#lol #memeoftheday,FALSE,01-10-2024,Android,tr,2845,301,30,0.0538
fd72f48f-7c35-4720-b336-ee431f35a4a5,af4dbaed-626d-4f95-a826-113d10f1bd73,hjohnson,Other,23,79041,6576,16-04-2023,TRUE,Madrid,Art,Season upon north director tonight most yes president. Citizen cut management deep professional form turn.,106,#creativity #artlife #artistsoninstagram #digitalart,FALSE,23-12-2024,iPhone,en,3958,363,281,0.0582
b477ec57-9160-4858-93c3-89afda2cabed,6d6540d5-c1af-4bbf-8cd5-a49e818513a3,devonmorrison,Female,46,28341,1627,07-12-2023,FALSE,Berlin,Technology,Across effect threat factor evidence state growth. She him capital billion ball term draw.,90,#innovation #tech,TRUE,01-06-2024,Tablet,en,1419,157,39,0.057
04f21b82-f0fc-406d-9b77-309772a910a6,404fa7f1-c6de-4554-9480-a5d91660fc8d,brownmichael,Female,24,87532,2889,28-06-2023,FALSE,London,Memes,Adult respond put month result door although. Woman social paper data today yourself any.,89,#relatable #lol,TRUE,16-09-2024,Tablet,fr,4433,409,134,0.0568
ee7d4dfe-5fbb-48ca-a148-6545f47c747c,ce02d037-fb0d-4909-a825-04021c8c9534,heidijames,Female,55,95357,782,22-12-2015,FALSE,New York,Pets,Direction west process we speech public song. Hold year very class seem participant.,84,#catlife,TRUE,06-03-2025,Web,es,4805,417,304,0.058
c363de0c-5ae3-4108-8c82-a9a4c78a496f,443f8067-6e6c-472b-9613-26f95d83cc48,stacy55,Female,51,70555,7451,12-12-2017,TRUE,Madrid,Photography,Minute now even recent house available factor professional yes in watch as career international deal matter certainly. Sense senior able.,137,#dslr #snapshot,FALSE,01-09-2024,Web,en,3475,387,183,0.0573
fbfdfb59-f5d3-4d1b-99fb-012383f2dab2,ba98ef28-9c4d-4351-a1f1-8b0e0ec948fa,simsronald,Other,23,68324,9763,30-01-2018,FALSE,Madrid,Technology,Sometimes if change approach order education tree already wish fund. Affect message who manager.,96,#innovation #gadgets,TRUE,30-05-2024,Web,fr,3389,280,215,0.0568
970ce85a-da48-46d4-bc7b-2a7e1532d620,bb376895-f3d1-400c-a3e5-fea2f3670323,isabelwheeler,Male,48,58957,2634,19-12-2024,FALSE,London,Fashion,Woman lot result game purpose eight father Republican third. Chance everyone which contain three.,97,#fashionista #lookbook,TRUE,25-02-2025,Android,es,3039,392,184,0.0613
11d75c13-65e8-4dfa-a7be-635e32330934,6dc21240-1f4b-4348-8ae6-59deb3dc8ed4,tpowell,Male,23,42916,564,12-09-2016,FALSE,Izmir,Travel,Event provide position continue kind. System follow represent process worker long effect.,89,#travelgram #explore #wanderlust,TRUE,20-10-2024,Web,de,2205,170,63,0.0568
0bf05ac3-e07e-425e-a5e5-68da648c51ed,17346907-0580-4512-b29c-aa0bd010f84d,lrodriguez,Male,45,39334,3434,26-09-2015,FALSE,Berlin,Gaming,Beat western ever else administration yeah left peace responsibility write than how. Represent image last morning money.,120,#esports,TRUE,13-05-2024,Web,es,2026,140,193,0.06
5817f48f-c2b7-4c0a-ae27-059429785542,1f785682-5bc0-4722-8736-1843292e64e2,craig82,Male,55,84530,3504,20-10-2017,FALSE,Antalya,Pets,Letter condition factor there real stop stock imagine student lay doctor there degree community subject alone last drive similar. Protect upon which kid really or.,163,#catlife #dogsoftwitter #adoptdontshop,TRUE,15-03-2025,Android,en,4224,397,376,0.0591
0bb22a4c-177d-4026-9a98-1b55e8e68407,8b665ff2-2bf1-40ce-a461-b3b9c9b5659b,wilsonronald,Female,56,80496,9616,15-12-2019,FALSE,Berlin,Finance,Black military color assume ready full there shoulder relationship style accept get seek. Yard doctor finish sometimes student painting.,136,#investing #money,FALSE,15-05-2024,Android,de,4175,433,112,0.0586
10d26746-d155-42a2-a48d-06cba531ecd8,c06680f9-bf44-465b-acf7-aa1fb8a4c1d9,patrickcooke,Male,24,55270,5004,05-08-2022,FALSE,London,Finance,Nation new growth break every when break reflect run fear both admit three. Board vote cell.,92,#crypto #investing #money,FALSE,02-07-2024,Tablet,de,2723,348,241,0.0599
d6df24b1-62c0-45f7-a0de-fae155548f09,d39cbca0-1743-4dcc-b924-1e5c731b27be,hillchristopher,Other,42,56302,3483,01-08-2023,FALSE,New York,Books,Star both garden fight be together safe time feel middle customer nature suffer career. Computer door third.,108,#literature #reading #bookworm #readmore,TRUE,02-07-2024,Tablet,en,2803,400,174,0.06
2143a2dc-e7ae-49d1-b86a-e9ee6bf54f74,1668de3b-e37d-4b9b-b385-adc4fc4e7f37,jeffreyfletcher,Female,44,8884,1998,23-12-2018,FALSE,Berlin,Fashion,Figure magazine traditional traditional natural TV turn time rate glass leg happen identify still through throw sound white start parent spring fact. Learn continue set under as require now.,190,#lookbook #ootd #fashionista,FALSE,12-10-2024,Tablet,fr,412,60,18,0.0552
3b2420ea-488f-4995-b69f-31f93350b540,de740233-7cdb-40a5-924a-cfd826cd0c84,jennifernewton,Female,23,94247,7730,03-02-2020,FALSE,Madrid,Pets,Cover industry doctor political along person really she blood. Director because recognize professional leg bank mother ahead.,125,#catlife #dogsoftwitter #petlover #adoptdontshop,FALSE,14-09-2024,Tablet,de,4730,698,126,0.0589
a5fcb72d-3594-4998-8f11-d7217e3e1633,11f5d4c5-5e45-42eb-a11e-8ce6bd3b75e4,cynthia07,Other,49,13629,4530,14-11-2019,FALSE,Antalya,Art,Your everything term everything money sort education fly enter ahead. Understand have stock ten.,96,#artlife,TRUE,07-08-2024,Tablet,en,671,33,12,0.0525
e60bd411-8684-4eb0-98ee-6a4ad038baf1,b57345ee-81df-472d-b9fe-c0c9da2f1189,petersonjose,Male,29,83749,8703,30-11-2017,FALSE,Paris,Politics,Care everything skin enough we area dinner. Happy great bed scientist deal.,75,#news,TRUE,20-01-2025,Android,fr,4070,556,79,0.0562
277b34ca-1d40-4388-9e45-221500c0a9a8,a06e7e06-745c-4bf9-a28d-6fe6ad3274be,champton,Other,52,52010,527,20-07-2016,FALSE,Bursa,Health,Him theory raise discuss international heavy modern leg remember direction system sense interest. Front admit with spend activity month point.,142,#mentalhealth,TRUE,28-10-2024,Android,es,2569,349,66,0.0574
7ca889d7-dad5-4eae-8d96-b2dadf565ab3,75c0069f-a573-4c1b-9609-81ac2385e666,mphillips,Other,18,48185,7281,29-10-2020,FALSE,Paris,Music,Seek ability magazine school party art paper she book inside base different suggest town. Phone cut final serve person away free.,129,#nowplaying #musiclover #vibes #playlist,FALSE,06-08-2024,Tablet,es,2356,191,30,0.0535
f8463c0d-c00d-4034-b315-862b3138c09b,af4dbaed-626d-4f95-a826-113d10f1bd73,hjohnson,Other,23,79041,6576,16-04-2023,TRUE,Madrid,Finance,Article day common require site free bill house candidate tax moment enjoy phone prove lot continue. How air manage argue people put.,133,#stockmarket #money #crypto #investing,FALSE,02-08-2024,Tablet,fr,3886,410,185,0.0567
2fc8022b-6617-404e-8a94-521540ea2aba,fbf941fd-883f-40b5-bbfb-daa544692137,wmorrison,Male,52,69252,7880,27-09-2019,FALSE,Antalya,Books,Ok sit theory car right foreign company none until environmental air save yet field majority open network then action understand analysis yes. Natural capital provide arrive recently significant true drop.,205,#reading #readmore #literature #bookworm,TRUE,16-11-2024,iPhone,de,3505,395,312,0.0608
758da741-67cc-4d72-a5dd-7dfa1deba927,27f60b62-024e-4644-ae95-f59c7dcd6568,kmullins,Male,20,13638,1203,21-10-2023,FALSE,Antalya,Pets,You run ability audience outside to region answer consider simple safe treat. Almost action sport start group key.,114,#catlife #adoptdontshop #petlover #dogsoftwitter,FALSE,15-06-2024,Android,tr,677,78,49,0.059
d8d26b43-30e2-4767-b633-cd3378e348df,5e5b8d12-d774-4664-a1dc-191c40849323,njensen,Other,44,95177,4155,28-04-2018,FALSE,Bursa,Memes,Probably guy many we land admit specific language any current. Street evening miss against world threat time.,109,#lol #memeoftheday,FALSE,24-04-2024,Tablet,tr,4717,641,109,0.0574
9bf93307-7aa4-4500-8214-e4db3d46a5fe,1cd3b0ad-f204-4988-aeaa-1a46d44196cc,theresalong,Other,54,41899,5303,26-12-2020,FALSE,Izmir,Health,Despite generation piece past song indeed type great scientist many reach everyone election foot over stage them left popular true experience total. Crime so degree resource enough.,181,#healthtips,FALSE,14-08-2024,Android,es,2043,113,193,0.0561
82649577-dad1-489a-ad1b-70b976c95168,75934e6f-dbbe-4669-91ba-3931f5f41b54,walshchristine,Female,47,42667,545,05-11-2019,FALSE,Ankara,Food,Current article likely season scientist size suddenly become. Democratic green blood thought.,93,#yum #foodie #instafood #homecooking,TRUE,09-01-2025,Web,fr,2128,230,171,0.0593
ea576b55-f3ed-453f-b95c-e8b2ba991f3d,e2ec63dd-9ef9-4d30-8e73-6cbfbbc7bce9,rfleming,Other,40,52028,1399,22-06-2016,FALSE,Madrid,Photography,Those bill under election radio Congress right clear science manage open little majority leader military network goal grow play career great administration may. Attack with daughter new Congress.,195,#dslr #travelphotography,FALSE,27-07-2024,Android,en,2680,213,118,0.0579
ff9eb593-69c8-4bd8-98b3-ba2330177e23,af92db78-5983-4f58-ab12-85e9038220d0,harrisonjoy,Female,50,30307,4457,29-04-2016,FALSE,Antalya,Health,Officer state beautiful future treatment fill statement someone again social general group road talk expect bar. Ahead way TV real husband.,139,#healthtips,FALSE,09-07-2024,iPhone,tr,1526,164,124,0.0599
daf7c77d-3418-4696-9698-3ba621d91701,7d65bfb3-d9da-4d94-b144-12309e1417b3,wwebster,Female,33,86048,2089,27-01-2025,FALSE,Paris,Technology,Build must act million western suffer need night nothing model worker buy this. Spend thought page imagine.,107,#gadgets #future #tech,TRUE,09-04-2024,iPhone,fr,4176,430,164,0.0554
12c71031-dafd-490c-ac58-6f2dab342d2c,a6318c49-027b-47de-b76f-618ed829b3d4,jonathan77,Female,38,59047,1475,21-01-2023,FALSE,Ankara,Education,Long fall second respond above although article green memory enjoy task life significant. Control behind appear can evening politics well.,138,#edtech,TRUE,24-06-2024,Web,tr,2948,233,255,0.0582
220f1ce5-6a1c-4a5e-aab6-dde4992c6775,5fd837f0-fa30-4758-954d-4072d1a9cee7,whitejason,Other,59,12519,362,22-07-2016,FALSE,Antalya,Gaming,Mission reflect history let sing open by president paper every my peace thought. Newspaper purpose south yard.,110,#twitch #esports #gaming,TRUE,18-09-2024,Web,de,653,64,18,0.0587
6783f434-d6cd-4992-91af-e3f8200a66c0,aa6d47e4-afab-467f-837d-e29cd996216a,emoore,Female,60,70234,1130,27-09-2015,FALSE,London,Art,Firm bring staff although budget interest themselves forget especially something travel evidence. Skill ok pattern.,115,#digitalart,TRUE,15-06-2024,Tablet,es,3509,467,322,0.0612
1be7da44-05e9-4ed7-9dd2-b37d4747bcea,6ea7da9d-ce46-41bf-a923-59a67a5bce52,patriciahayes,Other,30,69892,6351,16-03-2019,FALSE,Paris,Books,Party Mrs effect cold determine many ago knowledge writer factor big so effort medical gas may finally accept man. Try visit yard space.,136,#bookworm #readmore #reading,TRUE,24-11-2024,iPhone,tr,3439,247,110,0.0543
915fd9c5-d274-43f5-b014-263ab44877cc,628f48a8-0c0b-463e-bf77-8661c6f78f2b,judithcox,Female,54,82427,1820,11-10-2015,FALSE,Paris,Travel,Free have yet piece quite medical particular green claim. Street air provide economic I.,88,#vacationvibes #explore,FALSE,02-11-2024,Tablet,fr,4081,354,365,0.0582
1cbd64b7-ddcf-4907-ad04-25d5696736f0,402f4091-1488-4747-9da0-0c8815f251ae,reevesjimmy,Other,28,52090,1295,05-12-2020,FALSE,Bursa,Travel,Turn just politics painting rule drop significant different enjoy right family say reduce. Movement power others sing.,118,#wanderlust #explore,TRUE,14-05-2024,Tablet,fr,2586,353,133,0.059
cca3dd99-194e-4a52-9cd5-80d22a8b702c,b7d7d290-0761-49c8-a58a-1116880a4e75,pdouglas,Other,43,41582,7830,05-11-2024,FALSE,Antalya,Travel,Cell break body great decade as perform feel one environment us first sing environment land weight possible go explain national. Perhaps room accept dark.,154,#wanderlust,FALSE,04-04-2024,Android,de,2151,272,214,0.0634
bcd2b7fc-b800-4eba-ac60-e0f02babd160,eeb2573d-ab2a-4aa0-a454-f47b53eb51d3,brandon90,Other,48,41139,9577,14-06-2018,FALSE,Bursa,Memes,Win than act lay travel interview professor admit that college measure evening home single real minute rock. Court start bank appear build might.,145,#relatable #memeoftheday,FALSE,05-08-2024,Tablet,fr,2107,210,157,0.0601
b514226a-9ea6-406a-be2b-9014e64afdef,8748529d-ac97-4c88-9ab3-c2cbcd2c1ee7,linda71,Other,57,80522,9171,11-08-2017,TRUE,Antalya,Technology,Eight film particular indeed arm meet force one her score road much would about key describe authority five also behind body room adult. Leader writer during within news value.,176,#tech #future,FALSE,15-05-2024,iPhone,es,4081,412,352,0.0602
f3233255-db5f-4224-b434-7e799c88074f,7a7e1fb5-e8a7-4376-b19c-255f822b0f06,amandaadams,Male,44,7525,3008,05-09-2022,FALSE,Berlin,Photography,Big six keep rise them point most painting TV social. From perform close century other.,87,#photooftheday #snapshot,TRUE,12-07-2024,Android,tr,398,22,38,0.0609
ceb1ee71-5410-4edb-a769-478e104b5e17,38531179-793d-4020-ba8e-b9979a8baff1,madeline02,Other,50,15865,2994,12-01-2024,FALSE,Antalya,Education,Throw stand sell material color suddenly high now ever education rock so grow better space nice campaign free building. So century nothing approach.,148,#edtech #learning #knowledge #students,TRUE,26-05-2024,Tablet,en,818,106,26,0.0599
e68f5d4f-d9b8-4a0a-830a-ecd590e5d77c,1669b0f2-0c05-4429-bc9c-3bda13d2d8f1,natasha12,Female,53,14195,4824,23-09-2015,FALSE,New York,Pets,Energy away even doctor dinner another society past because ground with way everything question approach general. Fact degree perform.,134,#dogsoftwitter #catlife #petlover,TRUE,23-12-2024,Tablet,fr,714,56,23,0.0559
56ef928c-c1e0-4232-b0ba-ee6c8d0a125e,af0b9c27-62c6-4957-a763-2336a45900e4,ythompson,Female,23,31247,832,11-04-2024,FALSE,London,Fitness,Together process move treat concern laugh around produce season perhaps country old specific parent. Religious woman medical well deep wind democratic sport.,157,#gymtime #workout #fitlife #healthylifestyle,FALSE,10-12-2024,Web,es,1579,211,16,0.0578
73254c52-3337-46c3-9e18-4f917ce5e4c5,e7b83596-812f-45f1-93c5-cdea4b137732,jasonwilliams,Female,30,88957,9991,11-07-2015,FALSE,London,Food,Human poor score kind first ground. Theory contain explain radio.,65,#foodie #homecooking #yum #instafood,FALSE,12-12-2024,iPhone,fr,4477,646,422,0.0623
d8415264-bccc-4ae5-a119-e3003e8caa2c,69f0ed61-8978-40ca-83ea-c618b9a4cd82,bobbywilliamson,Male,36,57089,1075,05-10-2015,FALSE,Ankara,Travel,Represent vote clear national couple land rule similar make could force factor I relationship. Hard contain individual weight economic morning camera.,150,#explore #travelgram,TRUE,11-04-2024,Tablet,tr,2873,343,86,0.0578
09339c99-4ab2-4cd7-ac21-ff886ea5de9d,0667a841-bee9-4bad-ad2e-7711d0a19705,michaelhardin,Male,59,79410,7421,22-10-2021,FALSE,Berlin,Fitness,Power back stop develop brother land visit my enter article Republican hard until. Bar claim consider will pretty front.,120,#fitlife #healthylifestyle #gymtime,FALSE,13-04-2024,iPhone,tr,3899,274,166,0.0546
1134083d-b4e7-48c6-8d5d-90e451e30bbb,966643c6-a67d-4e74-9d75-6b531db1ae2e,williamsmelvin,Other,50,26288,2997,20-04-2016,FALSE,New York,Health,Through rate blood yes candidate training week something significant me section growth. Decision reason him group involve together little.,138,#healthtips #wellness #fitlife,FALSE,05-08-2024,Android,es,1305,100,109,0.0576
c0fc9ae0-0f42-4b35-91be-8fc5993f2b18,aac928d0-ab46-43e4-9e04-2689904ff033,crystal53,Other,31,26548,7095,05-08-2023,FALSE,London,Finance,Yeah decade be its then resource word scientist argue. Whether control per your.,80,#stockmarket #crypto,FALSE,16-01-2025,Tablet,de,1279,122,38,0.0542
81ca0994-90f5-45a4-8128-cd81083c4109,1732119b-0569-444c-80f9-8bddfe30a94d,marthalucero,Male,45,8148,8639,23-05-2019,FALSE,Paris,Music,Yet day training choose important dinner condition. Imagine evening campaign value.,83,#nowplaying #musiclover #playlist,FALSE,24-09-2024,Web,fr,395,50,16,0.0566
7ae35721-743c-44ff-b82a-dcab768060e2,265ab645-ad5e-420d-8c7c-329cc224948b,james91,Other,17,82458,7337,20-09-2021,FALSE,Istanbul,Pets,Better must us student institution draw commercial trouble believe short ok compare education direction pattern he on site about. Suggest team picture nation child.,164,#petlover #dogsoftwitter,TRUE,15-10-2024,Web,de,4095,541,56,0.0569
a398f9c0-2f43-4c46-bc81-437408c7457e,9996f670-001d-477f-a6bb-09fb55b89015,chavezjeff,Other,54,62198,6880,26-04-2017,FALSE,Antalya,Music,Instead partner also its rule. Stand head assume sing feeling.,62,#vibes #musiclover #playlist #nowplaying,FALSE,05-07-2024,Web,de,3125,282,222,0.0583
6cfe607d-9f7b-41a7-b6b5-e77efb75b3e5,0ef387e3-7cff-4028-a339-6542ce7a632c,gregorynichols,Female,45,52762,5742,12-05-2017,FALSE,Izmir,Art,Answer several such blue court main baby scene boy fly next dream represent. Feeling discuss party feeling.,107,#creativity,TRUE,17-08-2024,Tablet,fr,2627,297,27,0.0559
d000bce3-2113-4d87-9d6c-7ebadf6d8843,452b5295-90f6-4855-875b-2817d23d4609,smithashley,Other,58,71276,589,15-01-2017,FALSE,Berlin,Education,Seek lay pattern writer authority stay position store. Mind fear friend military.,81,#learning #edtech #students #knowledge,FALSE,04-05-2024,Tablet,en,3608,529,319,0.0625
0e1c8acd-6b5f-4f72-8b98-2cd0c4df05e9,3043133c-5e5d-4f89-bd10-485fb5c49468,fordwilliam,Female,38,85555,1022,25-10-2021,FALSE,Bursa,Photography,Floor gun operation ball candidate without hospital necessary often democratic it work. Cultural follow experience front technology stay situation.,147,#photooftheday,TRUE,25-03-2024,iPhone,fr,4278,384,62,0.0552
b476c2d6-6be6-4833-80ff-0c7633796f3e,6ae308f9-f8a1-4ca4-9a21-c717b285dcee,luke73,Other,51,31753,1419,14-03-2020,FALSE,New York,Photography,Sort wind discussion throughout factor nothing receive history less economy us. Imagine accept sense sea yeah term very.,120,#photooftheday #travelphotography #dslr #snapshot,TRUE,01-02-2025,Web,es,1555,153,106,0.0571
6319e41b-20c4-4df9-a095-c051b59548a2,c308ba46-1e33-4880-b240-0852a7babd19,john19,Other,23,89281,2158,15-11-2020,FALSE,Paris,Art,Plan happy college style trip pull beat investment mention high quality stage possible sign than. Consumer us station.,118,#artistsoninstagram #digitalart #creativity,FALSE,05-10-2024,Android,de,4357,615,193,0.0579
9b9df03e-9126-4cdf-8b27-f285494b4407,ab51ec75-2128-4d99-9ba0-dd21e8665f3c,juliebird,Female,38,56813,6634,26-12-2024,FALSE,Berlin,Memes,When hospital continue daughter billion join commercial building occur fire hot hope move loss about rock include education law physical expert study. Next on power wife number way.,181,#funny #lol #memeoftheday #relatable,TRUE,03-01-2025,Web,tr,2938,185,261,0.0596
3e39060a-1ea6-43b4-8fc2-afd58d866cdd,7b6602e4-daee-40de-a4d4-c5f816e08387,jenna62,Other,25,97996,439,19-02-2024,FALSE,Berlin,Music,Bring throughout degree early maybe keep factor forward edge huge treatment drop. Professional white food usually.,114,#nowplaying #musiclover #playlist #vibes,FALSE,10-10-2024,Android,de,4834,297,305,0.0555
604f4905-a23c-4406-92bd-445f3f507008,75b914c6-4072-4048-a5f2-f83efed6d6f1,hortonalexandra,Other,55,27206,6363,07-10-2024,FALSE,Bursa,Education,Drop society TV speech half education this all realize last let stock choose group expert laugh. Might body money find.,119,#students #learning #edtech #knowledge,FALSE,17-12-2024,Tablet,es,1344,177,14,0.0564
8bc8a4c8-eacf-489b-a27a-39b5ad48d09a,cedd2b94-f70e-4ca9-b3ab-9aba4b2ce834,kimberlyrodriguez,Other,30,13704,146,28-10-2020,FALSE,London,Art,State also take power series rich with marriage institution table upon score body lay such best quite better. Decade may your five prevent phone.,145,#digitalart #artistsoninstagram,TRUE,25-12-2024,iPhone,fr,679,56,8,0.0542
95d87b00-f0ba-47ab-ad01-6c49c407dc04,4269224e-a03b-43bc-a72a-0947c1d3375f,bwagner,Female,22,8209,5676,26-11-2016,FALSE,Ankara,Fashion,Out hotel firm court grow lose easy image low situation that member best school this art animal science name save maybe. Miss decision recent service necessary now.,164,#ootd,FALSE,19-12-2024,Android,en,406,38,22,0.0568
d1b71fee-c859-468d-a506-bbaf8539318f,57a0c29e-9203-4251-975f-ecd4fe28779d,carolberry,Male,25,27859,6850,18-09-2022,FALSE,Bursa,Photography,Final all item everyone data policy play indeed fact work. Item buy stay compare risk poor.,91,#photooftheday #snapshot #travelphotography,TRUE,14-08-2024,Tablet,fr,1373,88,90,0.0557
d0c470ec-8bda-4a81-817b-be70135fd4db,ced9651a-584d-4711-849f-06ba63bc3ce0,ibrown,Other,43,97614,118,17-10-2018,FALSE,Bursa,Finance,Serious city head there thought wife college score artist war great. Catch great hard.,86,#investing #stockmarket #crypto #money,FALSE,22-10-2024,Web,fr,4912,614,173,0.0584
326e2b77-b3f8-41ec-b779-cde60a5627b6,18377397-88f9-40ac-a675-9a1ef1c695a7,jackie48,Female,36,89140,3843,30-10-2019,FALSE,Bursa,Pets,Seven ok sing bed true hundred worker glass very artist. Money easy we pull bed.,80,#petlover #dogsoftwitter,FALSE,09-08-2024,Android,de,4412,573,316,0.0595
46da365d-6ddb-48db-82f8-a489c132d2bd,ae3c370f-a847-4b24-9cd8-f4d5ea261f6f,brenda87,Male,51,37383,6518,05-03-2018,FALSE,Izmir,Food,Much stock main cut culture quality claim than interview us early seat assume develop approach raise apply light. Couple beat direction everyone.,145,#yum #instafood #foodie,FALSE,13-05-2024,iPhone,en,1960,190,76,0.0595
6a559feb-c76e-499c-9db3-a28bcf9bf289,643faa83-4752-4106-b810-4174e0129df1,lmorgan,Female,56,14357,8000,23-02-2020,FALSE,New York,Fitness,Month suddenly Mrs part hair maybe food report wonder you. Parent herself order spend century sell turn.,104,#fitlife #gymtime,TRUE,28-02-2025,Web,en,743,82,70,0.0623
e0fb77e3-367d-4bd6-bd3e-7c8e130e8695,5d7fd7de-1216-4ea0-8f8f-f5bc12237bb5,beardderrick,Female,54,85499,4966,13-08-2019,FALSE,Istanbul,Fitness,Real factor tonight feel kid boy perhaps key stop try pass still miss. Here subject too.,88,#workout #fitlife #healthylifestyle,FALSE,20-08-2024,Android,es,4280,375,137,0.056
736cce9f-afe3-4717-b8de-4dbb2b73449b,5fef33cd-2755-42ba-9905-9feb2f932e70,stephengoodman,Other,53,70828,5202,07-03-2017,FALSE,London,Technology,Ask gun cold game black team range he war hotel seem doctor chair. More call try message not.,93,#innovation #tech #future #gadgets,TRUE,11-01-2025,Web,en,3559,499,268,0.0611
a4036689-cea9-415a-bd4f-ecd10944dd7c,8904e4e4-e837-412c-91eb-0739b2784db1,jdavis,Male,43,70857,9754,30-12-2019,FALSE,London,Memes,Success operation television treat together change common message owner over carry card her style affect my top yes speak away break. Write piece budget capital item in.,169,#memeoftheday,FALSE,24-09-2024,Tablet,es,3545,187,185,0.0553
06197a9f-6c45-4234-ae05-54a20387d5d7,f9fae82a-6cf1-4b7d-a523-7c1c1a4401b5,daniel71,Female,35,96183,8951,28-05-2022,FALSE,Ankara,Gaming,Turn as seven stuff hundred half. Treat scientist job important court process artist charge.,92,#esports #gaming #twitch,FALSE,22-08-2024,Android,fr,4849,630,477,0.0619
a254d8e1-5f96-43fe-80a3-328b3018a5ba,b9f8aa75-8939-4b8c-9d7f-22b30767dbcb,ellenjohnson,Male,39,26767,8904,10-09-2017,FALSE,Bursa,Finance,Development notice fear theory player heart face program budget actually central now sing wrong score finally wind degree. Involve off condition often.,151,#stockmarket,TRUE,31-01-2025,Web,de,1380,161,40,0.0591
b41f872a-835e-4616-ab58-e0edcb513f1a,584851db-f995-4904-ab4d-0eb53ee67dfd,stacey84,Male,45,87628,5076,23-07-2016,FALSE,New York,Fitness,Thought his party teacher can fight prevent during final use loss Mrs. Power charge affect effect.,98,#workout,FALSE,10-11-2024,Tablet,fr,4346,376,295,0.0573
88bbe855-0e30-499b-a1b7-6a83e90f448f,c77efc0f-d6ab-4e7b-b80c-7f1025a80f7f,burkejacob,Female,53,53544,1257,18-06-2023,FALSE,London,Memes,Cell season any everyone think television exist face term describe music. Feeling physical region child television within value.,128,#relatable #funny #memeoftheday,TRUE,17-01-2025,Tablet,tr,2688,189,130,0.0562
56b6704e-84da-418b-8894-67648b751233,edf6bb42-5bd5-4ce2-a6d7-96543d5c1428,parksjennifer,Other,44,14211,6237,14-05-2017,FALSE,London,Gaming,Back example social wall crime economy president follow return serious station cell send listen month smile nor. Represent behind age collection generation.,156,#gamerlife #esports,FALSE,30-11-2024,iPhone,fr,688,52,28,0.054
673b99e3-4953-477f-a393-b64282d4299b,5fd30cc6-88ba-41d3-9941-8555f8464f73,idrake,Female,59,77910,290,23-06-2019,TRUE,Madrid,Fitness,Thousand first positive easy near clear majority local ask always author here country pass white property baby type language. Knowledge middle gun rate why by.,159,#gymtime #healthylifestyle #workout,FALSE,08-05-2024,iPhone,fr,3939,276,240,0.0572
9e5fb881-823b-4128-be70-1dc31e4ecd9f,1f36812d-dda5-4b62-bb88-3b437f486e62,madkins,Male,34,50593,6829,28-07-2021,FALSE,Ankara,Pets,Middle prove my major thing prepare entire city state law task prevent and protect company. Real finish stage think cause.,122,#adoptdontshop #dogsoftwitter #catlife,TRUE,27-02-2025,Android,fr,2625,384,91,0.0613
9dc68ee1-f44f-47ff-bcc0-63554c5fcd02,5ff2be96-4e16-43c2-a2b1-6dbf0e5a0f9f,ygarcia,Male,50,23068,1599,08-07-2020,FALSE,Izmir,Photography,Reason perform improve image all big expect same together number approach east letter minute billion. Sea American method family tax either.,140,#snapshot #travelphotography,FALSE,01-04-2024,iPhone,de,1195,136,50,0.0599
3d08ff0c-4f74-421f-adeb-c6b894099e74,2e418d66-0532-49a3-a273-368ecf36f9ea,carolynrobinson,Male,26,82232,221,14-10-2018,FALSE,Berlin,Music,Work central until race until while which police century wish finally other seem rate minute page collection hold however. Goal finally weight law brother election teach.,170,#musiclover #playlist #vibes,FALSE,01-04-2024,Android,de,4273,376,352,0.0608
30bdc58f-e7aa-458a-9012-89ff9d3a5979,94f61ebc-dcc8-48d9-b60f-f439c39c2a7b,franciscojones,Female,55,14119,3259,14-10-2015,FALSE,Paris,Books,Parent turn significant difference hard when real picture choice begin fast. Prepare nothing give since.,104,#reading #literature,FALSE,25-12-2024,Tablet,tr,687,86,42,0.0577
4117f5f2-da92-4c0f-9b5e-3b6b562c3302,b19c4d97-df8a-42c2-bb4c-0a57c88d9298,oblake,Other,37,72659,2012,10-02-2024,FALSE,Istanbul,Fashion,Fight pretty kind play understand decide its else toward should. Tough fish quality man they grow those expect.,111,#style #fashionista #ootd,FALSE,23-03-2024,Web,de,3743,208,348,0.0592
3acf4b95-ccd6-488c-ad23-6d917ca024b5,98515b29-3374-4aac-8dbd-20e5da31c16b,rodney65,Male,27,18771,3667,10-01-2023,FALSE,Antalya,Education,Know there draw relate onto gas former teach kitchen make occur oil last environmental soldier lawyer way every. Economic have loss.,132,#knowledge #edtech,TRUE,22-03-2024,Android,fr,959,113,36,0.059
f6b95537-b577-40c9-a6fe-be5a216c0e77,f0bdbc5d-946f-412b-bedb-5254683dfc0f,blairamanda,Other,30,6106,4791,28-08-2021,FALSE,Bursa,Politics,Purpose now car eight agent order to oil to national action career group customer heavy surface safe statement. Rule around city minute.,136,#worldnews #news #politics,TRUE,09-07-2024,Web,de,317,40,31,0.0635
ea193144-c03a-4431-a741-11ffeb07cf90,23bed42f-4bbe-4787-9415-a6dc34a08b71,samuelelliott,Male,23,90844,4674,29-10-2019,FALSE,London,Art,Audience hundred various power subject any step option response even four. Full bit sing end rich.,98,#artistsoninstagram,TRUE,20-09-2024,iPhone,fr,4594,535,118,0.0578
39f8f1ad-6ec2-40bd-be15-3f3bc9683781,7970e11d-d424-4eed-8102-0947c5c3e952,crawfordkaren,Other,56,67868,3104,25-06-2024,FALSE,Madrid,Fitness,Look tend business voice mention inside strategy price mention say ask economy unit method could. Staff college carry southern blue to.,135,#healthylifestyle #workout,FALSE,02-07-2024,Android,fr,3257,326,185,0.0555
0ce8e109-d67a-40de-9aa8-7e5d5f855abb,aba7c576-981a-420e-afde-5d85b222b05a,sandratanner,Male,32,20948,3775,18-02-2024,FALSE,New York,Books,Such former doctor policy sell rock scene present clear since image food decide knowledge there senior suddenly. Own person year condition their.,145,#literature #readmore,TRUE,02-01-2025,iPhone,fr,1045,83,11,0.0544
810292db-b2d1-449f-b1fb-39faf962c620,9da9bb85-88dc-472e-864d-951f64d05dc0,melissa14,Female,60,53645,9779,20-11-2022,FALSE,Istanbul,Pets,Window several help artist find interest better deal seek study particular price. Thing remember real rule leg crime simply commercial.,135,#dogsoftwitter,TRUE,22-06-2024,Android,es,2698,254,115,0.0572
1dcd0f22-4c9e-4257-bfc7-833377a403c8,63230950-f6a3-4ded-9c85-d74bd3e14392,craig89,Female,41,53467,3278,13-02-2019,TRUE,Istanbul,Food,Practice wind order type action side keep whose. Finally keep expert point important north.,91,#instafood #homecooking #foodie #yum,FALSE,04-11-2024,Web,de,2639,286,145,0.0574
ba42a3f1-e4f3-44a9-be7b-b219bb018432,b553d544-c852-458e-ab23-3261c947548d,rachelhall,Male,37,87323,9139,17-04-2024,FALSE,Antalya,Books,Reality difference area month together election fire yet before ten. Middle administration small their practice a.,114,#literature #readmore #reading #bookworm,TRUE,11-07-2024,iPhone,fr,4330,292,116,0.0543
9b331bca-ab4f-46e6-9b6b-f99a52b233b3,1617f6da-da9a-4a16-9d7c-b1a58e794375,hendersonleslie,Female,20,16442,5655,18-04-2016,TRUE,Bursa,Finance,Move yeah contain term story ever economic he agreement well recent than form. Wait soldier me sit special.,107,#money #crypto #stockmarket,TRUE,23-06-2024,Tablet,de,864,89,24,0.0594
7fbc5804-61d3-42e7-adf5-a88f956f9aa5,eeebfc5e-afc3-4f01-b372-79b865935929,donna43,Female,42,66174,4117,06-11-2016,FALSE,Berlin,Politics,Meeting purpose plant sort movie wind final media summer line team send when term movie. Ground color speak smile.,114,#worldnews #news #politics,TRUE,04-03-2025,iPhone,es,3223,264,98,0.0542
7d4a41c5-74af-4b93-9f25-a6ef4c2781d2,a34f2804-9e8b-4ab3-b4f2-af51d69465cd,knichols,Female,27,93287,9835,16-08-2020,FALSE,Berlin,Art,Stage quality kid why employee nation audience card century family somebody. Sound street manager force language.,113,#artlife #artistsoninstagram,FALSE,20-02-2025,Android,fr,4543,318,444,0.0569
421e5df0-564e-4399-9f7b-c65a04653fa5,3514b4e6-91e7-462b-b6f3-67c671c1631f,rileyamy,Female,55,92314,8716,20-07-2020,TRUE,New York,Food,Thus source his health fire foreign avoid article get Congress. Stop recognize recently realize teach board while.,114,#yum,FALSE,03-05-2024,Android,es,4543,517,66,0.0555
2b69adb1-2917-41df-8f31-d76739381783,6597eb99-6532-4fb1-8f11-a4ff85540d6a,smithpaul,Other,35,48156,7124,08-09-2015,FALSE,Ankara,Gaming,Huge alone lead recognize in toward become investment. Third before professional teacher finally society.,105,#twitch #gaming #esports #gamerlife,FALSE,10-03-2025,Android,en,2419,201,157,0.0577
5ec28e00-041e-4291-865d-4acfce0d1912,2c7de6df-9141-4cd1-afef-e168b0a5ba68,bfleming,Other,42,60477,9802,15-08-2020,FALSE,Paris,Fashion,Out price leg radio at common factor could remain likely while south candidate control soon. Ball send once seven.,114,#style,FALSE,11-07-2024,iPhone,tr,2991,185,180,0.0555
40aaf5c0-8819-4b52-b7df-a3b462f2460c,4f944206-d723-4992-9180-d7eff2c3dc2f,fholloway,Male,27,74362,8521,17-01-2017,FALSE,Istanbul,Memes,For word person stay do now mind probably push operation fight let resource save hit company no recently fact stop just budget west soldier wish herself beat. Foot staff skill station early.,190,#lol,FALSE,08-01-2025,iPhone,tr,3689,285,143,0.0554
c16ba332-df1c-421c-bca4-93d3b550a127,0dbe2385-f339-4d3f-8bcf-8929cf7f2e07,morganlawrence,Other,39,9722,4939,25-12-2024,FALSE,Paris,Fitness,Item such evening method remain exactly member stay claim once trade theory sure sense value rule box also center hospital. Term same paper color improve begin.,160,#healthylifestyle,TRUE,04-08-2024,iPhone,es,521,51,38,0.0627
58384584-e142-4920-ae7c-3df58bd64511,6d1d84e0-04c5-4b05-8c71-2a23d45aa2b3,robertwilliams,Female,54,83019,5735,10-09-2017,FALSE,Istanbul,Politics,Evening for protect some matter authority religious model head want surface that including city push. Carry nature on party air.,128,#news,TRUE,24-04-2024,Android,en,4120,445,91,0.0561
033044c8-951f-49b5-b9bb-674175e1aeab,bdeb42a2-980d-44e0-b7bd-c466addb7163,randy20,Male,43,79871,2193,29-01-2019,FALSE,Berlin,Politics,Present push call account politics well senior across inside later final claim hundred painting article new wall build large. Medical push those appear much work history.,170,#election2024 #worldnews #politics #news,TRUE,30-09-2024,Web,tr,3960,490,216,0.0584
56127f9d-6039-4f85-ad07-5be90f2f3bc1,68be6efb-259f-4532-9617-50cd7ad76713,tiffanysantiago,Female,52,59706,126,21-12-2020,FALSE,Paris,Health,May listen feeling language sense feel interest special wind six walk fish return ago paper clear pressure price your may growth hope finally again rich. Few often remember young building million great.,202,#fitlife #mentalhealth #healthtips,FALSE,23-05-2024,iPhone,es,3090,295,163,0.0594
ecd5e510-8e5a-4622-8090-2f3c8445f2b5,c1e50409-a9a4-498b-a234-002d2f631f55,travis24,Female,50,42959,5519,19-03-2019,FALSE,Izmir,Technology,Six vote street box model great entire term law less so else because adult contain wide. Other maybe not point hear stage probably.,131,#innovation #gadgets #future #tech,FALSE,10-06-2024,Android,de,2155,284,123,0.0596
3b4f20cd-d6b7-4bd6-a5b7-9dd375ade190,954e3f07-eb98-4806-bd4f-4736c9cd2f9d,shortrichard,Male,51,72299,6734,23-06-2016,FALSE,Ankara,Travel,Nature drug serve red base able yes. Exactly clearly decision cell special.,75,#wanderlust #travelgram #explore #vacationvibes,TRUE,12-07-2024,Android,de,3646,477,135,0.0589
3ac6bb1a-0d8c-4fea-b781-f1d2d27b05e7,f265d468-7fdd-43fe-8118-3520631b3082,nelsonebony,Female,19,3595,6545,24-06-2023,FALSE,Bursa,Education,House population look light sport play maybe career second also water ability suffer. Certainly gas sure look would buy newspaper.,130,#edtech,FALSE,25-07-2024,Android,fr,173,9,10,0.0534
4d244e23-1a3a-49f6-b3e5-91d0f9b37540,c334bfed-7bb6-4132-9d05-c696d5ac5746,kwright,Male,57,23690,6937,14-10-2020,FALSE,Paris,Finance,Brother eat somebody positive lead can white forget success community see game hand main. Sell anyone outside forget guy help begin.,132,#money #crypto #stockmarket #investing,TRUE,29-08-2024,Tablet,en,1222,177,121,0.0642
f06c7fff-8fdf-4693-83ab-637059c863ff,cc1cb9ce-3680-4d6b-be47-5a4bb9e5d28f,vgarcia,Other,44,79735,620,26-08-2016,FALSE,Bursa,Art,Can pick professor hand expert once reason far effort quality. Physical girl wide hundred.,90,#creativity #artlife,FALSE,10-07-2024,Tablet,fr,4021,353,268,0.0582
6a9873e4-66e9-4506-bf19-ed59efe2ec10,c9db0f8b-9b33-493e-a7d7-94ad16e0d4f2,mirandawalker,Other,25,14752,7195,24-03-2024,FALSE,Izmir,Gaming,May newspaper theory feeling walk back world national case center too this yes. Will second task almost magazine class success.,127,#twitch #gaming #esports #gamerlife,TRUE,26-04-2024,Web,es,737,102,58,0.0608
c37196ec-59c1-46ea-8981-805f791267bf,c8a3724c-676a-40e4-82c2-2a9855841d78,tfuller,Male,31,45778,3429,08-09-2015,FALSE,Izmir,Art,Though either statement sound lawyer her science debate office friend decide catch single sell either decision democratic hot scene respond we water animal letter. Parent market prepare executive ten.,200,#artistsoninstagram #creativity #digitalart,FALSE,11-11-2024,iPhone,fr,2193,122,73,0.0522
0b3b57a4-8033-482a-b7a9-8a3a0f9e2664,2f143b2f-7afc-46c9-b77a-4d5086ba03ba,justin01,Other,46,49536,969,25-12-2024,FALSE,Izmir,Technology,Health start experience defense role large finish energy apply whose run feel light play. State surface mean radio.,115,#innovation #tech #future #gadgets,TRUE,28-08-2024,iPhone,fr,2395,274,94,0.0558
7c1851f9-7e30-471f-b810-4fc5a0bbbbb0,4514373a-73f9-4c6e-9a7c-0afa3d132dd4,romanmatthew,Female,34,96343,9997,26-02-2017,FALSE,Izmir,Travel,Expert yet spring away standard mouth provide social surface anything general enough get heart clearly modern grow. Manage myself lose why worry newspaper now.,159,#wanderlust,TRUE,12-07-2024,Tablet,es,4745,631,386,0.0598
712ff0f5-a105-4314-8d5b-266f84d5b848,9756c0ef-3e5c-4217-85a4-e9f7dcfc892c,lopezmichaela,Female,60,1037,1370,23-08-2022,FALSE,Berlin,Technology,Four about already that relationship maintain pattern seem new enough hospital important. Office nearly thank movie degree American.,132,#gadgets #future,FALSE,26-07-2024,Web,de,56,2,4,0.0598
92b8bd4a-07b1-496e-b50a-f1486b28bec1,cd0fdc55-0adb-4f63-9aaf-b129c3be8e4b,hayneswayne,Other,37,3506,4351,19-04-2018,FALSE,London,Books,Laugh yourself hour imagine wait goal however. Year reveal assume responsibility page political product.,104,#reading #literature #bookworm,FALSE,03-12-2024,Android,en,184,18,9,0.0602
9fb46060-419f-4dcf-a3ee-23a1ed775db1,e37ac619-fbf1-4778-9e3a-e1c7738eac64,wallerjames,Female,37,55428,3018,09-12-2022,FALSE,Berlin,Fitness,New record body it his station free act hold especially reduce career develop turn upon not take something nothing worker. Between add show according task yeah would.,166,#gymtime #healthylifestyle #fitlife,TRUE,05-06-2024,iPhone,tr,2783,166,132,0.0556
306b030f-def9-4cd2-a71c-6a790a549fa3,6de550b6-5401-46c1-8676-539e26ab2dd9,sarah49,Male,52,72456,4466,14-12-2023,FALSE,Berlin,Gaming,Serious officer wear even ahead similar religious change hard threat join. Woman recent in tree book style.,107,#twitch #esports,TRUE,21-11-2024,Tablet,tr,3649,522,134,0.0594
30c4b82f-83ef-4748-8ec5-551754d1d4a2,821964cd-f7b3-45ed-ac08-ccfbcd54f95e,gwade,Male,32,14960,5518,08-07-2023,FALSE,Ankara,Politics,Thought manager line quickly. Front film anyone never west.,59,#news #worldnews #election2024 #politics,FALSE,04-04-2024,Tablet,es,690,83,44,0.0546
1d617586-8512-4838-93c7-a55a90dc7aa6,592e07f8-6375-4306-a4fd-507508cf0c18,ortizamanda,Male,30,66319,1835,08-02-2018,FALSE,New York,Food,Itself form less need record assume finish natural consider receive city poor onto billion camera in mission start even. Address rather realize red day wonder teach.,165,#homecooking,FALSE,12-05-2024,Android,tr,3241,254,132,0.0547
d4c6b42e-770a-4aca-92ee-b76d866ca908,7b41de21-fe56-42fe-b631-231fa59d91bc,jacqueline11,Other,33,72400,1536,25-12-2016,FALSE,Bursa,Technology,Debate eat green nature could oil design wife majority sound he research family third choose training. Pm modern both try material.,131,#gadgets #innovation,FALSE,29-06-2024,iPhone,de,3563,232,340,0.0571
ad0442e3-0469-461b-a16c-68f1d61f1fad,03525978-9d9a-46d9-8e07-86e5fd496e66,angela72,Other,35,78794,7323,16-06-2020,FALSE,Paris,Music,Point director source possible of only assume food against no son theory choose. Paper always TV whether yard region indicate.,126,#nowplaying #musiclover #playlist,TRUE,13-05-2024,Android,tr,3962,204,307,0.0568
308ae128-8a24-4a66-b470-9c937ff4b33e,a18fc99f-7104-425a-92fd-4c8624ddc630,benitezjeffrey,Male,36,4906,1285,14-12-2021,FALSE,London,Travel,That kind anyone mouth sort way teach certain west Mrs different charge. Behavior free their the senior spend.,110,#wanderlust #vacationvibes #travelgram,FALSE,13-10-2024,Android,en,249,25,15,0.0589
95c2e999-983b-45ab-b99f-d4385ede4347,cce48a9c-8b8b-4805-87d2-d9b5077b319c,rebecca85,Other,39,9851,1280,10-05-2022,FALSE,Antalya,Food,Against then care style usually day sound defense strong mother father leave explain reason technology final million research test. Resource second pay but me customer pattern.,176,#instafood,FALSE,01-07-2024,Tablet,fr,490,47,19,0.0564
5f589813-e1b3-4b64-a0c0-0a28448ddfb0,9741caf6-fda6-4017-bfd2-8d29a4a79ee0,annagonzales,Female,35,50244,6171,17-10-2020,TRUE,Madrid,Fitness,Final tax various tell edge defense nice and scientist pressure eat go say. Outside question feel black no senior member.,121,#workout,FALSE,07-09-2024,Web,fr,2468,339,71,0.0573
976e5a32-fdfa-4de2-8edc-07cf7000d8ff,4a33df5f-6525-461f-9af5-923d110ec40b,claudia35,Female,53,67840,6927,14-02-2019,FALSE,Paris,Technology,Ok identify beautiful herself north Mrs nearly money agent forward pick war word dark less game safe region control argue prepare soldier expect education win. Ahead employee PM.,178,#innovation,FALSE,18-08-2024,Web,tr,3538,303,116,0.0583
34339aa5-3319-42c6-bbaa-95be652121d5,fcc9e5fa-7b7a-432c-b715-834800a751b7,matthew77,Other,47,54979,6003,04-12-2019,FALSE,Istanbul,Health,Avoid since develop away month necessary time something writer candidate every firm either Republican face part. Work goal ready find rule.,139,#wellness,FALSE,08-10-2024,Android,tr,2717,286,211,0.0585
9c0277eb-034d-41f1-952a-444de223ee9f,d3590905-9e95-4ff6-a50c-8162c43abe1d,cindy08,Male,32,20272,5006,29-12-2020,FALSE,New York,Fashion,Operation set standard what edge whole vote rule century event car big. Cold sure actually senior east deep animal.,115,#style,TRUE,12-06-2024,Tablet,en,938,52,32,0.0504
0cd801a6-0e43-4076-893b-3c50ca7fe65e,102e0fb1-4dad-415c-9229-bfbb4bbd8ad3,lellis,Male,42,55667,6149,17-10-2023,FALSE,Paris,Politics,Civil street wish spend key child probably character lawyer second consumer leave provide into. Floor fly camera personal type political crime.,143,#news #worldnews #election2024 #politics,FALSE,03-07-2024,Android,de,2762,399,104,0.0587
e3b826a6-6cb9-4975-baac-3c00dc10d37b,93d84cd7-41a5-43ba-bebe-cf50c3c5391e,adamslucas,Other,50,89900,2092,16-08-2024,FALSE,London,Politics,Town movie military citizen medical operation campaign system. The car condition worker foot.,93,#worldnews #politics,FALSE,13-07-2024,Tablet,en,4547,258,381,0.0577
a8d5ac3b-8e89-4bc3-9a8d-2b17471063c2,34136ce3-40cb-4bde-a48d-d61f1b9217a8,onealaustin,Other,34,29432,574,02-09-2017,FALSE,Berlin,Fitness,Believe stock moment everyone free western television election partner still a gas another economy amount job others. Evening fly stage week maybe.,147,#gymtime #fitlife #healthylifestyle #workout,TRUE,11-06-2024,Tablet,en,1462,166,40,0.0567
934f3d50-78ec-473f-bf17-c39f245c0d55,8476222d-ba4b-4c0b-a277-bca9b6958683,qcook,Other,25,65330,3854,29-12-2016,FALSE,Antalya,Memes,Lose me close fire enter his for ago condition hair miss. Bed blue edge mean.,77,#relatable #memeoftheday #funny,TRUE,18-12-2024,Web,tr,3296,429,101,0.0586
4dd942e1-5cf5-4640-9251-0eca30b92fb4,f5d9e1f3-9ec5-40da-9707-05760da96df4,dwhite,Male,59,78092,3903,20-06-2019,FALSE,London,Travel,Keep sister former professional question will time week exist enter. Try at low when me.,88,#vacationvibes,TRUE,15-05-2024,Web,fr,3843,510,306,0.0597
6f924c36-b764-4605-8857-5d739f26da73,5bb6e1cc-59aa-4344-890a-d826a93d035c,joshua71,Male,44,52536,694,01-04-2022,FALSE,Istanbul,Travel,Miss course tree college floor material whatever different something your. Name building which watch set particular project.,124,#explore #vacationvibes #wanderlust #travelgram,FALSE,10-10-2024,Tablet,en,2736,307,211,0.0619
63ddf481-d538-4472-ba9a-7f683f576de4,506b3922-6d49-4876-b25f-57d37a4504a6,batkins,Male,33,43187,3426,26-03-2022,FALSE,Izmir,Fitness,Help partner maintain tree budget tough nor professor thousand unit drop likely somebody hit always left small think. Accept see few message worker.,148,#workout #healthylifestyle,FALSE,07-10-2024,Android,en,2185,182,37,0.0557
2d68084e-42e3-4f56-87a3-d13f3f068128,4ae7de75-4f1c-43c8-ba75-6adc8fa218a5,annalewis,Other,56,12861,5847,30-07-2024,FALSE,Paris,Finance,Mr cut others design more arm doctor represent still five attack sense though theory life think wife box per space too. Today light over body stand.,148,#stockmarket #investing,FALSE,02-04-2024,Tablet,de,628,43,13,0.0532
dbce8e48-ee4d-4bca-8d60-47791ec1fc6b,844e9ca6-132e-4f63-a7c4-19170086c44a,sullivanjennifer,Other,52,31796,1169,13-01-2017,FALSE,London,Finance,Could every mission field career director improve us four hair agency business top green method accept him wear hand morning benefit. Building old song some debate ago always he.,178,#money,FALSE,19-08-2024,Tablet,tr,1528,191,49,0.0556
f36b9527-8a4d-40a2-9936-ad9abf886f1e,9c6ddfdc-a86e-4d7f-93ad-d47171cc1f2d,andrew90,Male,34,26005,7600,10-09-2024,FALSE,Madrid,Education,Mention raise per reduce hundred degree create worker state find we heart bad garden pass generation church choice know pay save. About sit line consumer economy discuss inside.,177,#students #edtech,TRUE,20-08-2024,iPhone,tr,1228,144,22,0.0536
0881f8a3-a896-455a-a648-ca0949c07335,21645c7c-d349-4767-8628-bb182722fd29,livingstonstacy,Other,22,13945,4737,26-12-2021,FALSE,Berlin,Technology,Statement land either quality social activity. Our have begin why catch practice.,81,#tech #gadgets #future #innovation,TRUE,30-12-2024,iPhone,es,707,36,53,0.0571
19b4c091-e602-433f-9653-1a364a94848e,7b6649b3-1bf9-4c41-9e25-b74b7a8f6227,reyesronald,Other,56,91220,202,28-03-2021,FALSE,Ankara,Technology,Social if themselves can read others become throw. Last assume ahead story in culture.,86,#innovation #gadgets,TRUE,16-04-2024,Tablet,fr,4569,355,321,0.0575
136cdf0f-be89-4229-a384-168d8e43194f,4894916a-bb9e-4f92-8477-ae526c42b83a,cbaker,Female,51,60393,163,10-05-2020,FALSE,Madrid,Photography,Continue beat cup computer soon amount cut officer rest full miss common language option drop simply. Their during father.,122,#snapshot,TRUE,12-10-2024,Tablet,tr,3016,202,73,0.0545
3732ba00-cd50-43ce-93e0-f5f205a1cd6c,4a4b7f6b-e933-49fc-8cb3-e5465edda90c,thomasnancy,Male,39,94733,6814,02-02-2017,FALSE,Izmir,Technology,Security close eight first film start stock beat quality but child site standard discussion practice various interesting discuss free line. Prevent president vote friend or allow.,179,#tech #innovation #gadgets,TRUE,09-10-2024,Android,de,4701,572,411,0.06
98b6ca77-3c9d-4375-b0d7-bf078b127855,9c349a0f-8c11-4457-b839-814729b17c86,shellyobrien,Female,51,42179,8187,28-10-2023,FALSE,Izmir,Photography,Film defense positive past inside consumer general above single than new garden table. Physical able address national test not reduce little.,141,#photooftheday #travelphotography #snapshot,TRUE,06-02-2025,Tablet,de,2148,193,134,0.0587
fe8bb7cc-3b57-478b-9f2b-b7faeca2900f,578dc696-3e0e-4c1c-8f19-cac116a08fb5,maria66,Female,37,50879,9845,31-10-2016,FALSE,Berlin,Fashion,Dream beat hotel maybe car learn within enough future writer concern he sea couple traditional scene person trouble rule. Room cover recently.,142,#fashionista,TRUE,17-12-2024,Android,es,2519,278,74,0.0564
1db81551-9f6a-4f77-9773-f97db68d5c80,271eb9a3-ee34-45e3-a3d0-d91b5a7f071c,tgonzalez,Female,20,26865,8807,21-07-2020,FALSE,Madrid,Education,Memory run finally maintain measure never audience since reason good special Republican international through finally class. Response cost in buy hit.,150,#learning #knowledge,TRUE,29-06-2024,Tablet,en,1338,128,28,0.0556
d67520c4-ac38-48a8-bbc5-6d16ab949171,49642699-0c3a-49c3-bd29-95b1276e51a7,laurahansen,Female,27,44658,6848,28-02-2024,TRUE,New York,Art,Series exactly learn start group nothing shoulder appear above statement military push choice officer we free wind. Head well trouble century media.,148,#creativity #digitalart,FALSE,23-06-2024,iPhone,es,2333,340,107,0.0623
73635c5a-eacf-4341-ad73-914c6d51f299,acb51a30-70c8-45da-ab0a-4576c3122467,zparsons,Other,57,97370,70,22-03-2018,FALSE,Bursa,Health,Half simply population tend computer would star seem everything admit method free enjoy threat teach. Others prepare our system.,128,#healthtips,FALSE,25-06-2024,Tablet,de,4944,453,243,0.0579
8a11df3c-6e35-404d-8761-0265638ae411,24318f6e-8f03-4b83-af42-260c29e73d05,haileybates,Female,25,16247,404,23-12-2015,FALSE,Bursa,Pets,Gas answer about nice American rest believe central all toward general seven young pattern sell after popular everyone. Throughout bag raise.,141,#dogsoftwitter #petlover #catlife,TRUE,17-06-2024,iPhone,tr,780,94,9,0.0543
9527b8ea-6568-446c-b046-b6fe44fc7ea3,c6113387-efa6-4ad0-8c38-5a705902346e,chelseastrickland,Female,53,50069,9489,12-02-2024,FALSE,Izmir,Fashion,Hospital our however seat pick. Market evening option treat.,60,#ootd #lookbook #fashionista #style,FALSE,23-07-2024,Tablet,tr,2374,195,108,0.0535
68de8a63-9f79-4087-b134-ad50e78b11a4,a2990f93-2add-425a-bef6-eebde16262d0,robertabbott,Female,33,62599,2678,05-02-2025,FALSE,Madrid,Fitness,Actually another by more door. Service site dog build order prove its.,70,#workout #healthylifestyle,FALSE,01-02-2025,iPhone,de,3169,469,100,0.0597
,,,,,,,,,,,,,,,,,,,,,
,,,,,,,,,,,,,,,,,,,,,
,,,,,,,,,,,,,,,,,,,,,
,,,,,,,,,,,,,,,,,,,,,
,,,,,,,,,,,,,,,,,,,,,
,,,,,,,,,,,,,,,,,,,,,
,,,,,,,,,,,,,,,,,,,,,
,,,,,,,,,,,,,,,,,,,,,
,,,,,,,,,,,,,,,,,,,,,
,,,,,,,,,,,,,,,,,,,,,
,,,,,,,,,,,,,,,,,,,,,
,,,,,,,,,,,,,,,,,,,,,
,,,,,,,,,,,,,,,,,,,,,
,,,,,,,,,,,,,,,,,,,,,
,,,,,,,,,,,,,,,,,,,,,
,,,,,,,,,,,,,,,,,,,,,
,,,,,,,,,,,,,,,,,,,,,
,,,,,,,,,,,,,,,,,,,,,
,,,,,,,,,,,,,,,,,,,,,
,,,,,,,,,,,,,,,,,,,,,
,,,,,,,,,,,,,,,,,,,,,
,,,,,,,,,,,,,,,,,,,,,
,,,,,,,,,,,,,,,,,,,,,
,,,,,,,,,,,,,,,,,,,,,
,,,,,,,,,,,,,,,,,,,,,
,,,,,,,,,,,,,,,,,,,,,
,,,,,,,,,,,,,,,,,,,,,
,,,,,,,,,,,,,,,,,,,,,
,,,,,,,,,,,,,,,,,,,,,
,,,,,,,,,,,,,,,,,,,,,
,,,,,,,,,,,,,,,,,,,,,
,,,,,,,,,,,,,,,,,,,,,
,,,,,,,,,,,,,,,,,,,,,
,,,,,,,,,,,,,,,,,,,,,
,,,,,,,,,,,,,,,,,,,,,
,,,,,,,,,,,,,,,,,,,,,
,,,,,,,,,,,,,,,,,,,,,
,,,,,,,,,,,,,,,,,,,,,
,,,,,,,,,,,,,,,,,,,,,
,,,,,,,,,,,,,,,,,,,,,
,,,,,,,,,,,,,,,,,,,,,
,,,,,,,,,,,,,,,,,,,,,
,,,,,,,,,,,,,,,,,,,,,
,,,,,,,,,,,,,,,,,,,,,
,,,,,,,,,,,,,,,,,,,,,
,,,,,,,,,,,,,,,,,,,,,
,,,,,,,,,,,,,,,,,,,,,
,,,,,,,,,,,,,,,,,,,,,
,,,,,,,,,,,,,,,,,,,,,
,,,,,,,,,,,,,,,,,,,,,
,,,,,,,,,,,,,,,,,,,,,
,,,,,,,,,,,,,,,,,,,,,
,,,,,,,,,,,,,,,,,,,,,
,,,,,,,,,,,,,,,,,,,,,
,,,,,,,,,,,,,,,,,,,,,
,,,,,,,,,,,,,,,,,,,,,
,,,,,,,,,,,,,,,,,,,,,
,,,,,,,,,,,,,,,,,,,,,
,,,,,,,,,,,,,,,,,,,,,
,,,,,,,,,,,,,,,,,,,,,
,,,,,,,,,,,,,,,,,,,,,
,,,,,,,,,,,,,,,,,,,,,
,,,,,,,,,,,,,,,,,,,,,
,,,,,,,,,,,,,,,,,,,,,
,,,,,,,,,,,,,,,,,,,,,
,,,,,,,,,,,,,,,,,,,,,
,,,,,,,,,,,,,,,,,,,,,
,,,,,,,,,,,,,,,,,,,,,
,,,,,,,,,,,,,,,,,,,,,
,,,,,,,,,,,,,,,,,,,,,
,,,,,,,,,,,,,,,,,,,,,
,,,,,,,,,,,,,,,,,,,,,
,,,,,,,,,,,,,,,,,,,,,
,,,,,,,,,,,,,,,,,,,,,
,,,,,,,,,,,,,,,,,,,,,
,,,,,,,,,,,,,,,,,,,,,
,,,,,,,,,,,,,,,,,,,,,
,,,,,,,,,,,,,,,,,,,,,
,,,,,,,,,,,,,,,,,,,,,
,,,,,,,,,,,,,,,,,,,,,
,,,,,,,,,,,,,,,,,,,,,
,,,,,,,,,,,,,,,,,,,,,
,,,,,,,,,,,,,,,,,,,,,
,,,,,,,,,,,,,,,,,,,,,
,,,,,,,,,,,,,,,,,,,,,
,,,,,,,,,,,,,,,,,,,,,
,,,,,,,,,,,,,,,,,,,,,
,,,,,,,,,,,,,,,,,,,,,
,,,,,,,,,,,,,,,,,,,,,
,,,,,,,,,,,,,,,,,,,,,
,,,,,,,,,,,,,,,,,,,,,
,,,,,,,,,,,,,,,,,,,,,
,,,,,,,,,,,,,,,,,,,,,
,,,,,,,,,,,,,,,,,,,,,
,,,,,,,,,,,,,,,,,,,,,
,,,,,,,,,,,,,,,,,,,,,
,,,,,,,,,,,,,,,,,,,,,
,,,,,,,,,,,,,,,,,,,,,
,,,,,,,,,,,,,,,,,,,,,
,,,,,,,,,,,,,,,,,,,,,
,,,,,,,,,,,,,,,,,,,,,
,,,,,,,,,,,,,,,,,,,,,
,,,,,,,,,,,,,,,,,,,,,
,,,,,,,,,,,,,,,,,,,,,
,,,,,,,,,,,,,,,,,,,,,
,,,,,,,,,,,,,,,,,,,,,
,,,,,,,,,,,,,,,,,,,,,
,,,,,,,,,,,,,,,,,,,,,
,,,,,,,,,,,,,,,,,,,,,
,,,,,,,,,,,,,,,,,,,,,
,,,,,,,,,,,,,,,,,,,,,
,,,,,,,,,,,,,,,,,,,,,
,,,,,,,,,,,,,,,,,,,,,
,,,,,,,,,,,,,,,,,,,,,
,,,,,,,,,,,,,,,,,,,,,
,,,,,,,,,,,,,,,,,,,,,
,,,,,,,,,,,,,,,,,,,,,
,,,,,,,,,,,,,,,,,,,,,
,,,,,,,,,,,,,,,,,,,,,
,,,,,,,,,,,,,,,,,,,,,
,,,,,,,,,,,,,,,,,,,,,
,,,,,,,,,,,,,,,,,,,,,
,,,,,,,,,,,,,,,,,,,,,
,,,,,,,,,,,,,,,,,,,,,
,,,,,,,,,,,,,,,,,,,,,
,,,,,,,,,,,,,,,,,,,,,
,,,,,,,,,,,,,,,,,,,,,
,,,,,,,,,,,,,,,,,,,,,
,,,,,,,,,,,,,,,,,,,,,
,,,,,,,,,,,,,,,,,,,,,
,,,,,,,,,,,,,,,,,,,,,
,,,,,,,,,,,,,,,,,,,,,
,,,,,,,,,,,,,,,,,,,,,
,,,,,,,,,,,,,,,,,,,,,
,,,,,,,,,,,,,,,,,,,,,
,,,,,,,,,,,,,,,,,,,,,
,,,,,,,,,,,,,,,,,,,,,
,,,,,,,,,,,,,,,,,,,,,
,,,,,,,,,,,,,,,,,,,,,
,,,,,,,,,,,,,,,,,,,,,
,,,,,,,,,,,,,,,,,,,,,
,,,,,,,,,,,,,,,,,,,,,
,,,,,,,,,,,,,,,,,,,,,
,,,,,,,,,,,,,,,,,,,,,
,,,,,,,,,,,,,,,,,,,,,
,,,,,,,,,,,,,,,,,,,,,
,,,,,,,,,,,,,,,,,,,,,
,,,,,,,,,,,,,,,,,,,,,
,,,,,,,,,,,,,,,,,,,,,
,,,,,,,,,,,,,,,,,,,,,
,,,,,,,,,,,,,,,,,,,,,
,,,,,,,,,,,,,,,,,,,,,
,,,,,,,,,,,,,,,,,,,,,
,,,,,,,,,,,,,,,,,,,,,
,,,,,,,,,,,,,,,,,,,,,
,,,,,,,,,,,,,,,,,,,,,
,,,,,,,,,,,,,,,,,,,,,
,,,,,,,,,,,,,,,,,,,,,
,,,,,,,,,,,,,,,,,,,,,
,,,,,,,,,,,,,,,,,,,,,
,,,,,,,,,,,,,,,,,,,,,
,,,,,,,,,,,,,,,,,,,,,
,,,,,,,,,,,,,,,,,,,,,
,,,,,,,,,,,,,,,,,,,,,
,,,,,,,,,,,,,,,,,,,,,
,,,,,,,,,,,,,,,,,,,,,
,,,,,,,,,,,,,,,,,,,,,
,,,,,,,,,,,,,,,,,,,,,
,,,,,,,,,,,,,,,,,,,,,
,,,,,,,,,,,,,,,,,,,,,
,,,,,,,,,,,,,,,,,,,,,
,,,,,,,,,,,,,,,,,,,,,
,,,,,,,,,,,,,,,,,,,,,
,,,,,,,,,,,,,,,,,,,,,
,,,,,,,,,,,,,,,,,,,,,
,,,,,,,,,,,,,,,,,,,,,
,,,,,,,,,,,,,,,,,,,,,
,,,,,,,,,,,,,,,,,,,,,
,,,,,,,,,,,,,,,,,,,,,
,,,,,,,,,,,,,,,,,,,,,
,,,,,,,,,,,,,,,,,,,,,
,,,,,,,,,,,,,,,,,,,,,
,,,,,,,,,,,,,,,,,,,,,
,,,,,,,,,,,,,,,,,,,,,
,,,,,,,,,,,,,,,,,,,,,
,,,,,,,,,,,,,,,,,,,,,
,,,,,,,,,,,,,,,,,,,,,
,,,,,,,,,,,,,,,,,,,,,
,,,,,,,,,,,,,,,,,,,,,
,,,,,,,,,,,,,,,,,,,,,
,,,,,,,,,,,,,,,,,,,,,
,,,,,,,,,,,,,,,,,,,,,
,,,,,,,,,,,,,,,,,,,,,
,,,,,,,,,,,,,,,,,,,,,
,,,,,,,,,,,,,,,,,,,,,
,,,,,,,,,,,,,,,,,,,,,
,,,,,,,,,,,,,,,,,,,,,
,,,,,,,,,,,,,,,,,,,,,
,,,,,,,,,,,,,,,,,,,,,
,,,,,,,,,,,,,,,,,,,,,
,,,,,,,,,,,,,,,,,,,,,
,,,,,,,,,,,,,,,,,,,,,
,,,,,,,,,,,,,,,,,,,,,
,,,,,,,,,,,,,,,,,,,,,
,,,,,,,,,,,,,,,,,,,,,
,,,,,,,,,,,,,,,,,,,,,
,,,,,,,,,,,,,,,,,,,,,
,,,,,,,,,,,,,,,,,,,,,
,,,,,,,,,,,,,,,,,,,,,
,,,,,,,,,,,,,,,,,,,,,
,,,,,,,,,,,,,,,,,,,,,
,,,,,,,,,,,,,,,,,,,,,
,,,,,,,,,,,,,,,,,,,,,
,,,,,,,,,,,,,,,,,,,,,
,,,,,,,,,,,,,,,,,,,,,
,,,,,,,,,,,,,,,,,,,,,
,,,,,,,,,,,,,,,,,,,,,
,,,,,,,,,,,,,,,,,,,,,
,,,,,,,,,,,,,,,,,,,,,
,,,,,,,,,,,,,,,,,,,,,
,,,,,,,,,,,,,,,,,,,,,
,,,,,,,,,,,,,,,,,,,,,
,,,,,,,,,,,,,,,,,,,,,
,,,,,,,,,,,,,,,,,,,,,
,,,,,,,,,,,,,,,,,,,,,
,,,,,,,,,,,,,,,,,,,,,
,,,,,,,,,,,,,,,,,,,,,
,,,,,,,,,,,,,,,,,,,,,
,,,,,,,,,,,,,,,,,,,,,
,,,,,,,,,,,,,,,,,,,,,
,,,,,,,,,,,,,,,,,,,,,
,,,,,,,,,,,,,,,,,,,,,
,,,,,,,,,,,,,,,,,,,,,
,,,,,,,,,,,,,,,,,,,,,
,,,,,,,,,,,,,,,,,,,,,
,,,,,,,,,,,,,,,,,,,,,
,,,,,,,,,,,,,,,,,,,,,
,,,,,,,,,,,,,,,,,,,,,
,,,,,,,,,,,,,,,,,,,,,
,,,,,,,,,,,,,,,,,,,,,
,,,,,,,,,,,,,,,,,,,,,
,,,,,,,,,,,,,,,,,,,,,
,,,,,,,,,,,,,,,,,,,,,
,,,,,,,,,,,,,,,,,,,,,
,,,,,,,,,,,,,,,,,,,,,
,,,,,,,,,,,,,,,,,,,,,
,,,,,,,,,,,,,,,,,,,,,
,,,,,,,,,,,,,,,,,,,,,
,,,,,,,,,,,,,,,,,,,,,
,,,,,,,,,,,,,,,,,,,,,
,,,,,,,,,,,,,,,,,,,,,
,,,,,,,,,,,,,,,,,,,,,
,,,,,,,,,,,,,,,,,,,,,
,,,,,,,,,,,,,,,,,,,,,
,,,,,,,,,,,,,,,,,,,,,
,,,,,,,,,,,,,,,,,,,,,
,,,,,,,,,,,,,,,,,,,,,
,,,,,,,,,,,,,,,,,,,,,
,,,,,,,,,,,,,,,,,,,,,
,,,,,,,,,,,,,,,,,,,,,
,,,,,,,,,,,,,,,,,,,,,
,,,,,,,,,,,,,,,,,,,,,
,,,,,,,,,,,,,,,,,,,,,
,,,,,,,,,,,,,,,,,,,,,
,,,,,,,,,,,,,,,,,,,,,
,,,,,,,,,,,,,,,,,,,,,
,,,,,,,,,,,,,,,,,,,,,
,,,,,,,,,,,,,,,,,,,,,
,,,,,,,,,,,,,,,,,,,,,
,,,,,,,,,,,,,,,,,,,,,
,,,,,,,,,,,,,,,,,,,,,
,,,,,,,,,,,,,,,,,,,,,
,,,,,,,,,,,,,,,,,,,,,
,,,,,,,,,,,,,,,,,,,,,
,,,,,,,,,,,,,,,,,,,,,
,,,,,,,,,,,,,,,,,,,,,
,,,,,,,,,,,,,,,,,,,,,
,,,,,,,,,,,,,,,,,,,,,
,,,,,,,,,,,,,,,,,,,,,
,,,,,,,,,,,,,,,,,,,,,
,,,,,,,,,,,,,,,,,,,,,
,,,,,,,,,,,,,,,,,,,,,
,,,,,,,,,,,,,,,,,,,,,
,,,,,,,,,,,,,,,,,,,,,
,,,,,,,,,,,,,,,,,,,,,
,,,,,,,,,,,,,,,,,,,,,
,,,,,,,,,,,,,,,,,,,,,
,,,,,,,,,,,,,,,,,,,,,
,,,,,,,,,,,,,,,,,,,,,
,,,,,,,,,,,,,,,,,,,,,
,,,,,,,,,,,,,,,,,,,,,
,,,,,,,,,,,,,,,,,,,,,
,,,,,,,,,,,,,,,,,,,,,
,,,,,,,,,,,,,,,,,,,,,
,,,,,,,,,,,,,,,,,,,,,
,,,,,,,,,,,,,,,,,,,,,
,,,,,,,,,,,,,,,,,,,,,
,,,,,,,,,,,,,,,,,,,,,
,,,,,,,,,,,,,,,,,,,,,
,,,,,,,,,,,,,,,,,,,,,
,,,,,,,,,,,,,,,,,,,,,
,,,,,,,,,,,,,,,,,,,,,
,,,,,,,,,,,,,,,,,,,,,
,,,,,,,,,,,,,,,,,,,,,
,,,,,,,,,,,,,,,,,,,,,
,,,,,,,,,,,,,,,,,,,,,
,,,,,,,,,,,,,,,,,,,,,
,,,,,,,,,,,,,,,,,,,,,
,,,,,,,,,,,,,,,,,,,,,
,,,,,,,,,,,,,,,,,,,,,
,,,,,,,,,,,,,,,,,,,,,
,,,,,,,,,,,,,,,,,,,,,
,,,,,,,,,,,,,,,,,,,,,
,,,,,,,,,,,,,,,,,,,,,
,,,,,,,,,,,,,,,,,,,,,
,,,,,,,,,,,,,,,,,,,,,
,,,,,,,,,,,,,,,,,,,,,
,,,,,,,,,,,,,,,,,,,,,
,,,,,,,,,,,,,,,,,,,,,
,,,,,,,,,,,,,,,,,,,,,
,,,,,,,,,,,,,,,,,,,,,
,,,,,,,,,,,,,,,,,,,,,
,,,,,,,,,,,,,,,,,,,,,
,,,,,,,,,,,,,,,,,,,,,
,,,,,,,,,,,,,,,,,,,,,
,,,,,,,,,,,,,,,,,,,,,
,,,,,,,,,,,,,,,,,,,,,
,,,,,,,,,,,,,,,,,,,,,
,,,,,,,,,,,,,,,,,,,,,
,,,,,,,,,,,,,,,,,,,,,
,,,,,,,,,,,,,,,,,,,,,
,,,,,,,,,,,,,,,,,,,,,
,,,,,,,,,,,,,,,,,,,,,
,,,,,,,,,,,,,,,,,,,,,
,,,,,,,,,,,,,,,,,,,,,
,,,,,,,,,,,,,,,,,,,,,
,,,,,,,,,,,,,,,,,,,,,
,,,,,,,,,,,,,,,,,,,,,
,,,,,,,,,,,,,,,,,,,,,
,,,,,,,,,,,,,,,,,,,,,
,,,,,,,,,,,,,,,,,,,,,
,,,,,,,,,,,,,,,,,,,,,
,,,,,,,,,,,,,,,,,,,,,
,,,,,,,,,,,,,,,,,,,,,
,,,,,,,,,,,,,,,,,,,,,
,,,,,,,,,,,,,,,,,,,,,
,,,,,,,,,,,,,,,,,,,,,
,,,,,,,,,,,,,,,,,,,,,
,,,,,,,,,,,,,,,,,,,,,
,,,,,,,,,,,,,,,,,,,,,
,,,,,,,,,,,,,,,,,,,,,
,,,,,,,,,,,,,,,,,,,,,
,,,,,,,,,,,,,,,,,,,,,
,,,,,,,,,,,,,,,,,,,,,
,,,,,,,,,,,,,,,,,,,,,
,,,,,,,,,,,,,,,,,,,,,
,,,,,,,,,,,,,,,,,,,,,
,,,,,,,,,,,,,,,,,,,,,
,,,,,,,,,,,,,,,,,,,,,
,,,,,,,,,,,,,,,,,,,,,
,,,,,,,,,,,,,,,,,,,,,
,,,,,,,,,,,,,,,,,,,,,
,,,,,,,,,,,,,,,,,,,,,
,,,,,,,,,,,,,,,,,,,,,
,,,,,,,,,,,,,,,,,,,,,
,,,,,,,,,,,,,,,,,,,,,
,,,,,,,,,,,,,,,,,,,,,
,,,,,,,,,,,,,,,,,,,,,
,,,,,,,,,,,,,,,,,,,,,
,,,,,,,,,,,,,,,,,,,,,
,,,,,,,,,,,,,,,,,,,,,
,,,,,,,,,,,,,,,,,,,,,
,,,,,,,,,,,,,,,,,,,,,
,,,,,,,,,,,,,,,,,,,,,
,,,,,,,,,,,,,,,,,,,,,
,,,,,,,,,,,,,,,,,,,,,
,,,,,,,,,,,,,,,,,,,,,
,,,,,,,,,,,,,,,,,,,,,
,,,,,,,,,,,,,,,,,,,,,
,,,,,,,,,,,,,,,,,,,,,
,,,,,,,,,,,,,,,,,,,,,
,,,,,,,,,,,,,,,,,,,,,
,,,,,,,,,,,,,,,,,,,,,
,,,,,,,,,,,,,,,,,,,,,
,,,,,,,,,,,,,,,,,,,,,
,,,,,,,,,,,,,,,,,,,,,
,,,,,,,,,,,,,,,,,,,,,
,,,,,,,,,,,,,,,,,,,,,
,,,,,,,,,,,,,,,,,,,,,
,,,,,,,,,,,,,,,,,,,,,
,,,,,,,,,,,,,,,,,,,,,
,,,,,,,,,,,,,,,,,,,,,
,,,,,,,,,,,,,,,,,,,,,
,,,,,,,,,,,,,,,,,,,,,
,,,,,,,,,,,,,,,,,,,,,
,,,,,,,,,,,,,,,,,,,,,
,,,,,,,,,,,,,,,,,,,,,
,,,,,,,,,,,,,,,,,,,,,
,,,,,,,,,,,,,,,,,,,,,
,,,,,,,,,,,,,,,,,,,,,
,,,,,,,,,,,,,,,,,,,,,
,,,,,,,,,,,,,,,,,,,,,
,,,,,,,,,,,,,,,,,,,,,
,,,,,,,,,,,,,,,,,,,,,
,,,,,,,,,,,,,,,,,,,,,
,,,,,,,,,,,,,,,,,,,,,
,,,,,,,,,,,,,,,,,,,,,
,,,,,,,,,,,,,,,,,,,,,
,,,,,,,,,,,,,,,,,,,,,
,,,,,,,,,,,,,,,,,,,,,
,,,,,,,,,,,,,,,,,,,,,
,,,,,,,,,,,,,,,,,,,,,
,,,,,,,,,,,,,,,,,,,,,
,,,,,,,,,,,,,,,,,,,,,
,,,,,,,,,,,,,,,,,,,,,
,,,,,,,,,,,,,,,,,,,,,
,,,,,,,,,,,,,,,,,,,,,
,,,,,,,,,,,,,,,,,,,,,
,,,,,,,,,,,,,,,,,,,,,
,,,,,,,,,,,,,,,,,,,,,
,,,,,,,,,,,,,,,,,,,,,
,,,,,,,,,,,,,,,,,,,,,
,,,,,,,,,,,,,,,,,,,,,
,,,,,,,,,,,,,,,,,,,,,
,,,,,,,,,,,,,,,,,,,,,
,,,,,,,,,,,,,,,,,,,,,
,,,,,,,,,,,,,,,,,,,,,
,,,,,,,,,,,,,,,,,,,,,
,,,,,,,,,,,,,,,,,,,,,
,,,,,,,,,,,,,,,,,,,,,
,,,,,,,,,,,,,,,,,,,,,
,,,,,,,,,,,,,,,,,,,,,
,,,,,,,,,,,,,,,,,,,,,
,,,,,,,,,,,,,,,,,,,,,
,,,,,,,,,,,,,,,,,,,,,
,,,,,,,,,,,,,,,,,,,,,
,,,,,,,,,,,,,,,,,,,,,
,,,,,,,,,,,,,,,,,,,,,
,,,,,,,,,,,,,,,,,,,,,
,,,,,,,,,,,,,,,,,,,,,
,,,,,,,,,,,,,,,,,,,,,
,,,,,,,,,,,,,,,,,,,,,
,,,,,,,,,,,,,,,,,,,,,
,,,,,,,,,,,,,,,,,,,,,
,,,,,,,,,,,,,,,,,,,,,
,,,,,,,,,,,,,,,,,,,,,
,,,,,,,,,,,,,,,,,,,,,
,,,,,,,,,,,,,,,,,,,,,
,,,,,,,,,,,,,,,,,,,,,
,,,,,,,,,,,,,,,,,,,,,
,,,,,,,,,,,,,,,,,,,,,
,,,,,,,,,,,,,,,,,,,,,
,,,,,,,,,,,,,,,,,,,,,
,,,,,,,,,,,,,,,,,,,,,
,,,,,,,,,,,,,,,,,,,,,
,,,,,,,,,,,,,,,,,,,,,
,,,,,,,,,,,,,,,,,,,,,
,,,,,,,,,,,,,,,,,,,,,
,,,,,,,,,,,,,,,,,,,,,
,,,,,,,,,,,,,,,,,,,,,
,,,,,,,,,,,,,,,,,,,,,
,,,,,,,,,,,,,,,,,,,,,
,,,,,,,,,,,,,,,,,,,,,
,,,,,,,,,,,,,,,,,,,,,
,,,,,,,,,,,,,,,,,,,,,
,,,,,,,,,,,,,,,,,,,,,
,,,,,,,,,,,,,,,,,,,,,
,,,,,,,,,,,,,,,,,,,,,
,,,,,,,,,,,,,,,,,,,,,
,,,,,,,,,,,,,,,,,,,,,
,,,,,,,,,,,,,,,,,,,,,
,,,,,,,,,,,,,,,,,,,,,
,,,,,,,,,,,,,,,,,,,,,
,,,,,,,,,,,,,,,,,,,,,
,,,,,,,,,,,,,,,,,,,,,
,,,,,,,,,,,,,,,,,,,,,
,,,,,,,,,,,,,,,,,,,,,
,,,,,,,,,,,,,,,,,,,,,
,,,,,,,,,,,,,,,,,,,,,
,,,,,,,,,,,,,,,,,,,,,
,,,,,,,,,,,,,,,,,,,,,
,,,,,,,,,,,,,,,,,,,,,
,,,,,,,,,,,,,,,,,,,,,
,,,,,,,,,,,,,,,,,,,,,
,,,,,,,,,,,,,,,,,,,,,
,,,,,,,,,,,,,,,,,,,,,
,,,,,,,,,,,,,,,,,,,,,
,,,,,,,,,,,,,,,,,,,,,
,,,,,,,,,,,,,,,,,,,,,
,,,,,,,,,,,,,,,,,,,,,
,,,,,,,,,,,,,,,,,,,,,
,,,,,,,,,,,,,,,,,,,,,
,,,,,,,,,,,,,,,,,,,,,
,,,,,,,,,,,,,,,,,,,,,
,,,,,,,,,,,,,,,,,,,,,
,,,,,,,,,,,,,,,,,,,,,
,,,,,,,,,,,,,,,,,,,,,
,,,,,,,,,,,,,,,,,,,,,
,,,,,,,,,,,,,,,,,,,,,
,,,,,,,,,,,,,,,,,,,,,
,,,,,,,,,,,,,,,,,,,,,
,,,,,,,,,,,,,,,,,,,,,
,,,,,,,,,,,,,,,,,,,,,
,,,,,,,,,,,,,,,,,,,,,
,,,,,,,,,,,,,,,,,,,,,
,,,,,,,,,,,,,,,,,,,,,
,,,,,,,,,,,,,,,,,,,,,
,,,,,,,,,,,,,,,,,,,,,
,,,,,,,,,,,,,,,,,,,,,
,,,,,,,,,,,,,,,,,,,,,
,,,,,,,,,,,,,,,,,,,,,
,,,,,,,,,,,,,,,,,,,,,
,,,,,,,,,,,,,,,,,,,,,
,,,,,,,,,,,,,,,,,,,,,
,,,,,,,,,,,,,,,,,,,,,
,,,,,,,,,,,,,,,,,,,,,
,,,,,,,,,,,,,,,,,,,,,
,,,,,,,,,,,,,,,,,,,,,
,,,,,,,,,,,,,,,,,,,,,
,,,,,,,,,,,,,,,,,,,,,
,,,,,,,,,,,,,,,,,,,,,
,,,,,,,,,,,,,,,,,,,,,
,,,,,,,,,,,,,,,,,,,,,
,,,,,,,,,,,,,,,,,,,,,
,,,,,,,,,,,,,,,,,,,,,
,,,,,,,,,,,,,,,,,,,,,
,,,,,,,,,,,,,,,,,,,,,
,,,,,,,,,,,,,,,,,,,,,
,,,,,,,,,,,,,,,,,,,,,
,,,,,,,,,,,,,,,,,,,,,
,,,,,,,,,,,,,,,,,,,,,
,,,,,,,,,,,,,,,,,,,,,
,,,,,,,,,,,,,,,,,,,,,
,,,,,,,,,,,,,,,,,,,,,
,,,,,,,,,,,,,,,,,,,,,
,,,,,,,,,,,,,,,,,,,,,
,,,,,,,,,,,,,,,,,,,,,
,,,,,,,,,,,,,,,,,,,,,
,,,,,,,,,,,,,,,,,,,,,
,,,,,,,,,,,,,,,,,,,,,
,,,,,,,,,,,,,,,,,,,,,
,,,,,,,,,,,,,,,,,,,,,
,,,,,,,,,,,,,,,,,,,,,
,,,,,,,,,,,,,,,,,,,,,
,,,,,,,,,,,,,,,,,,,,,
,,,,,,,,,,,,,,,,,,,,,
,,,,,,,,,,,,,,,,,,,,,
,,,,,,,,,,,,,,,,,,,,,
,,,,,,,,,,,,,,,,,,,,,
,,,,,,,,,,,,,,,,,,,,,
,,,,,,,,,,,,,,,,,,,,,
,,,,,,,,,,,,,,,,,,,,,
,,,,,,,,,,,,,,,,,,,,,
,,,,,,,,,,,,,,,,,,,,,
,,,,,,,,,,,,,,,,,,,,,
,,,,,,,,,,,,,,,,,,,,,
,,,,,,,,,,,,,,,,,,,,,
,,,,,,,,,,,,,,,,,,,,,
,,,,,,,,,,,,,,,,,,,,,
,,,,,,,,,,,,,,,,,,,,,
,,,,,,,,,,,,,,,,,,,,,
,,,,,,,,,,,,,,,,,,,,,
,,,,,,,,,,,,,,,,,,,,,
,,,,,,,,,,,,,,,,,,,,,
,,,,,,,,,,,,,,,,,,,,,
,,,,,,,,,,,,,,,,,,,,,
,,,,,,,,,,,,,,,,,,,,,
,,,,,,,,,,,,,,,,,,,,,
,,,,,,,,,,,,,,,,,,,,,
,,,,,,,,,,,,,,,,,,,,,
,,,,,,,,,,,,,,,,,,,,,
,,,,,,,,,,,,,,,,,,,,,
,,,,,,,,,,,,,,,,,,,,,
,,,,,,,,,,,,,,,,,,,,,
,,,,,,,,,,,,,,,,,,,,,
,,,,,,,,,,,,,,,,,,,,,
,,,,,,,,,,,,,,,,,,,,,
,,,,,,,,,,,,,,,,,,,,,
,,,,,,,,,,,,,,,,,,,,,
,,,,,,,,,,,,,,,,,,,,,
,,,,,,,,,,,,,,,,,,,,,
,,,,,,,,,,,,,,,,,,,,,
,,,,,,,,,,,,,,,,,,,,,
,,,,,,,,,,,,,,,,,,,,,
,,,,,,,,,,,,,,,,,,,,,
,,,,,,,,,,,,,,,,,,,,,
,,,,,,,,,,,,,,,,,,,,,
,,,,,,,,,,,,,,,,,,,,,
,,,,,,,,,,,,,,,,,,,,,
,,,,,,,,,,,,,,,,,,,,,
,,,,,,,,,,,,,,,,,,,,,
,,,,,,,,,,,,,,,,,,,,,
,,,,,,,,,,,,,,,,,,,,,
,,,,,,,,,,,,,,,,,,,,,
,,,,,,,,,,,,,,,,,,,,,
,,,,,,,,,,,,,,,,,,,,,
,,,,,,,,,,,,,,,,,,,,,
,,,,,,,,,,,,,,,,,,,,,
,,,,,,,,,,,,,,,,,,,,,
,,,,,,,,,,,,,,,,,,,,,
,,,,,,,,,,,,,,,,,,,,,
,,,,,,,,,,,,,,,,,,,,,
,,,,,,,,,,,,,,,,,,,,,
,,,,,,,,,,,,,,,,,,,,,
,,,,,,,,,,,,,,,,,,,,,
,,,,,,,,,,,,,,,,,,,,,
,,,,,,,,,,,,,,,,,,,,,
,,,,,,,,,,,,,,,,,,,,,
,,,,,,,,,,,,,,,,,,,,,
,,,,,,,,,,,,,,,,,,,,,
,,,,,,,,,,,,,,,,,,,,,
,,,,,,,,,,,,,,,,,,,,,
,,,,,,,,,,,,,,,,,,,,,
,,,,,,,,,,,,,,,,,,,,,
,,,,,,,,,,,,,,,,,,,,,
,,,,,,,,,,,,,,,,,,,,,
,,,,,,,,,,,,,,,,,,,,,
,,,,,,,,,,,,,,,,,,,,,
,,,,,,,,,,,,,,,,,,,,,
,,,,,,,,,,,,,,,,,,,,,
,,,,,,,,,,,,,,,,,,,,,
,,,,,,,,,,,,,,,,,,,,,
,,,,,,,,,,,,,,,,,,,,,
,,,,,,,,,,,,,,,,,,,,,
,,,,,,,,,,,,,,,,,,,,,
,,,,,,,,,,,,,,,,,,,,,
,,,,,,,,,,,,,,,,,,,,,
,,,,,,,,,,,,,,,,,,,,,
,,,,,,,,,,,,,,,,,,,,,
,,,,,,,,,,,,,,,,,,,,,
,,,,,,,,,,,,,,,,,,,,,
,,,,,,,,,,,,,,,,,,,,,
,,,,,,,,,,,,,,,,,,,,,
,,,,,,,,,,,,,,,,,,,,,
,,,,,,,,,,,,,,,,,,,,,
,,,,,,,,,,,,,,,,,,,,,
,,,,,,,,,,,,,,,,,,,,,
,,,,,,,,,,,,,,,,,,,,,
,,,,,,,,,,,,,,,,,,,,,
,,,,,,,,,,,,,,,,,,,,,
,,,,,,,,,,,,,,,,,,,,,
,,,,,,,,,,,,,,,,,,,,,
,,,,,,,,,,,,,,,,,,,,,
,,,,,,,,,,,,,,,,,,,,,
,,,,,,,,,,,,,,,,,,,,,
,,,,,,,,,,,,,,,,,,,,,
,,,,,,,,,,,,,,,,,,,,,
,,,,,,,,,,,,,,,,,,,,,
,,,,,,,,,,,,,,,,,,,,,
,,,,,,,,,,,,,,,,,,,,,
,,,,,,,,,,,,,,,,,,,,,
,,,,,,,,,,,,,,,,,,,,,
,,,,,,,,,,,,,,,,,,,,,
,,,,,,,,,,,,,,,,,,,,,
,,,,,,,,,,,,,,,,,,,,,
,,,,,,,,,,,,,,,,,,,,,
,,,,,,,,,,,,,,,,,,,,,
,,,,,,,,,,,,,,,,,,,,,
,,,,,,,,,,,,,,,,,,,,,
,,,,,,,,,,,,,,,,,,,,,
,,,,,,,,,,,,,,,,,,,,,
,,,,,,,,,,,,,,,,,,,,,
,,,,,,,,,,,,,,,,,,,,,
,,,,,,,,,,,,,,,,,,,,,
,,,,,,,,,,,,,,,,,,,,,
,,,,,,,,,,,,,,,,,,,,,
,,,,,,,,,,,,,,,,,,,,,
,,,,,,,,,,,,,,,,,,,,,
,,,,,,,,,,,,,,,,,,,,,
,,,,,,,,,,,,,,,,,,,,,
,,,,,,,,,,,,,,,,,,,,,
,,,,,,,,,,,,,,,,,,,,,
,,,,,,,,,,,,,,,,,,,,,
,,,,,,,,,,,,,,,,,,,,,
,,,,,,,,,,,,,,,,,,,,,
,,,,,,,,,,,,,,,,,,,,,
,,,,,,,,,,,,,,,,,,,,,
,,,,,,,,,,,,,,,,,,,,,
,,,,,,,,,,,,,,,,,,,,,
,,,,,,,,,,,,,,,,,,,,,
,,,,,,,,,,,,,,,,,,,,,
,,,,,,,,,,,,,,,,,,,,,
,,,,,,,,,,,,,,,,,,,,,
,,,,,,,,,,,,,,,,,,,,,
,,,,,,,,,,,,,,,,,,,,,
,,,,,,,,,,,,,,,,,,,,,
,,,,,,,,,,,,,,,,,,,,,
,,,,,,,,,,,,,,,,,,,,,
,,,,,,,,,,,,,,,,,,,,,
,,,,,,,,,,,,,,,,,,,,,
,,,,,,,,,,,,,,,,,,,,,
,,,,,,,,,,,,,,,,,,,,,
,,,,,,,,,,,,,,,,,,,,,
,,,,,,,,,,,,,,,,,,,,,
,,,,,,,,,,,,,,,,,,,,,
,,,,,,,,,,,,,,,,,,,,,
,,,,,,,,,,,,,,,,,,,,,
,,,,,,,,,,,,,,,,,,,,,
,,,,,,,,,,,,,,,,,,,,,
,,,,,,,,,,,,,,,,,,,,,
,,,,,,,,,,,,,,,,,,,,,
,,,,,,,,,,,,,,,,,,,,,
,,,,,,,,,,,,,,,,,,,,,
,,,,,,,,,,,,,,,,,,,,,
,,,,,,,,,,,,,,,,,,,,,
,,,,,,,,,,,,,,,,,,,,,
,,,,,,,,,,,,,,,,,,,,,
,,,,,,,,,,,,,,,,,,,,,
,,,,,,,,,,,,,,,,,,,,,
,,,,,,,,,,,,,,,,,,,,,
,,,,,,,,,,,,,,,,,,,,,
,,,,,,,,,,,,,,,,,,,,,
,,,,,,,,,,,,,,,,,,,,,
,,,,,,,,,,,,,,,,,,,,,
,,,,,,,,,,,,,,,,,,,,,
,,,,,,,,,,,,,,,,,,,,,
,,,,,,,,,,,,,,,,,,,,,
,,,,,,,,,,,,,,,,,,,,,
,,,,,,,,,,,,,,,,,,,,,
,,,,,,,,,,,,,,,,,,,,,
,,,,,,,,,,,,,,,,,,,,,
,,,,,,,,,,,,,,,,,,,,,
,,,,,,,,,,,,,,,,,,,,,
,,,,,,,,,,,,,,,,,,,,,
,,,,,,,,,,,,,,,,,,,,,
,,,,,,,,,,,,,,,,,,,,,
,,,,,,,,,,,,,,,,,,,,,
,,,,,,,,,,,,,,,,,,,,,
,,,,,,,,,,,,,,,,,,,,,
,,,,,,,,,,,,,,,,,,,,,
,,,,,,,,,,,,,,,,,,,,,
,,,,,,,,,,,,,,,,,,,,,
,,,,,,,,,,,,,,,,,,,,,
,,,,,,,,,,,,,,,,,,,,,
,,,,,,,,,,,,,,,,,,,,,
,,,,,,,,,,,,,,,,,,,,,
,,,,,,,,,,,,,,,,,,,,,
,,,,,,,,,,,,,,,,,,,,,
,,,,,,,,,,,,,,,,,,,,,
,,,,,,,,,,,,,,,,,,,,,
,,,,,,,,,,,,,,,,,,,,,
,,,,,,,,,,,,,,,,,,,,,
,,,,,,,,,,,,,,,,,,,,,
,,,,,,,,,,,,,,,,,,,,,
,,,,,,,,,,,,,,,,,,,,,
,,,,,,,,,,,,,,,,,,,,,
,,,,,,,,,,,,,,,,,,,,,
,,,,,,,,,,,,,,,,,,,,,
,,,,,,,,,,,,,,,,,,,,,
,,,,,,,,,,,,,,,,,,,,,
,,,,,,,,,,,,,,,,,,,,,
,,,,,,,,,,,,,,,,,,,,,
,,,,,,,,,,,,,,,,,,,,,
,,,,,,,,,,,,,,,,,,,,,
,,,,,,,,,,,,,,,,,,,,,
,,,,,,,,,,,,,,,,,,,,,
,,,,,,,,,,,,,,,,,,,,,
,,,,,,,,,,,,,,,,,,,,,
,,,,,,,,,,,,,,,,,,,,,
,,,,,,,,,,,,,,,,,,,,,
,,,,,,,,,,,,,,,,,,,,,
,,,,,,,,,,,,,,,,,,,,,
,,,,,,,,,,,,,,,,,,,,,
,,,,,,,,,,,,,,,,,,,,,
,,,,,,,,,,,,,,,,,,,,,
,,,,,,,,,,,,,,,,,,,,,
,,,,,,,,,,,,,,,,,,,,,
,,,,,,,,,,,,,,,,,,,,,
,,,,,,,,,,,,,,,,,,,,,
,,,,,,,,,,,,,,,,,,,,,
,,,,,,,,,,,,,,,,,,,,,
,,,,,,,,,,,,,,,,,,,,,
,,,,,,,,,,,,,,,,,,,,,
,,,,,,,,,,,,,,,,,,,,,
,,,,,,,,,,,,,,,,,,,,,
,,,,,,,,,,,,,,,,,,,,,
,,,,,,,,,,,,,,,,,,,,,
,,,,,,,,,,,,,,,,,,,,,
,,,,,,,,,,,,,,,,,,,,,
,,,,,,,,,,,,,,,,,,,,,
,,,,,,,,,,,,,,,,,,,,,
,,,,,,,,,,,,,,,,,,,,,
,,,,,,,,,,,,,,,,,,,,,
,,,,,,,,,,,,,,,,,,,,,
,,,,,,,,,,,,,,,,,,,,,
,,,,,,,,,,,,,,,,,,,,,
,,,,,,,,,,,,,,,,,,,,,
,,,,,,,,,,,,,,,,,,,,,
,,,,,,,,,,,,,,,,,,,,,
,,,,,,,,,,,,,,,,,,,,,
,,,,,,,,,,,,,,,,,,,,,
,,,,,,,,,,,,,,,,,,,,,
,,,,,,,,,,,,,,,,,,,,,
,,,,,,,,,,,,,,,,,,,,,
,,,,,,,,,,,,,,,,,,,,,
,,,,,,,,,,,,,,,,,,,,,
,,,,,,,,,,,,,,,,,,,,,
,,,,,,,,,,,,,,,,,,,,,
,,,,,,,,,,,,,,,,,,,,,
,,,,,,,,,,,,,,,,,,,,,
,,,,,,,,,,,,,,,,,,,,,
,,,,,,,,,,,,,,,,,,,,,
,,,,,,,,,,,,,,,,,,,,,
,,,,,,,,,,,,,,,,,,,,,
,,,,,,,,,,,,,,,,,,,,,
,,,,,,,,,,,,,,,,,,,,,
,,,,,,,,,,,,,,,,,,,,,
,,,,,,,,,,,,,,,,,,,,,
,,,,,,,,,,,,,,,,,,,,,
,,,,,,,,,,,,,,,,,,,,,
,,,,,,,,,,,,,,,,,,,,,
,,,,,,,,,,,,,,,,,,,,,
,,,,,,,,,,,,,,,,,,,,,
,,,,,,,,,,,,,,,,,,,,,
,,,,,,,,,,,,,,,,,,,,,
,,,,,,,,,,,,,,,,,,,,,
,,,,,,,,,,,,,,,,,,,,,
,,,,,,,,,,,,,,,,,,,,,
,,,,,,,,,,,,,,,,,,,,,
,,,,,,,,,,,,,,,,,,,,,
,,,,,,,,,,,,,,,,,,,,,
,,,,,,,,,,,,,,,,,,,,,
,,,,,,,,,,,,,,,,,,,,,
,,,,,,,,,,,,,,,,,,,,,
,,,,,,,,,,,,,,,,,,,,,
,,,,,,,,,,,,,,,,,,,,,
,,,,,,,,,,,,,,,,,,,,,
,,,,,,,,,,,,,,,,,,,,,
,,,,,,,,,,,,,,,,,,,,,
,,,,,,,,,,,,,,,,,,,,,
,,,,,,,,,,,,,,,,,,,,,
,,,,,,,,,,,,,,,,,,,,,
,,,,,,,,,,,,,,,,,,,,,
,,,,,,,,,,,,,,,,,,,,,
,,,,,,,,,,,,,,,,,,,,,
,,,,,,,,,,,,,,,,,,,,,
,,,,,,,,,,,,,,,,,,,,,
,,,,,,,,,,,,,,,,,,,,,
,,,,,,,,,,,,,,,,,,,,,
,,,,,,,,,,,,,,,,,,,,,
,,,,,,,,,,,,,,,,,,,,,
,,,,,,,,,,,,,,,,,,,,,
,,,,,,,,,,,,,,,,,,,,,
,,,,,,,,,,,,,,,,,,,,,
,,,,,,,,,,,,,,,,,,,,,
,,,,,,,,,,,,,,,,,,,,,
,,,,,,,,,,,,,,,,,,,,,
,,,,,,,,,,,,,,,,,,,,,
,,,,,,,,,,,,,,,,,,,,,
,,,,,,,,,,,,,,,,,,,,,
,,,,,,,,,,,,,,,,,,,,,
,,,,,,,,,,,,,,,,,,,,,
,,,,,,,,,,,,,,,,,,,,,
,,,,,,,,,,,,,,,,,,,,,
,,,,,,,,,,,,,,,,,,,,,
,,,,,,,,,,,,,,,,,,,,,
,,,,,,,,,,,,,,,,,,,,,
,,,,,,,,,,,,,,,,,,,,,
,,,,,,,,,,,,,,,,,,,,,
,,,,,,,,,,,,,,,,,,,,,
,,,,,,,,,,,,,,,,,,,,,
,,,,,,,,,,,,,,,,,,,,,
,,,,,,,,,,,,,,,,,,,,,
,,,,,,,,,,,,,,,,,,,,,
,,,,,,,,,,,,,,,,,,,,,
,,,,,,,,,,,,,,,,,,,,,
,,,,,,,,,,,,,,,,,,,,,
,,,,,,,,,,,,,,,,,,,,,
,,,,,,,,,,,,,,,,,,,,,
,,,,,,,,,,,,,,,,,,,,,
,,,,,,,,,,,,,,,,,,,,,
,,,,,,,,,,,,,,,,,,,,,
,,,,,,,,,,,,,,,,,,,,,
,,,,,,,,,,,,,,,,,,,,,
,,,,,,,,,,,,,,,,,,,,,
,,,,,,,,,,,,,,,,,,,,,
,,,,,,,,,,,,,,,,,,,,,
,,,,,,,,,,,,,,,,,,,,,
,,,,,,,,,,,,,,,,,,,,,
,,,,,,,,,,,,,,,,,,,,,
,,,,,,,,,,,,,,,,,,,,,
,,,,,,,,,,,,,,,,,,,,,
,,,,,,,,,,,,,,,,,,,,,
,,,,,,,,,,,,,,,,,,,,,
,,,,,,,,,,,,,,,,,,,,,
,,,,,,,,,,,,,,,,,,,,,
,,,,,,,,,,,,,,,,,,,,,
,,,,,,,,,,,,,,,,,,,,,
,,,,,,,,,,,,,,,,,,,,,
,,,,,,,,,,,,,,,,,,,,,
,,,,,,,,,,,,,,,,,,,,,
,,,,,,,,,,,,,,,,,,,,,
,,,,,,,,,,,,,,,,,,,,,
,,,,,,,,,,,,,,,,,,,,,
,,,,,,,,,,,,,,,,,,,,,
,,,,,,,,,,,,,,,,,,,,,
,,,,,,,,,,,,,,,,,,,,,
,,,,,,,,,,,,,,,,,,,,,
,,,,,,,,,,,,,,,,,,,,,
,,,,,,,,,,,,,,,,,,,,,
,,,,,,,,,,,,,,,,,,,,,
,,,,,,,,,,,,,,,,,,,,,
,,,,,,,,,,,,,,,,,,,,,
,,,,,,,,,,,,,,,,,,,,,
,,,,,,,,,,,,,,,,,,,,,
,,,,,,,,,,,,,,,,,,,,,
,,,,,,,,,,,,,,,,,,,,,
,,,,,,,,,,,,,,,,,,,,,
,,,,,,,,,,,,,,,,,,,,,
,,,,,,,,,,,,,,,,,,,,,
,,,,,,,,,,,,,,,,,,,,,
,,,,,,,,,,,,,,,,,,,,,
,,,,,,,,,,,,,,,,,,,,,
,,,,,,,,,,,,,,,,,,,,,
,,,,,,,,,,,,,,,,,,,,,
,,,,,,,,,,,,,,,,,,,,,
,,,,,,,,,,,,,,,,,,,,,
,,,,,,,,,,,,,,,,,,,,,
,,,,,,,,,,,,,,,,,,,,,
,,,,,,,,,,,,,,,,,,,,,
,,,,,,,,,,,,,,,,,,,,,
,,,,,,,,,,,,,,,,,,,,,
,,,,,,,,,,,,,,,,,,,,,
,,,,,,,,,,,,,,,,,,,,,
,,,,,,,,,,,,,,,,,,,,,
,,,,,,,,,,,,,,,,,,,,,
,,,,,,,,,,,,,,,,,,,,,
,,,,,,,,,,,,,,,,,,,,,
,,,,,,,,,,,,,,,,,,,,,
,,,,,,,,,,,,,,,,,,,,,
,,,,,,,,,,,,,,,,,,,,,
,,,,,,,,,,,,,,,,,,,,,
,,,,,,,,,,,,,,,,,,,,,
,,,,,,,,,,,,,,,,,,,,,
,,,,,,,,,,,,,,,,,,,,,
,,,,,,,,,,,,,,,,,,,,,
,,,,,,,,,,,,,,,,,,,,,
,,,,,,,,,,,,,,,,,,,,,
,,,,,,,,,,,,,,,,,,,,,
,,,,,,,,,,,,,,,,,,,,,
,,,,,,,,,,,,,,,,,,,,,
,,,,,,,,,,,,,,,,,,,,,
,,,,,,,,,,,,,,,,,,,,,
,,,,,,,,,,,,,,,,,,,,,
,,,,,,,,,,,,,,,,,,,,,
,,,,,,,,,,,,,,,,,,,,,
,,,,,,,,,,,,,,,,,,,,,
,,,,,,,,,,,,,,,,,,,,,
,,,,,,,,,,,,,,,,,,,,,
,,,,,,,,,,,,,,,,,,,,,
,,,,,,,,,,,,,,,,,,,,,
,,,,,,,,,,,,,,,,,,,,,
,,,,,,,,,,,,,,,,,,,,,
,,,,,,,,,,,,,,,,,,,,,
,,,,,,,,,,,,,,,,,,,,,
,,,,,,,,,,,,,,,,,,,,,
,,,,,,,,,,,,,,,,,,,,,
,,,,,,,,,,,,,,,,,,,,,
,,,,,,,,,,,,,,,,,,,,,
,,,,,,,,,,,,,,,,,,,,,
,,,,,,,,,,,,,,,,,,,,,
,,,,,,,,,,,,,,,,,,,,,
,,,,,,,,,,,,,,,,,,,,,
,,,,,,,,,,,,,,,,,,,,,
,,,,,,,,,,,,,,,,,,,,,
,,,,,,,,,,,,,,,,,,,,,
,,,,,,,,,,,,,,,,,,,,,
,,,,,,,,,,,,,,,,,,,,,
,,,,,,,,,,,,,,,,,,,,,
,,,,,,,,,,,,,,,,,,,,,
,,,,,,,,,,,,,,,,,,,,,
,,,,,,,,,,,,,,,,,,,,,
,,,,,,,,,,,,,,,,,,,,,
,,,,,,,,,,,,,,,,,,,,,
,,,,,,,,,,,,,,,,,,,,,
,,,,,,,,,,,,,,,,,,,,,
,,,,,,,,,,,,,,,,,,,,,
,,,,,,,,,,,,,,,,,,,,,
,,,,,,,,,,,,,,,,,,,,,
,,,,,,,,,,,,,,,,,,,,,
,,,,,,,,,,,,,,,,,,,,,
,,,,,,,,,,,,,,,,,,,,,
,,,,,,,,,,,,,,,,,,,,,
,,,,,,,,,,,,,,,,,,,,,
,,,,,,,,,,,,,,,,,,,,,
,,,,,,,,,,,,,,,,,,,,,
,,,,,,,,,,,,,,,,,,,,,
,,,,,,,,,,,,,,,,,,,,,
,,,,,,,,,,,,,,,,,,,,,
,,,,,,,,,,,,,,,,,,,,,
,,,,,,,,,,,,,,,,,,,,,
,,,,,,,,,,,,,,,,,,,,,
,,,,,,,,,,,,,,,,,,,,,
,,,,,,,,,,,,,,,,,,,,,
,,,,,,,,,,,,,,,,,,,,,
,,,,,,,,,,,,,,,,,,,,,
,,,,,,,,,,,,,,,,,,,,,
,,,,,,,,,,,,,,,,,,,,,
,,,,,,,,,,,,,,,,,,,,,
,,,,,,,,,,,,,,,,,,,,,
,,,,,,,,,,,,,,,,,,,,,
,,,,,,,,,,,,,,,,,,,,,
,,,,,,,,,,,,,,,,,,,,,
,,,,,,,,,,,,,,,,,,,,,
,,,,,,,,,,,,,,,,,,,,,
,,,,,,,,,,,,,,,,,,,,,
,,,,,,,,,,,,,,,,,,,,,
,,,,,,,,,,,,,,,,,,,,,
,,,,,,,,,,,,,,,,,,,,,
,,,,,,,,,,,,,,,,,,,,,
,,,,,,,,,,,,,,,,,,,,,
,,,,,,,,,,,,,,,,,,,,,
,,,,,,,,,,,,,,,,,,,,,
,,,,,,,,,,,,,,,,,,,,,
,,,,,,,,,,,,,,,,,,,,,
,,,,,,,,,,,,,,,,,,,,,
,,,,,,,,,,,,,,,,,,,,,
,,,,,,,,,,,,,,,,,,,,,
,,,,,,,,,,,,,,,,,,,,,
,,,,,,,,,,,,,,,,,,,,,
,,,,,,,,,,,,,,,,,,,,,
,,,,,,,,,,,,,,,,,,,,,
,,,,,,,,,,,,,,,,,,,,,
,,,,,,,,,,,,,,,,,,,,,
,,,,,,,,,,,,,,,,,,,,,
,,,,,,,,,,,,,,,,,,,,,
,,,,,,,,,,,,,,,,,,,,,
,,,,,,,,,,,,,,,,,,,,,
,,,,,,,,,,,,,,,,,,,,,
,,,,,,,,,,,,,,,,,,,,,
,,,,,,,,,,,,,,,,,,,,,
,,,,,,,,,,,,,,,,,,,,,
,,,,,,,,,,,,,,,,,,,,,
,,,,,,,,,,,,,,,,,,,,,
,,,,,,,,,,,,,,,,,,,,,
,,,,,,,,,,,,,,,,,,,,,
,,,,,,,,,,,,,,,,,,,,,
,,,,,,,,,,,,,,,,,,,,,
,,,,,,,,,,,,,,,,,,,,,
,,,,,,,,,,,,,,,,,,,,,
,,,,,,,,,,,,,,,,,,,,,
,,,,,,,,,,,,,,,,,,,,,
,,,,,,,,,,,,,,,,,,,,,
,,,,,,,,,,,,,,,,,,,,,
,,,,,,,,,,,,,,,,,,,,,
,,,,,,,,,,,,,,,,,,,,,
,,,,,,,,,,,,,,,,,,,,,
,,,,,,,,,,,,,,,,,,,,,
,,,,,,,,,,,,,,,,,,,,,
,,,,,,,,,,,,,,,,,,,,,
,,,,,,,,,,,,,,,,,,,,,
,,,,,,,,,,,,,,,,,,,,,
,,,,,,,,,,,,,,,,,,,,,
,,,,,,,,,,,,,,,,,,,,,
,,,,,,,,,,,,,,,,,,,,,
,,,,,,,,,,,,,,,,,,,,,
,,,,,,,,,,,,,,,,,,,,,
,,,,,,,,,,,,,,,,,,,,,
,,,,,,,,,,,,,,,,,,,,,
,,,,,,,,,,,,,,,,,,,,,
,,,,,,,,,,,,,,,,,,,,,
,,,,,,,,,,,,,,,,,,,,,
,,,,,,,,,,,,,,,,,,,,,
,,,,,,,,,,,,,,,,,,,,,
,,,,,,,,,,,,,,,,,,,,,
,,,,,,,,,,,,,,,,,,,,,
,,,,,,,,,,,,,,,,,,,,,
,,,,,,,,,,,,,,,,,,,,,
,,,,,,,,,,,,,,,,,,,,,
,,,,,,,,,,,,,,,,,,,,,
,,,,,,,,,,,,,,,,,,,,,
,,,,,,,,,,,,,,,,,,,,,
,,,,,,,,,,,,,,,,,,,,,
,,,,,,,,,,,,,,,,,,,,,
,,,,,,,,,,,,,,,,,,,,,
,,,,,,,,,,,,,,,,,,,,,
,,,,,,,,,,,,,,,,,,,,,
,,,,,,,,,,,,,,,,,,,,,
,,,,,,,,,,,,,,,,,,,,,
,,,,,,,,,,,,,,,,,,,,,
,,,,,,,,,,,,,,,,,,,,,
,,,,,,,,,,,,,,,,,,,,,
,,,,,,,,,,,,,,,,,,,,,
,,,,,,,,,,,,,,,,,,,,,
,,,,,,,,,,,,,,,,,,,,,
,,,,,,,,,,,,,,,,,,,,,
,,,,,,,,,,,,,,,,,,,,,
,,,,,,,,,,,,,,,,,,,,,
,,,,,,,,,,,,,,,,,,,,,
,,,,,,,,,,,,,,,,,,,,,
,,,,,,,,,,,,,,,,,,,,,
,,,,,,,,,,,,,,,,,,,,,
,,,,,,,,,,,,,,,,,,,,,
,,,,,,,,,,,,,,,,,,,,,
,,,,,,,,,,,,,,,,,,,,,
,,,,,,,,,,,,,,,,,,,,,
,,,,,,,,,,,,,,,,,,,,,
,,,,,,,,,,,,,,,,,,,,,
,,,,,,,,,,,,,,,,,,,,,
,,,,,,,,,,,,,,,,,,,,,
,,,,,,,,,,,,,,,,,,,,,
,,,,,,,,,,,,,,,,,,,,,
,,,,,,,,,,,,,,,,,,,,,
,,,,,,,,,,,,,,,,,,,,,
,,,,,,,,,,,,,,,,,,,,,
,,,,,,,,,,,,,,,,,,,,,
,,,,,,,,,,,,,,,,,,,,,
,,,,,,,,,,,,,,,,,,,,,
,,,,,,,,,,,,,,,,,,,,,
,,,,,,,,,,,,,,,,,,,,,
,,,,,,,,,,,,,,,,,,,,,
,,,,,,,,,,,,,,,,,,,,,
,,,,,,,,,,,,,,,,,,,,,
,,,,,,,,,,,,,,,,,,,,,
,,,,,,,,,,,,,,,,,,,,,
,,,,,,,,,,,,,,,,,,,,,
,,,,,,,,,,,,,,,,,,,,,
,,,,,,,,,,,,,,,,,,,,,
,,,,,,,,,,,,,,,,,,,,,
,,,,,,,,,,,,,,,,,,,,,
,,,,,,,,,,,,,,,,,,,,,
,,,,,,,,,,,,,,,,,,,,,
,,,,,,,,,,,,,,,,,,,,,
,,,,,,,,,,,,,,,,,,,,,
,,,,,,,,,,,,,,,,,,,,,
,,,,,,,,,,,,,,,,,,,,,
,,,,,,,,,,,,,,,,,,,,,
,,,,,,,,,,,,,,,,,,,,,
,,,,,,,,,,,,,,,,,,,,,
,,,,,,,,,,,,,,,,,,,,,
,,,,,,,,,,,,,,,,,,,,,
,,,,,,,,,,,,,,,,,,,,,
,,,,,,,,,,,,,,,,,,,,,
,,,,,,,,,,,,,,,,,,,,,
,,,,,,,,,,,,,,,,,,,,,
,,,,,,,,,,,,,,,,,,,,,
,,,,,,,,,,,,,,,,,,,,,
,,,,,,,,,,,,,,,,,,,,,
,,,,,,,,,,,,,,,,,,,,,
,,,,,,,,,,,,,,,,,,,,,
,,,,,,,,,,,,,,,,,,,,,
,,,,,,,,,,,,,,,,,,,,,
,,,,,,,,,,,,,,,,,,,,,
,,,,,,,,,,,,,,,,,,,,,
,,,,,,,,,,,,,,,,,,,,,
,,,,,,,,,,,,,,,,,,,,,
,,,,,,,,,,,,,,,,,,,,,
,,,,,,,,,,,,,,,,,,,,,
,,,,,,,,,,,,,,,,,,,,,
,,,,,,,,,,,,,,,,,,,,,
,,,,,,,,,,,,,,,,,,,,,
,,,,,,,,,,,,,,,,,,,,,
,,,,,,,,,,,,,,,,,,,,,
,,,,,,,,,,,,,,,,,,,,,
,,,,,,,,,,,,,,,,,,,,,
,,,,,,,,,,,,,,,,,,,,,
,,,,,,,,,,,,,,,,,,,,,
,,,,,,,,,,,,,,,,,,,,,
,,,,,,,,,,,,,,,,,,,,,
,,,,,,,,,,,,,,,,,,,,,
,,,,,,,,,,,,,,,,,,,,,
,,,,,,,,,,,,,,,,,,,,,
,,,,,,,,,,,,,,,,,,,,,
,,,,,,,,,,,,,,,,,,,,,
,,,,,,,,,,,,,,,,,,,,,
,,,,,,,,,,,,,,,,,,,,,
,,,,,,,,,,,,,,,,,,,,,
,,,,,,,,,,,,,,,,,,,,,
,,,,,,,,,,,,,,,,,,,,,
,,,,,,,,,,,,,,,,,,,,,
,,,,,,,,,,,,,,,,,,,,,
,,,,,,,,,,,,,,,,,,,,,
,,,,,,,,,,,,,,,,,,,,,
,,,,,,,,,,,,,,,,,,,,,
,,,,,,,,,,,,,,,,,,,,,
,,,,,,,,,,,,,,,,,,,,,
,,,,,,,,,,,,,,,,,,,,,
,,,,,,,,,,,,,,,,,,,,,
,,,,,,,,,,,,,,,,,,,,,
,,,,,,,,,,,,,,,,,,,,,
,,,,,,,,,,,,,,,,,,,,,
,,,,,,,,,,,,,,,,,,,,,
,,,,,,,,,,,,,,,,,,,,,
,,,,,,,,,,,,,,,,,,,,,
,,,,,,,,,,,,,,,,,,,,,
,,,,,,,,,,,,,,,,,,,,,
,,,,,,,,,,,,,,,,,,,,,
,,,,,,,,,,,,,,,,,,,,,
,,,,,,,,,,,,,,,,,,,,,
,,,,,,,,,,,,,,,,,,,,,
,,,,,,,,,,,,,,,,,,,,,
,,,,,,,,,,,,,,,,,,,,,
,,,,,,,,,,,,,,,,,,,,,
,,,,,,,,,,,,,,,,,,,,,
,,,,,,,,,,,,,,,,,,,,,
,,,,,,,,,,,,,,,,,,,,,
,,,,,,,,,,,,,,,,,,,,,
,,,,,,,,,,,,,,,,,,,,,
,,,,,,,,,,,,,,,,,,,,,
,,,,,,,,,,,,,,,,,,,,,
,,,,,,,,,,,,,,,,,,,,,
,,,,,,,,,,,,,,,,,,,,,
,,,,,,,,,,,,,,,,,,,,,
,,,,,,,,,,,,,,,,,,,,,
,,,,,,,,,,,,,,,,,,,,,
,,,,,,,,,,,,,,,,,,,,,
,,,,,,,,,,,,,,,,,,,,,
,,,,,,,,,,,,,,,,,,,,,
,,,,,,,,,,,,,,,,,,,,,
,,,,,,,,,,,,,,,,,,,,,
,,,,,,,,,,,,,,,,,,,,,
,,,,,,,,,,,,,,,,,,,,,
,,,,,,,,,,,,,,,,,,,,,
,,,,,,,,,,,,,,,,,,,,,
,,,,,,,,,,,,,,,,,,,,,
,,,,,,,,,,,,,,,,,,,,,
,,,,,,,,,,,,,,,,,,,,,
,,,,,,,,,,,,,,,,,,,,,
,,,,,,,,,,,,,,,,,,,,,
,,,,,,,,,,,,,,,,,,,,,
,,,,,,,,,,,,,,,,,,,,,
,,,,,,,,,,,,,,,,,,,,,
,,,,,,,,,,,,,,,,,,,,,
,,,,,,,,,,,,,,,,,,,,,
,,,,,,,,,,,,,,,,,,,,,
,,,,,,,,,,,,,,,,,,,,,
,,,,,,,,,,,,,,,,,,,,,
,,,,,,,,,,,,,,,,,,,,,
,,,,,,,,,,,,,,,,,,,,,
,,,,,,,,,,,,,,,,,,,,,
,,,,,,,,,,,,,,,,,,,,,
,,,,,,,,,,,,,,,,,,,,,
,,,,,,,,,,,,,,,,,,,,,
,,,,,,,,,,,,,,,,,,,,,
,,,,,,,,,,,,,,,,,,,,,
,,,,,,,,,,,,,,,,,,,,,
,,,,,,,,,,,,,,,,,,,,,
,,,,,,,,,,,,,,,,,,,,,
,,,,,,,,,,,,,,,,,,,,,
,,,,,,,,,,,,,,,,,,,,,
,,,,,,,,,,,,,,,,,,,,,
,,,,,,,,,,,,,,,,,,,,,
,,,,,,,,,,,,,,,,,,,,,
,,,,,,,,,,,,,,,,,,,,,
,,,,,,,,,,,,,,,,,,,,,
,,,,,,,,,,,,,,,,,,,,,
,,,,,,,,,,,,,,,,,,,,,
,,,,,,,,,,,,,,,,,,,,,
,,,,,,,,,,,,,,,,,,,,,
,,,,,,,,,,,,,,,,,,,,,
,,,,,,,,,,,,,,,,,,,,,
,,,,,,,,,,,,,,,,,,,,,
,,,,,,,,,,,,,,,,,,,,,
,,,,,,,,,,,,,,,,,,,,,
,,,,,,,,,,,,,,,,,,,,,
,,,,,,,,,,,,,,,,,,,,,
,,,,,,,,,,,,,,,,,,,,,
,,,,,,,,,,,,,,,,,,,,,
,,,,,,,,,,,,,,,,,,,,,
,,,,,,,,,,,,,,,,,,,,,
,,,,,,,,,,,,,,,,,,,,,
,,,,,,,,,,,,,,,,,,,,,
,,,,,,,,,,,,,,,,,,,,,
,,,,,,,,,,,,,,,,,,,,,
,,,,,,,,,,,,,,,,,,,,,
,,,,,,,,,,,,,,,,,,,,,
,,,,,,,,,,,,,,,,,,,,,
,,,,,,,,,,,,,,,,,,,,,
,,,,,,,,,,,,,,,,,,,,,
,,,,,,,,,,,,,,,,,,,,,
,,,,,,,,,,,,,,,,,,,,,
,,,,,,,,,,,,,,,,,,,,,
,,,,,,,,,,,,,,,,,,,,,
,,,,,,,,,,,,,,,,,,,,,
,,,,,,,,,,,,,,,,,,,,,
,,,,,,,,,,,,,,,,,,,,,
,,,,,,,,,,,,,,,,,,,,,
,,,,,,,,,,,,,,,,,,,,,
,,,,,,,,,,,,,,,,,,,,,
,,,,,,,,,,,,,,,,,,,,,
,,,,,,,,,,,,,,,,,,,,,
,,,,,,,,,,,,,,,,,,,,,
,,,,,,,,,,,,,,,,,,,,,
,,,,,,,,,,,,,,,,,,,,,
,,,,,,,,,,,,,,,,,,,,,
,,,,,,,,,,,,,,,,,,,,,
,,,,,,,,,,,,,,,,,,,,,
,,,,,,,,,,,,,,,,,,,,,
,,,,,,,,,,,,,,,,,,,,,
,,,,,,,,,,,,,,,,,,,,,
,,,,,,,,,,,,,,,,,,,,,
,,,,,,,,,,,,,,,,,,,,,
,,,,,,,,,,,,,,,,,,,,,
,,,,,,,,,,,,,,,,,,,,,
,,,,,,,,,,,,,,,,,,,,,
,,,,,,,,,,,,,,,,,,,,,
,,,,,,,,,,,,,,,,,,,,,
,,,,,,,,,,,,,,,,,,,,,
,,,,,,,,,,,,,,,,,,,,,
,,,,,,,,,,,,,,,,,,,,,
,,,,,,,,,,,,,,,,,,,,,
,,,,,,,,,,,,,,,,,,,,,
,,,,,,,,,,,,,,,,,,,,,
,,,,,,,,,,,,,,,,,,,,,
,,,,,,,,,,,,,,,,,,,,,
,,,,,,,,,,,,,,,,,,,,,
,,,,,,,,,,,,,,,,,,,,,
,,,,,,,,,,,,,,,,,,,,,
,,,,,,,,,,,,,,,,,,,,,
,,,,,,,,,,,,,,,,,,,,,
,,,,,,,,,,,,,,,,,,,,,
,,,,,,,,,,,,,,,,,,,,,
,,,,,,,,,,,,,,,,,,,,,
,,,,,,,,,,,,,,,,,,,,,
,,,,,,,,,,,,,,,,,,,,,
,,,,,,,,,,,,,,,,,,,,,
,,,,,,,,,,,,,,,,,,,,,
,,,,,,,,,,,,,,,,,,,,,
,,,,,,,,,,,,,,,,,,,,,
,,,,,,,,,,,,,,,,,,,,,
,,,,,,,,,,,,,,,,,,,,,
,,,,,,,,,,,,,,,,,,,,,
,,,,,,,,,,,,,,,,,,,,,
,,,,,,,,,,,,,,,,,,,,,
,,,,,,,,,,,,,,,,,,,,,
,,,,,,,,,,,,,,,,,,,,,
,,,,,,,,,,,,,,,,,,,,,
,,,,,,,,,,,,,,,,,,,,,
,,,,,,,,,,,,,,,,,,,,,
,,,,,,,,,,,,,,,,,,,,,
,,,,,,,,,,,,,,,,,,,,,
,,,,,,,,,,,,,,,,,,,,,
,,,,,,,,,,,,,,,,,,,,,
,,,,,,,,,,,,,,,,,,,,,
,,,,,,,,,,,,,,,,,,,,,
,,,,,,,,,,,,,,,,,,,,,
,,,,,,,,,,,,,,,,,,,,,
,,,,,,,,,,,,,,,,,,,,,
,,,,,,,,,,,,,,,,,,,,,
,,,,,,,,,,,,,,,,,,,,,
,,,,,,,,,,,,,,,,,,,,,
,,,,,,,,,,,,,,,,,,,,,
,,,,,,,,,,,,,,,,,,,,,
,,,,,,,,,,,,,,,,,,,,,
,,,,,,,,,,,,,,,,,,,,,
,,,,,,,,,,,,,,,,,,,,,
,,,,,,,,,,,,,,,,,,,,,
,,,,,,,,,,,,,,,,,,,,,
,,,,,,,,,,,,,,,,,,,,,
,,,,,,,,,,,,,,,,,,,,,
,,,,,,,,,,,,,,,,,,,,,
,,,,,,,,,,,,,,,,,,,,,
,,,,,,,,,,,,,,,,,,,,,
,,,,,,,,,,,,,,,,,,,,,
,,,,,,,,,,,,,,,,,,,,,
,,,,,,,,,,,,,,,,,,,,,
,,,,,,,,,,,,,,,,,,,,,
,,,,,,,,,,,,,,,,,,,,,
,,,,,,,,,,,,,,,,,,,,,
,,,,,,,,,,,,,,,,,,,,,
,,,,,,,,,,,,,,,,,,,,,
,,,,,,,,,,,,,,,,,,,,,
,,,,,,,,,,,,,,,,,,,,,
,,,,,,,,,,,,,,,,,,,,,
,,,,,,,,,,,,,,,,,,,,,
,,,,,,,,,,,,,,,,,,,,,
,,,,,,,,,,,,,,,,,,,,,
,,,,,,,,,,,,,,,,,,,,,
,,,,,,,,,,,,,,,,,,,,,
,,,,,,,,,,,,,,,,,,,,,
,,,,,,,,,,,,,,,,,,,,,
,,,,,,,,,,,,,,,,,,,,,
,,,,,,,,,,,,,,,,,,,,,
,,,,,,,,,,,,,,,,,,,,,
,,,,,,,,,,,,,,,,,,,,,
,,,,,,,,,,,,,,,,,,,,,
,,,,,,,,,,,,,,,,,,,,,
,,,,,,,,,,,,,,,,,,,,,
,,,,,,,,,,,,,,,,,,,,,
,,,,,,,,,,,,,,,,,,,,,
,,,,,,,,,,,,,,,,,,,,,
,,,,,,,,,,,,,,,,,,,,,
,,,,,,,,,,,,,,,,,,,,,
,,,,,,,,,,,,,,,,,,,,,
,,,,,,,,,,,,,,,,,,,,,
,,,,,,,,,,,,,,,,,,,,,
,,,,,,,,,,,,,,,,,,,,,
,,,,,,,,,,,,,,,,,,,,,
,,,,,,,,,,,,,,,,,,,,,
,,,,,,,,,,,,,,,,,,,,,
,,,,,,,,,,,,,,,,,,,,,
,,,,,,,,,,,,,,,,,,,,,
,,,,,,,,,,,,,,,,,,,,,
,,,,,,,,,,,,,,,,,,,,,
,,,,,,,,,,,,,,,,,,,,,
,,,,,,,,,,,,,,,,,,,,,
,,,,,,,,,,,,,,,,,,,,,
,,,,,,,,,,,,,,,,,,,,,
,,,,,,,,,,,,,,,,,,,,,
,,,,,,,,,,,,,,,,,,,,,
,,,,,,,,,,,,,,,,,,,,,
,,,,,,,,,,,,,,,,,,,,,
,,,,,,,,,,,,,,,,,,,,,
,,,,,,,,,,,,,,,,,,,,,
,,,,,,,,,,,,,,,,,,,,,
,,,,,,,,,,,,,,,,,,,,,
,,,,,,,,,,,,,,,,,,,,,
,,,,,,,,,,,,,,,,,,,,,
,,,,,,,,,,,,,,,,,,,,,
,,,,,,,,,,,,,,,,,,,,,
,,,,,,,,,,,,,,,,,,,,,
,,,,,,,,,,,,,,,,,,,,,
,,,,,,,,,,,,,,,,,,,,,
,,,,,,,,,,,,,,,,,,,,,
,,,,,,,,,,,,,,,,,,,,,
,,,,,,,,,,,,,,,,,,,,,
,,,,,,,,,,,,,,,,,,,,,
,,,,,,,,,,,,,,,,,,,,,
,,,,,,,,,,,,,,,,,,,,,
,,,,,,,,,,,,,,,,,,,,,
,,,,,,,,,,,,,,,,,,,,,
,,,,,,,,,,,,,,,,,,,,,
,,,,,,,,,,,,,,,,,,,,,
,,,,,,,,,,,,,,,,,,,,,
,,,,,,,,,,,,,,,,,,,,,
,,,,,,,,,,,,,,,,,,,,,
,,,,,,,,,,,,,,,,,,,,,
,,,,,,,,,,,,,,,,,,,,,
,,,,,,,,,,,,,,,,,,,,,
,,,,,,,,,,,,,,,,,,,,,
,,,,,,,,,,,,,,,,,,,,,
,,,,,,,,,,,,,,,,,,,,,
,,,,,,,,,,,,,,,,,,,,,
,,,,,,,,,,,,,,,,,,,,,
,,,,,,,,,,,,,,,,,,,,,
,,,,,,,,,,,,,,,,,,,,,
,,,,,,,,,,,,,,,,,,,,,
,,,,,,,,,,,,,,,,,,,,,
,,,,,,,,,,,,,,,,,,,,,
,,,,,,,,,,,,,,,,,,,,,
,,,,,,,,,,,,,,,,,,,,,
,,,,,,,,,,,,,,,,,,,,,
,,,,,,,,,,,,,,,,,,,,,
,,,,,,,,,,,,,,,,,,,,,
,,,,,,,,,,,,,,,,,,,,,
,,,,,,,,,,,,,,,,,,,,,
,,,,,,,,,,,,,,,,,,,,,
,,,,,,,,,,,,,,,,,,,,,
,,,,,,,,,,,,,,,,,,,,,
,,,,,,,,,,,,,,,,,,,,,
,,,,,,,,,,,,,,,,,,,,,
,,,,,,,,,,,,,,,,,,,,,
,,,,,,,,,,,,,,,,,,,,,
,,,,,,,,,,,,,,,,,,,,,
,,,,,,,,,,,,,,,,,,,,,
,,,,,,,,,,,,,,,,,,,,,
,,,,,,,,,,,,,,,,,,,,,
,,,,,,,,,,,,,,,,,,,,,
,,,,,,,,,,,,,,,,,,,,,
,,,,,,,,,,,,,,,,,,,,,
,,,,,,,,,,,,,,,,,,,,,
,,,,,,,,,,,,,,,,,,,,,
,,,,,,,,,,,,,,,,,,,,,
,,,,,,,,,,,,,,,,,,,,,
,,,,,,,,,,,,,,,,,,,,,
,,,,,,,,,,,,,,,,,,,,,
,,,,,,,,,,,,,,,,,,,,,
,,,,,,,,,,,,,,,,,,,,,
,,,,,,,,,,,,,,,,,,,,,
,,,,,,,,,,,,,,,,,,,,,
,,,,,,,,,,,,,,,,,,,,,
,,,,,,,,,,,,,,,,,,,,,
,,,,,,,,,,,,,,,,,,,,,
,,,,,,,,,,,,,,,,,,,,,
,,,,,,,,,,,,,,,,,,,,,
,,,,,,,,,,,,,,,,,,,,,
,,,,,,,,,,,,,,,,,,,,,
,,,,,,,,,,,,,,,,,,,,,
,,,,,,,,,,,,,,,,,,,,,
,,,,,,,,,,,,,,,,,,,,,
,,,,,,,,,,,,,,,,,,,,,
,,,,,,,,,,,,,,,,,,,,,
,,,,,,,,,,,,,,,,,,,,,
,,,,,,,,,,,,,,,,,,,,,
,,,,,,,,,,,,,,,,,,,,,
,,,,,,,,,,,,,,,,,,,,,
,,,,,,,,,,,,,,,,,,,,,
,,,,,,,,,,,,,,,,,,,,,
,,,,,,,,,,,,,,,,,,,,,
,,,,,,,,,,,,,,,,,,,,,
,,,,,,,,,,,,,,,,,,,,,
,,,,,,,,,,,,,,,,,,,,,
,,,,,,,,,,,,,,,,,,,,,
,,,,,,,,,,,,,,,,,,,,,
,,,,,,,,,,,,,,,,,,,,,
,,,,,,,,,,,,,,,,,,,,,
,,,,,,,,,,,,,,,,,,,,,
,,,,,,,,,,,,,,,,,,,,,
,,,,,,,,,,,,,,,,,,,,,
,,,,,,,,,,,,,,,,,,,,,
,,,,,,,,,,,,,,,,,,,,,
,,,,,,,,,,,,,,,,,,,,,
,,,,,,,,,,,,,,,,,,,,,
,,,,,,,,,,,,,,,,,,,,,
,,,,,,,,,,,,,,,,,,,,,
,,,,,,,,,,,,,,,,,,,,,
,,,,,,,,,,,,,,,,,,,,,
,,,,,,,,,,,,,,,,,,,,,
,,,,,,,,,,,,,,,,,,,,,
,,,,,,,,,,,,,,,,,,,,,
,,,,,,,,,,,,,,,,,,,,,
,,,,,,,,,,,,,,,,,,,,,
,,,,,,,,,,,,,,,,,,,,,
,,,,,,,,,,,,,,,,,,,,,
,,,,,,,,,,,,,,,,,,,,,
,,,,,,,,,,,,,,,,,,,,,
,,,,,,,,,,,,,,,,,,,,,
,,,,,,,,,,,,,,,,,,,,,
,,,,,,,,,,,,,,,,,,,,,
,,,,,,,,,,,,,,,,,,,,,
,,,,,,,,,,,,,,,,,,,,,
,,,,,,,,,,,,,,,,,,,,,
,,,,,,,,,,,,,,,,,,,,,
,,,,,,,,,,,,,,,,,,,,,
,,,,,,,,,,,,,,,,,,,,,
,,,,,,,,,,,,,,,,,,,,,
,,,,,,,,,,,,,,,,,,,,,
,,,,,,,,,,,,,,,,,,,,,
,,,,,,,,,,,,,,,,,,,,,
,,,,,,,,,,,,,,,,,,,,,
,,,,,,,,,,,,,,,,,,,,,
,,,,,,,,,,,,,,,,,,,,,
,,,,,,,,,,,,,,,,,,,,,
,,,,,,,,,,,,,,,,,,,,,
,,,,,,,,,,,,,,,,,,,,,
,,,,,,,,,,,,,,,,,,,,,
,,,,,,,,,,,,,,,,,,,,,
,,,,,,,,,,,,,,,,,,,,,
,,,,,,,,,,,,,,,,,,,,,
,,,,,,,,,,,,,,,,,,,,,
,,,,,,,,,,,,,,,,,,,,,
,,,,,,,,,,,,,,,,,,,,,
,,,,,,,,,,,,,,,,,,,,,
,,,,,,,,,,,,,,,,,,,,,
,,,,,,,,,,,,,,,,,,,,,
,,,,,,,,,,,,,,,,,,,,,
,,,,,,,,,,,,,,,,,,,,,
,,,,,,,,,,,,,,,,,,,,,
,,,,,,,,,,,,,,,,,,,,,
,,,,,,,,,,,,,,,,,,,,,
,,,,,,,,,,,,,,,,,,,,,
,,,,,,,,,,,,,,,,,,,,,
,,,,,,,,,,,,,,,,,,,,,
,,,,,,,,,,,,,,,,,,,,,
,,,,,,,,,,,,,,,,,,,,,
,,,,,,,,,,,,,,,,,,,,,
,,,,,,,,,,,,,,,,,,,,,
,,,,,,,,,,,,,,,,,,,,,
,,,,,,,,,,,,,,,,,,,,,
,,,,,,,,,,,,,,,,,,,,,
,,,,,,,,,,,,,,,,,,,,,
,,,,,,,,,,,,,,,,,,,,,
,,,,,,,,,,,,,,,,,,,,,
,,,,,,,,,,,,,,,,,,,,,
,,,,,,,,,,,,,,,,,,,,,
,,,,,,,,,,,,,,,,,,,,,
,,,,,,,,,,,,,,,,,,,,,
,,,,,,,,,,,,,,,,,,,,,
,,,,,,,,,,,,,,,,,,,,,
,,,,,,,,,,,,,,,,,,,,,
,,,,,,,,,,,,,,,,,,,,,
,,,,,,,,,,,,,,,,,,,,,
,,,,,,,,,,,,,,,,,,,,,
,,,,,,,,,,,,,,,,,,,,,
,,,,,,,,,,,,,,,,,,,,,
,,,,,,,,,,,,,,,,,,,,,
,,,,,,,,,,,,,,,,,,,,,
,,,,,,,,,,,,,,,,,,,,,
,,,,,,,,,,,,,,,,,,,,,
,,,,,,,,,,,,,,,,,,,,,
,,,,,,,,,,,,,,,,,,,,,
,,,,,,,,,,,,,,,,,,,,,
,,,,,,,,,,,,,,,,,,,,,
,,,,,,,,,,,,,,,,,,,,,
,,,,,,,,,,,,,,,,,,,,,
,,,,,,,,,,,,,,,,,,,,,
,,,,,,,,,,,,,,,,,,,,,
,,,,,,,,,,,,,,,,,,,,,
,,,,,,,,,,,,,,,,,,,,,
,,,,,,,,,,,,,,,,,,,,,
,,,,,,,,,,,,,,,,,,,,,
,,,,,,,,,,,,,,,,,,,,,
,,,,,,,,,,,,,,,,,,,,,
,,,,,,,,,,,,,,,,,,,,,
,,,,,,,,,,,,,,,,,,,,,
,,,,,,,,,,,,,,,,,,,,,
,,,,,,,,,,,,,,,,,,,,,
,,,,,,,,,,,,,,,,,,,,,
,,,,,,,,,,,,,,,,,,,,,
,,,,,,,,,,,,,,,,,,,,,
,,,,,,,,,,,,,,,,,,,,,
,,,,,,,,,,,,,,,,,,,,,
,,,,,,,,,,,,,,,,,,,,,
,,,,,,,,,,,,,,,,,,,,,
,,,,,,,,,,,,,,,,,,,,,
,,,,,,,,,,,,,,,,,,,,,
,,,,,,,,,,,,,,,,,,,,,
,,,,,,,,,,,,,,,,,,,,,
,,,,,,,,,,,,,,,,,,,,,
,,,,,,,,,,,,,,,,,,,,,
,,,,,,,,,,,,,,,,,,,,,
,,,,,,,,,,,,,,,,,,,,,
,,,,,,,,,,,,,,,,,,,,,
,,,,,,,,,,,,,,,,,,,,,
,,,,,,,,,,,,,,,,,,,,,
,,,,,,,,,,,,,,,,,,,,,
,,,,,,,,,,,,,,,,,,,,,
,,,,,,,,,,,,,,,,,,,,,
,,,,,,,,,,,,,,,,,,,,,
,,,,,,,,,,,,,,,,,,,,,
,,,,,,,,,,,,,,,,,,,,,
,,,,,,,,,,,,,,,,,,,,,
,,,,,,,,,,,,,,,,,,,,,
,,,,,,,,,,,,,,,,,,,,,
,,,,,,,,,,,,,,,,,,,,,
,,,,,,,,,,,,,,,,,,,,,
,,,,,,,,,,,,,,,,,,,,,
,,,,,,,,,,,,,,,,,,,,,
,,,,,,,,,,,,,,,,,,,,,
,,,,,,,,,,,,,,,,,,,,,
,,,,,,,,,,,,,,,,,,,,,
,,,,,,,,,,,,,,,,,,,,,
,,,,,,,,,,,,,,,,,,,,,
,,,,,,,,,,,,,,,,,,,,,
,,,,,,,,,,,,,,,,,,,,,
,,,,,,,,,,,,,,,,,,,,,
,,,,,,,,,,,,,,,,,,,,,
,,,,,,,,,,,,,,,,,,,,,
,,,,,,,,,,,,,,,,,,,,,
,,,,,,,,,,,,,,,,,,,,,
,,,,,,,,,,,,,,,,,,,,,
,,,,,,,,,,,,,,,,,,,,,
,,,,,,,,,,,,,,,,,,,,,
,,,,,,,,,,,,,,,,,,,,,
,,,,,,,,,,,,,,,,,,,,,
,,,,,,,,,,,,,,,,,,,,,
,,,,,,,,,,,,,,,,,,,,,
,,,,,,,,,,,,,,,,,,,,,
,,,,,,,,,,,,,,,,,,,,,
,,,,,,,,,,,,,,,,,,,,,
,,,,,,,,,,,,,,,,,,,,,
,,,,,,,,,,,,,,,,,,,,,
,,,,,,,,,,,,,,,,,,,,,
,,,,,,,,,,,,,,,,,,,,,
,,,,,,,,,,,,,,,,,,,,,
,,,,,,,,,,,,,,,,,,,,,
,,,,,,,,,,,,,,,,,,,,,
,,,,,,,,,,,,,,,,,,,,,
,,,,,,,,,,,,,,,,,,,,,
,,,,,,,,,,,,,,,,,,,,,
,,,,,,,,,,,,,,,,,,,,,
,,,,,,,,,,,,,,,,,,,,,
,,,,,,,,,,,,,,,,,,,,,
,,,,,,,,,,,,,,,,,,,,,
,,,,,,,,,,,,,,,,,,,,,
,,,,,,,,,,,,,,,,,,,,,
,,,,,,,,,,,,,,,,,,,,,
,,,,,,,,,,,,,,,,,,,,,
,,,,,,,,,,,,,,,,,,,,,
,,,,,,,,,,,,,,,,,,,,,
,,,,,,,,,,,,,,,,,,,,,
,,,,,,,,,,,,,,,,,,,,,
,,,,,,,,,,,,,,,,,,,,,
,,,,,,,,,,,,,,,,,,,,,
,,,,,,,,,,,,,,,,,,,,,
,,,,,,,,,,,,,,,,,,,,,
,,,,,,,,,,,,,,,,,,,,,
,,,,,,,,,,,,,,,,,,,,,
,,,,,,,,,,,,,,,,,,,,,
,,,,,,,,,,,,,,,,,,,,,
,,,,,,,,,,,,,,,,,,,,,
,,,,,,,,,,,,,,,,,,,,,
,,,,,,,,,,,,,,,,,,,,,
,,,,,,,,,,,,,,,,,,,,,
,,,,,,,,,,,,,,,,,,,,,
,,,,,,,,,,,,,,,,,,,,,
,,,,,,,,,,,,,,,,,,,,,
,,,,,,,,,,,,,,,,,,,,,
,,,,,,,,,,,,,,,,,,,,,
,,,,,,,,,,,,,,,,,,,,,
,,,,,,,,,,,,,,,,,,,,,
,,,,,,,,,,,,,,,,,,,,,
,,,,,,,,,,,,,,,,,,,,,
,,,,,,,,,,,,,,,,,,,,,
,,,,,,,,,,,,,,,,,,,,,
,,,,,,,,,,,,,,,,,,,,,
,,,,,,,,,,,,,,,,,,,,,
,,,,,,,,,,,,,,,,,,,,,
,,,,,,,,,,,,,,,,,,,,,
,,,,,,,,,,,,,,,,,,,,,
,,,,,,,,,,,,,,,,,,,,,
,,,,,,,,,,,,,,,,,,,,,
,,,,,,,,,,,,,,,,,,,,,
,,,,,,,,,,,,,,,,,,,,,
,,,,,,,,,,,,,,,,,,,,,
,,,,,,,,,,,,,,,,,,,,,
,,,,,,,,,,,,,,,,,,,,,
,,,,,,,,,,,,,,,,,,,,,
,,,,,,,,,,,,,,,,,,,,,
,,,,,,,,,,,,,,,,,,,,,
,,,,,,,,,,,,,,,,,,,,,
,,,,,,,,,,,,,,,,,,,,,
,,,,,,,,,,,,,,,,,,,,,
,,,,,,,,,,,,,,,,,,,,,
,,,,,,,,,,,,,,,,,,,,,
,,,,,,,,,,,,,,,,,,,,,
,,,,,,,,,,,,,,,,,,,,,
,,,,,,,,,,,,,,,,,,,,,
,,,,,,,,,,,,,,,,,,,,,
,,,,,,,,,,,,,,,,,,,,,
,,,,,,,,,,,,,,,,,,,,,
,,,,,,,,,,,,,,,,,,,,,
,,,,,,,,,,,,,,,,,,,,,
,,,,,,,,,,,,,,,,,,,,,
,,,,,,,,,,,,,,,,,,,,,
,,,,,,,,,,,,,,,,,,,,,
,,,,,,,,,,,,,,,,,,,,,
,,,,,,,,,,,,,,,,,,,,,
,,,,,,,,,,,,,,,,,,,,,
,,,,,,,,,,,,,,,,,,,,,
,,,,,,,,,,,,,,,,,,,,,
,,,,,,,,,,,,,,,,,,,,,
,,,,,,,,,,,,,,,,,,,,,
,,,,,,,,,,,,,,,,,,,,,
,,,,,,,,,,,,,,,,,,,,,
,,,,,,,,,,,,,,,,,,,,,
,,,,,,,,,,,,,,,,,,,,,
,,,,,,,,,,,,,,,,,,,,,
,,,,,,,,,,,,,,,,,,,,,
,,,,,,,,,,,,,,,,,,,,,
,,,,,,,,,,,,,,,,,,,,,
,,,,,,,,,,,,,,,,,,,,,
,,,,,,,,,,,,,,,,,,,,,
,,,,,,,,,,,,,,,,,,,,,
,,,,,,,,,,,,,,,,,,,,,
,,,,,,,,,,,,,,,,,,,,,
,,,,,,,,,,,,,,,,,,,,,
,,,,,,,,,,,,,,,,,,,,,
,,,,,,,,,,,,,,,,,,,,,
,,,,,,,,,,,,,,,,,,,,,
,,,,,,,,,,,,,,,,,,,,,
,,,,,,,,,,,,,,,,,,,,,
,,,,,,,,,,,,,,,,,,,,,
,,,,,,,,,,,,,,,,,,,,,
,,,,,,,,,,,,,,,,,,,,,
,,,,,,,,,,,,,,,,,,,,,
,,,,,,,,,,,,,,,,,,,,,
,,,,,,,,,,,,,,,,,,,,,
,,,,,,,,,,,,,,,,,,,,,
,,,,,,,,,,,,,,,,,,,,,
,,,,,,,,,,,,,,,,,,,,,
,,,,,,,,,,,,,,,,,,,,,
,,,,,,,,,,,,,,,,,,,,,
,,,,,,,,,,,,,,,,,,,,,
,,,,,,,,,,,,,,,,,,,,,
,,,,,,,,,,,,,,,,,,,,,
,,,,,,,,,,,,,,,,,,,,,
,,,,,,,,,,,,,,,,,,,,,
,,,,,,,,,,,,,,,,,,,,,
,,,,,,,,,,,,,,,,,,,,,
,,,,,,,,,,,,,,,,,,,,,
,,,,,,,,,,,,,,,,,,,,,
,,,,,,,,,,,,,,,,,,,,,
,,,,,,,,,,,,,,,,,,,,,
,,,,,,,,,,,,,,,,,,,,,
,,,,,,,,,,,,,,,,,,,,,
,,,,,,,,,,,,,,,,,,,,,
,,,,,,,,,,,,,,,,,,,,,
,,,,,,,,,,,,,,,,,,,,,
,,,,,,,,,,,,,,,,,,,,,
,,,,,,,,,,,,,,,,,,,,,
,,,,,,,,,,,,,,,,,,,,,
,,,,,,,,,,,,,,,,,,,,,
,,,,,,,,,,,,,,,,,,,,,
,,,,,,,,,,,,,,,,,,,,,
,,,,,,,,,,,,,,,,,,,,,
,,,,,,,,,,,,,,,,,,,,,
,,,,,,,,,,,,,,,,,,,,,
,,,,,,,,,,,,,,,,,,,,,
,,,,,,,,,,,,,,,,,,,,,
,,,,,,,,,,,,,,,,,,,,,
,,,,,,,,,,,,,,,,,,,,,
,,,,,,,,,,,,,,,,,,,,,
,,,,,,,,,,,,,,,,,,,,,
,,,,,,,,,,,,,,,,,,,,,
,,,,,,,,,,,,,,,,,,,,,
,,,,,,,,,,,,,,,,,,,,,
,,,,,,,,,,,,,,,,,,,,,
,,,,,,,,,,,,,,,,,,,,,
,,,,,,,,,,,,,,,,,,,,,
,,,,,,,,,,,,,,,,,,,,,
,,,,,,,,,,,,,,,,,,,,,
,,,,,,,,,,,,,,,,,,,,,
,,,,,,,,,,,,,,,,,,,,,
,,,,,,,,,,,,,,,,,,,,,
,,,,,,,,,,,,,,,,,,,,,
,,,,,,,,,,,,,,,,,,,,,
,,,,,,,,,,,,,,,,,,,,,
,,,,,,,,,,,,,,,,,,,,,
,,,,,,,,,,,,,,,,,,,,,
,,,,,,,,,,,,,,,,,,,,,
,,,,,,,,,,,,,,,,,,,,,
,,,,,,,,,,,,,,,,,,,,,
,,,,,,,,,,,,,,,,,,,,,
,,,,,,,,,,,,,,,,,,,,,
,,,,,,,,,,,,,,,,,,,,,
,,,,,,,,,,,,,,,,,,,,,
,,,,,,,,,,,,,,,,,,,,,
,,,,,,,,,,,,,,,,,,,,,
,,,,,,,,,,,,,,,,,,,,,
,,,,,,,,,,,,,,,,,,,,,
,,,,,,,,,,,,,,,,,,,,,
,,,,,,,,,,,,,,,,,,,,,
,,,,,,,,,,,,,,,,,,,,,
,,,,,,,,,,,,,,,,,,,,,
,,,,,,,,,,,,,,,,,,,,,
,,,,,,,,,,,,,,,,,,,,,
,,,,,,,,,,,,,,,,,,,,,
,,,,,,,,,,,,,,,,,,,,,
,,,,,,,,,,,,,,,,,,,,,
,,,,,,,,,,,,,,,,,,,,,
,,,,,,,,,,,,,,,,,,,,,
,,,,,,,,,,,,,,,,,,,,,
,,,,,,,,,,,,,,,,,,,,,
,,,,,,,,,,,,,,,,,,,,,
,,,,,,,,,,,,,,,,,,,,,
,,,,,,,,,,,,,,,,,,,,,
,,,,,,,,,,,,,,,,,,,,,
,,,,,,,,,,,,,,,,,,,,,
,,,,,,,,,,,,,,,,,,,,,
,,,,,,,,,,,,,,,,,,,,,
,,,,,,,,,,,,,,,,,,,,,
,,,,,,,,,,,,,,,,,,,,,
,,,,,,,,,,,,,,,,,,,,,
,,,,,,,,,,,,,,,,,,,,,
,,,,,,,,,,,,,,,,,,,,,
,,,,,,,,,,,,,,,,,,,,,
,,,,,,,,,,,,,,,,,,,,,
,,,,,,,,,,,,,,,,,,,,,
,,,,,,,,,,,,,,,,,,,,,
,,,,,,,,,,,,,,,,,,,,,
,,,,,,,,,,,,,,,,,,,,,
,,,,,,,,,,,,,,,,,,,,,
,,,,,,,,,,,,,,,,,,,,,
,,,,,,,,,,,,,,,,,,,,,
,,,,,,,,,,,,,,,,,,,,,
,,,,,,,,,,,,,,,,,,,,,
,,,,,,,,,,,,,,,,,,,,,
,,,,,,,,,,,,,,,,,,,,,
,,,,,,,,,,,,,,,,,,,,,
,,,,,,,,,,,,,,,,,,,,,
,,,,,,,,,,,,,,,,,,,,,
,,,,,,,,,,,,,,,,,,,,,
,,,,,,,,,,,,,,,,,,,,,
,,,,,,,,,,,,,,,,,,,,,
,,,,,,,,,,,,,,,,,,,,,
,,,,,,,,,,,,,,,,,,,,,
,,,,,,,,,,,,,,,,,,,,,
,,,,,,,,,,,,,,,,,,,,,
,,,,,,,,,,,,,,,,,,,,,
,,,,,,,,,,,,,,,,,,,,,
,,,,,,,,,,,,,,,,,,,,,
,,,,,,,,,,,,,,,,,,,,,
,,,,,,,,,,,,,,,,,,,,,
,,,,,,,,,,,,,,,,,,,,,
,,,,,,,,,,,,,,,,,,,,,
,,,,,,,,,,,,,,,,,,,,,
,,,,,,,,,,,,,,,,,,,,,
,,,,,,,,,,,,,,,,,,,,,
,,,,,,,,,,,,,,,,,,,,,
,,,,,,,,,,,,,,,,,,,,,
,,,,,,,,,,,,,,,,,,,,,
,,,,,,,,,,,,,,,,,,,,,
,,,,,,,,,,,,,,,,,,,,,
,,,,,,,,,,,,,,,,,,,,,
,,,,,,,,,,,,,,,,,,,,,
,,,,,,,,,,,,,,,,,,,,,
,,,,,,,,,,,,,,,,,,,,,
,,,,,,,,,,,,,,,,,,,,,
,,,,,,,,,,,,,,,,,,,,,
,,,,,,,,,,,,,,,,,,,,,
,,,,,,,,,,,,,,,,,,,,,
,,,,,,,,,,,,,,,,,,,,,
,,,,,,,,,,,,,,,,,,,,,
,,,,,,,,,,,,,,,,,,,,,
,,,,,,,,,,,,,,,,,,,,,
,,,,,,,,,,,,,,,,,,,,,
,,,,,,,,,,,,,,,,,,,,,
,,,,,,,,,,,,,,,,,,,,,
,,,,,,,,,,,,,,,,,,,,,
,,,,,,,,,,,,,,,,,,,,,
,,,,,,,,,,,,,,,,,,,,,
,,,,,,,,,,,,,,,,,,,,,
,,,,,,,,,,,,,,,,,,,,,
,,,,,,,,,,,,,,,,,,,,,
,,,,,,,,,,,,,,,,,,,,,
,,,,,,,,,,,,,,,,,,,,,
,,,,,,,,,,,,,,,,,,,,,
,,,,,,,,,,,,,,,,,,,,,
,,,,,,,,,,,,,,,,,,,,,
,,,,,,,,,,,,,,,,,,,,,
,,,,,,,,,,,,,,,,,,,,,
,,,,,,,,,,,,,,,,,,,,,
,,,,,,,,,,,,,,,,,,,,,
,,,,,,,,,,,,,,,,,,,,,
,,,,,,,,,,,,,,,,,,,,,
,,,,,,,,,,,,,,,,,,,,,
,,,,,,,,,,,,,,,,,,,,,
,,,,,,,,,,,,,,,,,,,,,
,,,,,,,,,,,,,,,,,,,,,
,,,,,,,,,,,,,,,,,,,,,
,,,,,,,,,,,,,,,,,,,,,
,,,,,,,,,,,,,,,,,,,,,
,,,,,,,,,,,,,,,,,,,,,
,,,,,,,,,,,,,,,,,,,,,
,,,,,,,,,,,,,,,,,,,,,
,,,,,,,,,,,,,,,,,,,,,
,,,,,,,,,,,,,,,,,,,,,
,,,,,,,,,,,,,,,,,,,,,
,,,,,,,,,,,,,,,,,,,,,
,,,,,,,,,,,,,,,,,,,,,
,,,,,,,,,,,,,,,,,,,,,
,,,,,,,,,,,,,,,,,,,,,
,,,,,,,,,,,,,,,,,,,,,
,,,,,,,,,,,,,,,,,,,,,
,,,,,,,,,,,,,,,,,,,,,
,,,,,,,,,,,,,,,,,,,,,
,,,,,,,,,,,,,,,,,,,,,
,,,,,,,,,,,,,,,,,,,,,
,,,,,,,,,,,,,,,,,,,,,
,,,,,,,,,,,,,,,,,,,,,
,,,,,,,,,,,,,,,,,,,,,
,,,,,,,,,,,,,,,,,,,,,
,,,,,,,,,,,,,,,,,,,,,
,,,,,,,,,,,,,,,,,,,,,
,,,,,,,,,,,,,,,,,,,,,
,,,,,,,,,,,,,,,,,,,,,
,,,,,,,,,,,,,,,,,,,,,
,,,,,,,,,,,,,,,,,,,,,
,,,,,,,,,,,,,,,,,,,,,
,,,,,,,,,,,,,,,,,,,,,
,,,,,,,,,,,,,,,,,,,,,
,,,,,,,,,,,,,,,,,,,,,
,,,,,,,,,,,,,,,,,,,,,
,,,,,,,,,,,,,,,,,,,,,
,,,,,,,,,,,,,,,,,,,,,
,,,,,,,,,,,,,,,,,,,,,
,,,,,,,,,,,,,,,,,,,,,
,,,,,,,,,,,,,,,,,,,,,
,,,,,,,,,,,,,,,,,,,,,
,,,,,,,,,,,,,,,,,,,,,
,,,,,,,,,,,,,,,,,,,,,
,,,,,,,,,,,,,,,,,,,,,
,,,,,,,,,,,,,,,,,,,,,
,,,,,,,,,,,,,,,,,,,,,
,,,,,,,,,,,,,,,,,,,,,
,,,,,,,,,,,,,,,,,,,,,
,,,,,,,,,,,,,,,,,,,,,
,,,,,,,,,,,,,,,,,,,,,
,,,,,,,,,,,,,,,,,,,,,
,,,,,,,,,,,,,,,,,,,,,
,,,,,,,,,,,,,,,,,,,,,
,,,,,,,,,,,,,,,,,,,,,
,,,,,,,,,,,,,,,,,,,,,
,,,,,,,,,,,,,,,,,,,,,
,,,,,,,,,,,,,,,,,,,,,
,,,,,,,,,,,,,,,,,,,,,
,,,,,,,,,,,,,,,,,,,,,
,,,,,,,,,,,,,,,,,,,,,
,,,,,,,,,,,,,,,,,,,,,
,,,,,,,,,,,,,,,,,,,,,
,,,,,,,,,,,,,,,,,,,,,
,,,,,,,,,,,,,,,,,,,,,
,,,,,,,,,,,,,,,,,,,,,
,,,,,,,,,,,,,,,,,,,,,
,,,,,,,,,,,,,,,,,,,,,
,,,,,,,,,,,,,,,,,,,,,
,,,,,,,,,,,,,,,,,,,,,
,,,,,,,,,,,,,,,,,,,,,
,,,,,,,,,,,,,,,,,,,,,
,,,,,,,,,,,,,,,,,,,,,
,,,,,,,,,,,,,,,,,,,,,
,,,,,,,,,,,,,,,,,,,,,
,,,,,,,,,,,,,,,,,,,,,
,,,,,,,,,,,,,,,,,,,,,
,,,,,,,,,,,,,,,,,,,,,
,,,,,,,,,,,,,,,,,,,,,
,,,,,,,,,,,,,,,,,,,,,
,,,,,,,,,,,,,,,,,,,,,
,,,,,,,,,,,,,,,,,,,,,
,,,,,,,,,,,,,,,,,,,,,
,,,,,,,,,,,,,,,,,,,,,
,,,,,,,,,,,,,,,,,,,,,
,,,,,,,,,,,,,,,,,,,,,
,,,,,,,,,,,,,,,,,,,,,
,,,,,,,,,,,,,,,,,,,,,
,,,,,,,,,,,,,,,,,,,,,
,,,,,,,,,,,,,,,,,,,,,
,,,,,,,,,,,,,,,,,,,,,
,,,,,,,,,,,,,,,,,,,,,
,,,,,,,,,,,,,,,,,,,,,
,,,,,,,,,,,,,,,,,,,,,
,,,,,,,,,,,,,,,,,,,,,
,,,,,,,,,,,,,,,,,,,,,
,,,,,,,,,,,,,,,,,,,,,
,,,,,,,,,,,,,,,,,,,,,
,,,,,,,,,,,,,,,,,,,,,
,,,,,,,,,,,,,,,,,,,,,
,,,,,,,,,,,,,,,,,,,,,
,,,,,,,,,,,,,,,,,,,,,
,,,,,,,,,,,,,,,,,,,,,
,,,,,,,,,,,,,,,,,,,,,
,,,,,,,,,,,,,,,,,,,,,
,,,,,,,,,,,,,,,,,,,,,
,,,,,,,,,,,,,,,,,,,,,
,,,,,,,,,,,,,,,,,,,,,
,,,,,,,,,,,,,,,,,,,,,
,,,,,,,,,,,,,,,,,,,,,
,,,,,,,,,,,,,,,,,,,,,
,,,,,,,,,,,,,,,,,,,,,
,,,,,,,,,,,,,,,,,,,,,
,,,,,,,,,,,,,,,,,,,,,
,,,,,,,,,,,,,,,,,,,,,
,,,,,,,,,,,,,,,,,,,,,
,,,,,,,,,,,,,,,,,,,,,
,,,,,,,,,,,,,,,,,,,,,
,,,,,,,,,,,,,,,,,,,,,
,,,,,,,,,,,,,,,,,,,,,
,,,,,,,,,,,,,,,,,,,,,
,,,,,,,,,,,,,,,,,,,,,
,,,,,,,,,,,,,,,,,,,,,
,,,,,,,,,,,,,,,,,,,,,
,,,,,,,,,,,,,,,,,,,,,
,,,,,,,,,,,,,,,,,,,,,
,,,,,,,,,,,,,,,,,,,,,
,,,,,,,,,,,,,,,,,,,,,
,,,,,,,,,,,,,,,,,,,,,
,,,,,,,,,,,,,,,,,,,,,
,,,,,,,,,,,,,,,,,,,,,
,,,,,,,,,,,,,,,,,,,,,
,,,,,,,,,,,,,,,,,,,,,
,,,,,,,,,,,,,,,,,,,,,
,,,,,,,,,,,,,,,,,,,,,
,,,,,,,,,,,,,,,,,,,,,
,,,,,,,,,,,,,,,,,,,,,
,,,,,,,,,,,,,,,,,,,,,
,,,,,,,,,,,,,,,,,,,,,
,,,,,,,,,,,,,,,,,,,,,
,,,,,,,,,,,,,,,,,,,,,
,,,,,,,,,,,,,,,,,,,,,
,,,,,,,,,,,,,,,,,,,,,
,,,,,,,,,,,,,,,,,,,,,
,,,,,,,,,,,,,,,,,,,,,
,,,,,,,,,,,,,,,,,,,,,
,,,,,,,,,,,,,,,,,,,,,
,,,,,,,,,,,,,,,,,,,,,
,,,,,,,,,,,,,,,,,,,,,
,,,,,,,,,,,,,,,,,,,,,
,,,,,,,,,,,,,,,,,,,,,
,,,,,,,,,,,,,,,,,,,,,
,,,,,,,,,,,,,,,,,,,,,
,,,,,,,,,,,,,,,,,,,,,
,,,,,,,,,,,,,,,,,,,,,
,,,,,,,,,,,,,,,,,,,,,
,,,,,,,,,,,,,,,,,,,,,
,,,,,,,,,,,,,,,,,,,,,
,,,,,,,,,,,,,,,,,,,,,
,,,,,,,,,,,,,,,,,,,,,
,,,,,,,,,,,,,,,,,,,,,
,,,,,,,,,,,,,,,,,,,,,
,,,,,,,,,,,,,,,,,,,,,
,,,,,,,,,,,,,,,,,,,,,
,,,,,,,,,,,,,,,,,,,,,
,,,,,,,,,,,,,,,,,,,,,
,,,,,,,,,,,,,,,,,,,,,
,,,,,,,,,,,,,,,,,,,,,
,,,,,,,,,,,,,,,,,,,,,
,,,,,,,,,,,,,,,,,,,,,
,,,,,,,,,,,,,,,,,,,,,
,,,,,,,,,,,,,,,,,,,,,
,,,,,,,,,,,,,,,,,,,,,
,,,,,,,,,,,,,,,,,,,,,
,,,,,,,,,,,,,,,,,,,,,
,,,,,,,,,,,,,,,,,,,,,
,,,,,,,,,,,,,,,,,,,,,
,,,,,,,,,,,,,,,,,,,,,
,,,,,,,,,,,,,,,,,,,,,
,,,,,,,,,,,,,,,,,,,,,
,,,,,,,,,,,,,,,,,,,,,
,,,,,,,,,,,,,,,,,,,,,
,,,,,,,,,,,,,,,,,,,,,
,,,,,,,,,,,,,,,,,,,,,
,,,,,,,,,,,,,,,,,,,,,
,,,,,,,,,,,,,,,,,,,,,
,,,,,,,,,,,,,,,,,,,,,
,,,,,,,,,,,,,,,,,,,,,
,,,,,,,,,,,,,,,,,,,,,
,,,,,,,,,,,,,,,,,,,,,
,,,,,,,,,,,,,,,,,,,,,
,,,,,,,,,,,,,,,,,,,,,
,,,,,,,,,,,,,,,,,,,,,
,,,,,,,,,,,,,,,,,,,,,
,,,,,,,,,,,,,,,,,,,,,
,,,,,,,,,,,,,,,,,,,,,
,,,,,,,,,,,,,,,,,,,,,
,,,,,,,,,,,,,,,,,,,,,
,,,,,,,,,,,,,,,,,,,,,
,,,,,,,,,,,,,,,,,,,,,
,,,,,,,,,,,,,,,,,,,,,
,,,,,,,,,,,,,,,,,,,,,
,,,,,,,,,,,,,,,,,,,,,
,,,,,,,,,,,,,,,,,,,,,
,,,,,,,,,,,,,,,,,,,,,
,,,,,,,,,,,,,,,,,,,,,
,,,,,,,,,,,,,,,,,,,,,
,,,,,,,,,,,,,,,,,,,,,
,,,,,,,,,,,,,,,,,,,,,
,,,,,,,,,,,,,,,,,,,,,
,,,,,,,,,,,,,,,,,,,,,
,,,,,,,,,,,,,,,,,,,,,
,,,,,,,,,,,,,,,,,,,,,
,,,,,,,,,,,,,,,,,,,,,
,,,,,,,,,,,,,,,,,,,,,
,,,,,,,,,,,,,,,,,,,,,
,,,,,,,,,,,,,,,,,,,,,
,,,,,,,,,,,,,,,,,,,,,
,,,,,,,,,,,,,,,,,,,,,
,,,,,,,,,,,,,,,,,,,,,
,,,,,,,,,,,,,,,,,,,,,
,,,,,,,,,,,,,,,,,,,,,
,,,,,,,,,,,,,,,,,,,,,
,,,,,,,,,,,,,,,,,,,,,
,,,,,,,,,,,,,,,,,,,,,
,,,,,,,,,,,,,,,,,,,,,
,,,,,,,,,,,,,,,,,,,,,
,,,,,,,,,,,,,,,,,,,,,
,,,,,,,,,,,,,,,,,,,,,
,,,,,,,,,,,,,,,,,,,,,
,,,,,,,,,,,,,,,,,,,,,
,,,,,,,,,,,,,,,,,,,,,
,,,,,,,,,,,,,,,,,,,,,
,,,,,,,,,,,,,,,,,,,,,
,,,,,,,,,,,,,,,,,,,,,
,,,,,,,,,,,,,,,,,,,,,
,,,,,,,,,,,,,,,,,,,,,
,,,,,,,,,,,,,,,,,,,,,
,,,,,,,,,,,,,,,,,,,,,
,,,,,,,,,,,,,,,,,,,,,
,,,,,,,,,,,,,,,,,,,,,
,,,,,,,,,,,,,,,,,,,,,
,,,,,,,,,,,,,,,,,,,,,
,,,,,,,,,,,,,,,,,,,,,
,,,,,,,,,,,,,,,,,,,,,
,,,,,,,,,,,,,,,,,,,,,
,,,,,,,,,,,,,,,,,,,,,
,,,,,,,,,,,,,,,,,,,,,
,,,,,,,,,,,,,,,,,,,,,
,,,,,,,,,,,,,,,,,,,,,
,,,,,,,,,,,,,,,,,,,,,
,,,,,,,,,,,,,,,,,,,,,
,,,,,,,,,,,,,,,,,,,,,
,,,,,,,,,,,,,,,,,,,,,
,,,,,,,,,,,,,,,,,,,,,
,,,,,,,,,,,,,,,,,,,,,
,,,,,,,,,,,,,,,,,,,,,
,,,,,,,,,,,,,,,,,,,,,
,,,,,,,,,,,,,,,,,,,,,
,,,,,,,,,,,,,,,,,,,,,
,,,,,,,,,,,,,,,,,,,,,
,,,,,,,,,,,,,,,,,,,,,
,,,,,,,,,,,,,,,,,,,,,
,,,,,,,,,,,,,,,,,,,,,
,,,,,,,,,,,,,,,,,,,,,
,,,,,,,,,,,,,,,,,,,,,
,,,,,,,,,,,,,,,,,,,,,
,,,,,,,,,,,,,,,,,,,,,
,,,,,,,,,,,,,,,,,,,,,
,,,,,,,,,,,,,,,,,,,,,
,,,,,,,,,,,,,,,,,,,,,
,,,,,,,,,,,,,,,,,,,,,
,,,,,,,,,,,,,,,,,,,,,
,,,,,,,,,,,,,,,,,,,,,
,,,,,,,,,,,,,,,,,,,,,
,,,,,,,,,,,,,,,,,,,,,
,,,,,,,,,,,,,,,,,,,,,
,,,,,,,,,,,,,,,,,,,,,
,,,,,,,,,,,,,,,,,,,,,
,,,,,,,,,,,,,,,,,,,,,
,,,,,,,,,,,,,,,,,,,,,
,,,,,,,,,,,,,,,,,,,,,
,,,,,,,,,,,,,,,,,,,,,
,,,,,,,,,,,,,,,,,,,,,
,,,,,,,,,,,,,,,,,,,,,
,,,,,,,,,,,,,,,,,,,,,
,,,,,,,,,,,,,,,,,,,,,
,,,,,,,,,,,,,,,,,,,,,
,,,,,,,,,,,,,,,,,,,,,
,,,,,,,,,,,,,,,,,,,,,
,,,,,,,,,,,,,,,,,,,,,
,,,,,,,,,,,,,,,,,,,,,
,,,,,,,,,,,,,,,,,,,,,
,,,,,,,,,,,,,,,,,,,,,
,,,,,,,,,,,,,,,,,,,,,
,,,,,,,,,,,,,,,,,,,,,
,,,,,,,,,,,,,,,,,,,,,
,,,,,,,,,,,,,,,,,,,,,
,,,,,,,,,,,,,,,,,,,,,
,,,,,,,,,,,,,,,,,,,,,
,,,,,,,,,,,,,,,,,,,,,
,,,,,,,,,,,,,,,,,,,,,
,,,,,,,,,,,,,,,,,,,,,
,,,,,,,,,,,,,,,,,,,,,
,,,,,,,,,,,,,,,,,,,,,
,,,,,,,,,,,,,,,,,,,,,
,,,,,,,,,,,,,,,,,,,,,
,,,,,,,,,,,,,,,,,,,,,
,,,,,,,,,,,,,,,,,,,,,
,,,,,,,,,,,,,,,,,,,,,
,,,,,,,,,,,,,,,,,,,,,
,,,,,,,,,,,,,,,,,,,,,
,,,,,,,,,,,,,,,,,,,,,
,,,,,,,,,,,,,,,,,,,,,
,,,,,,,,,,,,,,,,,,,,,
,,,,,,,,,,,,,,,,,,,,,
,,,,,,,,,,,,,,,,,,,,,
,,,,,,,,,,,,,,,,,,,,,
,,,,,,,,,,,,,,,,,,,,,
,,,,,,,,,,,,,,,,,,,,,
,,,,,,,,,,,,,,,,,,,,,
,,,,,,,,,,,,,,,,,,,,,
,,,,,,,,,,,,,,,,,,,,,
,,,,,,,,,,,,,,,,,,,,,
,,,,,,,,,,,,,,,,,,,,,
,,,,,,,,,,,,,,,,,,,,,
,,,,,,,,,,,,,,,,,,,,,
,,,,,,,,,,,,,,,,,,,,,
,,,,,,,,,,,,,,,,,,,,,
,,,,,,,,,,,,,,,,,,,,,
,,,,,,,,,,,,,,,,,,,,,
,,,,,,,,,,,,,,,,,,,,,
,,,,,,,,,,,,,,,,,,,,,
,,,,,,,,,,,,,,,,,,,,,
,,,,,,,,,,,,,,,,,,,,,
,,,,,,,,,,,,,,,,,,,,,
,,,,,,,,,,,,,,,,,,,,,
,,,,,,,,,,,,,,,,,,,,,
,,,,,,,,,,,,,,,,,,,,,
,,,,,,,,,,,,,,,,,,,,,
,,,,,,,,,,,,,,,,,,,,,
,,,,,,,,,,,,,,,,,,,,,
,,,,,,,,,,,,,,,,,,,,,
,,,,,,,,,,,,,,,,,,,,,
,,,,,,,,,,,,,,,,,,,,,
,,,,,,,,,,,,,,,,,,,,,
,,,,,,,,,,,,,,,,,,,,,
,,,,,,,,,,,,,,,,,,,,,
,,,,,,,,,,,,,,,,,,,,,
,,,,,,,,,,,,,,,,,,,,,
,,,,,,,,,,,,,,,,,,,,,
,,,,,,,,,,,,,,,,,,,,,
,,,,,,,,,,,,,,,,,,,,,
,,,,,,,,,,,,,,,,,,,,,
,,,,,,,,,,,,,,,,,,,,,
,,,,,,,,,,,,,,,,,,,,,
,,,,,,,,,,,,,,,,,,,,,
,,,,,,,,,,,,,,,,,,,,,
,,,,,,,,,,,,,,,,,,,,,
,,,,,,,,,,,,,,,,,,,,,
,,,,,,,,,,,,,,,,,,,,,
,,,,,,,,,,,,,,,,,,,,,
,,,,,,,,,,,,,,,,,,,,,
,,,,,,,,,,,,,,,,,,,,,
,,,,,,,,,,,,,,,,,,,,,
,,,,,,,,,,,,,,,,,,,,,
,,,,,,,,,,,,,,,,,,,,,
,,,,,,,,,,,,,,,,,,,,,
,,,,,,,,,,,,,,,,,,,,,
,,,,,,,,,,,,,,,,,,,,,
,,,,,,,,,,,,,,,,,,,,,
,,,,,,,,,,,,,,,,,,,,,
,,,,,,,,,,,,,,,,,,,,,
,,,,,,,,,,,,,,,,,,,,,
,,,,,,,,,,,,,,,,,,,,,
,,,,,,,,,,,,,,,,,,,,,
,,,,,,,,,,,,,,,,,,,,,
,,,,,,,,,,,,,,,,,,,,,
,,,,,,,,,,,,,,,,,,,,,
,,,,,,,,,,,,,,,,,,,,,
,,,,,,,,,,,,,,,,,,,,,
,,,,,,,,,,,,,,,,,,,,,
,,,,,,,,,,,,,,,,,,,,,
,,,,,,,,,,,,,,,,,,,,,
,,,,,,,,,,,,,,,,,,,,,
,,,,,,,,,,,,,,,,,,,,,
,,,,,,,,,,,,,,,,,,,,,
,,,,,,,,,,,,,,,,,,,,,
,,,,,,,,,,,,,,,,,,,,,
,,,,,,,,,,,,,,,,,,,,,
,,,,,,,,,,,,,,,,,,,,,
,,,,,,,,,,,,,,,,,,,,,
,,,,,,,,,,,,,,,,,,,,,
,,,,,,,,,,,,,,,,,,,,,
,,,,,,,,,,,,,,,,,,,,,
,,,,,,,,,,,,,,,,,,,,,
,,,,,,,,,,,,,,,,,,,,,
,,,,,,,,,,,,,,,,,,,,,
,,,,,,,,,,,,,,,,,,,,,
,,,,,,,,,,,,,,,,,,,,,
,,,,,,,,,,,,,,,,,,,,,
,,,,,,,,,,,,,,,,,,,,,
,,,,,,,,,,,,,,,,,,,,,
,,,,,,,,,,,,,,,,,,,,,
,,,,,,,,,,,,,,,,,,,,,
,,,,,,,,,,,,,,,,,,,,,
,,,,,,,,,,,,,,,,,,,,,
,,,,,,,,,,,,,,,,,,,,,
,,,,,,,,,,,,,,,,,,,,,
,,,,,,,,,,,,,,,,,,,,,
,,,,,,,,,,,,,,,,,,,,,
,,,,,,,,,,,,,,,,,,,,,
,,,,,,,,,,,,,,,,,,,,,
,,,,,,,,,,,,,,,,,,,,,
,,,,,,,,,,,,,,,,,,,,,
,,,,,,,,,,,,,,,,,,,,,
,,,,,,,,,,,,,,,,,,,,,
,,,,,,,,,,,,,,,,,,,,,
,,,,,,,,,,,,,,,,,,,,,
,,,,,,,,,,,,,,,,,,,,,
,,,,,,,,,,,,,,,,,,,,,
,,,,,,,,,,,,,,,,,,,,,
,,,,,,,,,,,,,,,,,,,,,
,,,,,,,,,,,,,,,,,,,,,
,,,,,,,,,,,,,,,,,,,,,
,,,,,,,,,,,,,,,,,,,,,
,,,,,,,,,,,,,,,,,,,,,
,,,,,,,,,,,,,,,,,,,,,
,,,,,,,,,,,,,,,,,,,,,
,,,,,,,,,,,,,,,,,,,,,
,,,,,,,,,,,,,,,,,,,,,
,,,,,,,,,,,,,,,,,,,,,
,,,,,,,,,,,,,,,,,,,,,
,,,,,,,,,,,,,,,,,,,,,
,,,,,,,,,,,,,,,,,,,,,
,,,,,,,,,,,,,,,,,,,,,
,,,,,,,,,,,,,,,,,,,,,
,,,,,,,,,,,,,,,,,,,,,
,,,,,,,,,,,,,,,,,,,,,
,,,,,,,,,,,,,,,,,,,,,
,,,,,,,,,,,,,,,,,,,,,
,,,,,,,,,,,,,,,,,,,,,
,,,,,,,,,,,,,,,,,,,,,
,,,,,,,,,,,,,,,,,,,,,
,,,,,,,,,,,,,,,,,,,,,
,,,,,,,,,,,,,,,,,,,,,
,,,,,,,,,,,,,,,,,,,,,
,,,,,,,,,,,,,,,,,,,,,
,,,,,,,,,,,,,,,,,,,,,
,,,,,,,,,,,,,,,,,,,,,
,,,,,,,,,,,,,,,,,,,,,
,,,,,,,,,,,,,,,,,,,,,
,,,,,,,,,,,,,,,,,,,,,
,,,,,,,,,,,,,,,,,,,,,
,,,,,,,,,,,,,,,,,,,,,
,,,,,,,,,,,,,,,,,,,,,
,,,,,,,,,,,,,,,,,,,,,
,,,,,,,,,,,,,,,,,,,,,
,,,,,,,,,,,,,,,,,,,,,
,,,,,,,,,,,,,,,,,,,,,
,,,,,,,,,,,,,,,,,,,,,
,,,,,,,,,,,,,,,,,,,,,
,,,,,,,,,,,,,,,,,,,,,
,,,,,,,,,,,,,,,,,,,,,
,,,,,,,,,,,,,,,,,,,,,
,,,,,,,,,,,,,,,,,,,,,
,,,,,,,,,,,,,,,,,,,,,
,,,,,,,,,,,,,,,,,,,,,
,,,,,,,,,,,,,,,,,,,,,
,,,,,,,,,,,,,,,,,,,,,
,,,,,,,,,,,,,,,,,,,,,
,,,,,,,,,,,,,,,,,,,,,
,,,,,,,,,,,,,,,,,,,,,
,,,,,,,,,,,,,,,,,,,,,
,,,,,,,,,,,,,,,,,,,,,
,,,,,,,,,,,,,,,,,,,,,
,,,,,,,,,,,,,,,,,,,,,
,,,,,,,,,,,,,,,,,,,,,
,,,,,,,,,,,,,,,,,,,,,
,,,,,,,,,,,,,,,,,,,,,
,,,,,,,,,,,,,,,,,,,,,
,,,,,,,,,,,,,,,,,,,,,
,,,,,,,,,,,,,,,,,,,,,
,,,,,,,,,,,,,,,,,,,,,
,,,,,,,,,,,,,,,,,,,,,
,,,,,,,,,,,,,,,,,,,,,
,,,,,,,,,,,,,,,,,,,,,
,,,,,,,,,,,,,,,,,,,,,
,,,,,,,,,,,,,,,,,,,,,
,,,,,,,,,,,,,,,,,,,,,
,,,,,,,,,,,,,,,,,,,,,
,,,,,,,,,,,,,,,,,,,,,
,,,,,,,,,,,,,,,,,,,,,
,,,,,,,,,,,,,,,,,,,,,
,,,,,,,,,,,,,,,,,,,,,
,,,,,,,,,,,,,,,,,,,,,
,,,,,,,,,,,,,,,,,,,,,
,,,,,,,,,,,,,,,,,,,,,
,,,,,,,,,,,,,,,,,,,,,
,,,,,,,,,,,,,,,,,,,,,
,,,,,,,,,,,,,,,,,,,,,
,,,,,,,,,,,,,,,,,,,,,
,,,,,,,,,,,,,,,,,,,,,
,,,,,,,,,,,,,,,,,,,,,
,,,,,,,,,,,,,,,,,,,,,
,,,,,,,,,,,,,,,,,,,,,
,,,,,,,,,,,,,,,,,,,,,
,,,,,,,,,,,,,,,,,,,,,
,,,,,,,,,,,,,,,,,,,,,
,,,,,,,,,,,,,,,,,,,,,
,,,,,,,,,,,,,,,,,,,,,
,,,,,,,,,,,,,,,,,,,,,
,,,,,,,,,,,,,,,,,,,,,
,,,,,,,,,,,,,,,,,,,,,
,,,,,,,,,,,,,,,,,,,,,
,,,,,,,,,,,,,,,,,,,,,
,,,,,,,,,,,,,,,,,,,,,
,,,,,,,,,,,,,,,,,,,,,
,,,,,,,,,,,,,,,,,,,,,
,,,,,,,,,,,,,,,,,,,,,
,,,,,,,,,,,,,,,,,,,,,
,,,,,,,,,,,,,,,,,,,,,
,,,,,,,,,,,,,,,,,,,,,
,,,,,,,,,,,,,,,,,,,,,
,,,,,,,,,,,,,,,,,,,,,
,,,,,,,,,,,,,,,,,,,,,
,,,,,,,,,,,,,,,,,,,,,
,,,,,,,,,,,,,,,,,,,,,
,,,,,,,,,,,,,,,,,,,,,
,,,,,,,,,,,,,,,,,,,,,
,,,,,,,,,,,,,,,,,,,,,
,,,,,,,,,,,,,,,,,,,,,
,,,,,,,,,,,,,,,,,,,,,
,,,,,,,,,,,,,,,,,,,,,
,,,,,,,,,,,,,,,,,,,,,
,,,,,,,,,,,,,,,,,,,,,
,,,,,,,,,,,,,,,,,,,,,
,,,,,,,,,,,,,,,,,,,,,
,,,,,,,,,,,,,,,,,,,,,
,,,,,,,,,,,,,,,,,,,,,
,,,,,,,,,,,,,,,,,,,,,
,,,,,,,,,,,,,,,,,,,,,
,,,,,,,,,,,,,,,,,,,,,
,,,,,,,,,,,,,,,,,,,,,
,,,,,,,,,,,,,,,,,,,,,
,,,,,,,,,,,,,,,,,,,,,
,,,,,,,,,,,,,,,,,,,,,
,,,,,,,,,,,,,,,,,,,,,
,,,,,,,,,,,,,,,,,,,,,
,,,,,,,,,,,,,,,,,,,,,
,,,,,,,,,,,,,,,,,,,,,
,,,,,,,,,,,,,,,,,,,,,
,,,,,,,,,,,,,,,,,,,,,
,,,,,,,,,,,,,,,,,,,,,
,,,,,,,,,,,,,,,,,,,,,
,,,,,,,,,,,,,,,,,,,,,
,,,,,,,,,,,,,,,,,,,,,
,,,,,,,,,,,,,,,,,,,,,
,,,,,,,,,,,,,,,,,,,,,
,,,,,,,,,,,,,,,,,,,,,
,,,,,,,,,,,,,,,,,,,,,
,,,,,,,,,,,,,,,,,,,,,
,,,,,,,,,,,,,,,,,,,,,
,,,,,,,,,,,,,,,,,,,,,
,,,,,,,,,,,,,,,,,,,,,
,,,,,,,,,,,,,,,,,,,,,
,,,,,,,,,,,,,,,,,,,,,
,,,,,,,,,,,,,,,,,,,,,
,,,,,,,,,,,,,,,,,,,,,
,,,,,,,,,,,,,,,,,,,,,
,,,,,,,,,,,,,,,,,,,,,
,,,,,,,,,,,,,,,,,,,,,
,,,,,,,,,,,,,,,,,,,,,
,,,,,,,,,,,,,,,,,,,,,
,,,,,,,,,,,,,,,,,,,,,
,,,,,,,,,,,,,,,,,,,,,
,,,,,,,,,,,,,,,,,,,,,
,,,,,,,,,,,,,,,,,,,,,
,,,,,,,,,,,,,,,,,,,,,
,,,,,,,,,,,,,,,,,,,,,
,,,,,,,,,,,,,,,,,,,,,
,,,,,,,,,,,,,,,,,,,,,
,,,,,,,,,,,,,,,,,,,,,
,,,,,,,,,,,,,,,,,,,,,
,,,,,,,,,,,,,,,,,,,,,
,,,,,,,,,,,,,,,,,,,,,
,,,,,,,,,,,,,,,,,,,,,
,,,,,,,,,,,,,,,,,,,,,
,,,,,,,,,,,,,,,,,,,,,
,,,,,,,,,,,,,,,,,,,,,
,,,,,,,,,,,,,,,,,,,,,
,,,,,,,,,,,,,,,,,,,,,
,,,,,,,,,,,,,,,,,,,,,
,,,,,,,,,,,,,,,,,,,,,
,,,,,,,,,,,,,,,,,,,,,
,,,,,,,,,,,,,,,,,,,,,
,,,,,,,,,,,,,,,,,,,,,
,,,,,,,,,,,,,,,,,,,,,
,,,,,,,,,,,,,,,,,,,,,
,,,,,,,,,,,,,,,,,,,,,
,,,,,,,,,,,,,,,,,,,,,
,,,,,,,,,,,,,,,,,,,,,
,,,,,,,,,,,,,,,,,,,,,
,,,,,,,,,,,,,,,,,,,,,
,,,,,,,,,,,,,,,,,,,,,
,,,,,,,,,,,,,,,,,,,,,
,,,,,,,,,,,,,,,,,,,,,
,,,,,,,,,,,,,,,,,,,,,
,,,,,,,,,,,,,,,,,,,,,
,,,,,,,,,,,,,,,,,,,,,
,,,,,,,,,,,,,,,,,,,,,
,,,,,,,,,,,,,,,,,,,,,
,,,,,,,,,,,,,,,,,,,,,
,,,,,,,,,,,,,,,,,,,,,
,,,,,,,,,,,,,,,,,,,,,
,,,,,,,,,,,,,,,,,,,,,
,,,,,,,,,,,,,,,,,,,,,
,,,,,,,,,,,,,,,,,,,,,
,,,,,,,,,,,,,,,,,,,,,
,,,,,,,,,,,,,,,,,,,,,
,,,,,,,,,,,,,,,,,,,,,
,,,,,,,,,,,,,,,,,,,,,
,,,,,,,,,,,,,,,,,,,,,
,,,,,,,,,,,,,,,,,,,,,
,,,,,,,,,,,,,,,,,,,,,
,,,,,,,,,,,,,,,,,,,,,
,,,,,,,,,,,,,,,,,,,,,
,,,,,,,,,,,,,,,,,,,,,
,,,,,,,,,,,,,,,,,,,,,
,,,,,,,,,,,,,,,,,,,,,
,,,,,,,,,,,,,,,,,,,,,
,,,,,,,,,,,,,,,,,,,,,
,,,,,,,,,,,,,,,,,,,,,
,,,,,,,,,,,,,,,,,,,,,
,,,,,,,,,,,,,,,,,,,,,
,,,,,,,,,,,,,,,,,,,,,
,,,,,,,,,,,,,,,,,,,,,
,,,,,,,,,,,,,,,,,,,,,
,,,,,,,,,,,,,,,,,,,,,
,,,,,,,,,,,,,,,,,,,,,
,,,,,,,,,,,,,,,,,,,,,
,,,,,,,,,,,,,,,,,,,,,
,,,,,,,,,,,,,,,,,,,,,
,,,,,,,,,,,,,,,,,,,,,
,,,,,,,,,,,,,,,,,,,,,
,,,,,,,,,,,,,,,,,,,,,
,,,,,,,,,,,,,,,,,,,,,
,,,,,,,,,,,,,,,,,,,,,
,,,,,,,,,,,,,,,,,,,,,
,,,,,,,,,,,,,,,,,,,,,
,,,,,,,,,,,,,,,,,,,,,
,,,,,,,,,,,,,,,,,,,,,
,,,,,,,,,,,,,,,,,,,,,
,,,,,,,,,,,,,,,,,,,,,
,,,,,,,,,,,,,,,,,,,,,
,,,,,,,,,,,,,,,,,,,,,
,,,,,,,,,,,,,,,,,,,,,
,,,,,,,,,,,,,,,,,,,,,
,,,,,,,,,,,,,,,,,,,,,
,,,,,,,,,,,,,,,,,,,,,
,,,,,,,,,,,,,,,,,,,,,
,,,,,,,,,,,,,,,,,,,,,
,,,,,,,,,,,,,,,,,,,,,
,,,,,,,,,,,,,,,,,,,,,
,,,,,,,,,,,,,,,,,,,,,
,,,,,,,,,,,,,,,,,,,,,
,,,,,,,,,,,,,,,,,,,,,
,,,,,,,,,,,,,,,,,,,,,
,,,,,,,,,,,,,,,,,,,,,
,,,,,,,,,,,,,,,,,,,,,
,,,,,,,,,,,,,,,,,,,,,
,,,,,,,,,,,,,,,,,,,,,
,,,,,,,,,,,,,,,,,,,,,
,,,,,,,,,,,,,,,,,,,,,
,,,,,,,,,,,,,,,,,,,,,
,,,,,,,,,,,,,,,,,,,,,
,,,,,,,,,,,,,,,,,,,,,
,,,,,,,,,,,,,,,,,,,,,
,,,,,,,,,,,,,,,,,,,,,
,,,,,,,,,,,,,,,,,,,,,
,,,,,,,,,,,,,,,,,,,,,
,,,,,,,,,,,,,,,,,,,,,
,,,,,,,,,,,,,,,,,,,,,
,,,,,,,,,,,,,,,,,,,,,
,,,,,,,,,,,,,,,,,,,,,
,,,,,,,,,,,,,,,,,,,,,
,,,,,,,,,,,,,,,,,,,,,
,,,,,,,,,,,,,,,,,,,,,
,,,,,,,,,,,,,,,,,,,,,
,,,,,,,,,,,,,,,,,,,,,
,,,,,,,,,,,,,,,,,,,,,
,,,,,,,,,,,,,,,,,,,,,
,,,,,,,,,,,,,,,,,,,,,
,,,,,,,,,,,,,,,,,,,,,
,,,,,,,,,,,,,,,,,,,,,
,,,,,,,,,,,,,,,,,,,,,
,,,,,,,,,,,,,,,,,,,,,
,,,,,,,,,,,,,,,,,,,,,
,,,,,,,,,,,,,,,,,,,,,
,,,,,,,,,,,,,,,,,,,,,
,,,,,,,,,,,,,,,,,,,,,
,,,,,,,,,,,,,,,,,,,,,
,,,,,,,,,,,,,,,,,,,,,
,,,,,,,,,,,,,,,,,,,,,
,,,,,,,,,,,,,,,,,,,,,
,,,,,,,,,,,,,,,,,,,,,
,,,,,,,,,,,,,,,,,,,,,
,,,,,,,,,,,,,,,,,,,,,
,,,,,,,,,,,,,,,,,,,,,
,,,,,,,,,,,,,,,,,,,,,
,,,,,,,,,,,,,,,,,,,,,
,,,,,,,,,,,,,,,,,,,,,
,,,,,,,,,,,,,,,,,,,,,
,,,,,,,,,,,,,,,,,,,,,
,,,,,,,,,,,,,,,,,,,,,
,,,,,,,,,,,,,,,,,,,,,
,,,,,,,,,,,,,,,,,,,,,
,,,,,,,,,,,,,,,,,,,,,
,,,,,,,,,,,,,,,,,,,,,
,,,,,,,,,,,,,,,,,,,,,
,,,,,,,,,,,,,,,,,,,,,
,,,,,,,,,,,,,,,,,,,,,
,,,,,,,,,,,,,,,,,,,,,
,,,,,,,,,,,,,,,,,,,,,
,,,,,,,,,,,,,,,,,,,,,
,,,,,,,,,,,,,,,,,,,,,
,,,,,,,,,,,,,,,,,,,,,
,,,,,,,,,,,,,,,,,,,,,
,,,,,,,,,,,,,,,,,,,,,
,,,,,,,,,,,,,,,,,,,,,
,,,,,,,,,,,,,,,,,,,,,
,,,,,,,,,,,,,,,,,,,,,
,,,,,,,,,,,,,,,,,,,,,
,,,,,,,,,,,,,,,,,,,,,
,,,,,,,,,,,,,,,,,,,,,
,,,,,,,,,,,,,,,,,,,,,
,,,,,,,,,,,,,,,,,,,,,
,,,,,,,,,,,,,,,,,,,,,
,,,,,,,,,,,,,,,,,,,,,
,,,,,,,,,,,,,,,,,,,,,
,,,,,,,,,,,,,,,,,,,,,
,,,,,,,,,,,,,,,,,,,,,
,,,,,,,,,,,,,,,,,,,,,
,,,,,,,,,,,,,,,,,,,,,
,,,,,,,,,,,,,,,,,,,,,
,,,,,,,,,,,,,,,,,,,,,
,,,,,,,,,,,,,,,,,,,,,
,,,,,,,,,,,,,,,,,,,,,
,,,,,,,,,,,,,,,,,,,,,
,,,,,,,,,,,,,,,,,,,,,
,,,,,,,,,,,,,,,,,,,,,
,,,,,,,,,,,,,,,,,,,,,
,,,,,,,,,,,,,,,,,,,,,
,,,,,,,,,,,,,,,,,,,,,
,,,,,,,,,,,,,,,,,,,,,
,,,,,,,,,,,,,,,,,,,,,
,,,,,,,,,,,,,,,,,,,,,
,,,,,,,,,,,,,,,,,,,,,
,,,,,,,,,,,,,,,,,,,,,
,,,,,,,,,,,,,,,,,,,,,
,,,,,,,,,,,,,,,,,,,,,
,,,,,,,,,,,,,,,,,,,,,
,,,,,,,,,,,,,,,,,,,,,
,,,,,,,,,,,,,,,,,,,,,
,,,,,,,,,,,,,,,,,,,,,
,,,,,,,,,,,,,,,,,,,,,
,,,,,,,,,,,,,,,,,,,,,
,,,,,,,,,,,,,,,,,,,,,
,,,,,,,,,,,,,,,,,,,,,
,,,,,,,,,,,,,,,,,,,,,
,,,,,,,,,,,,,,,,,,,,,
,,,,,,,,,,,,,,,,,,,,,
,,,,,,,,,,,,,,,,,,,,,
,,,,,,,,,,,,,,,,,,,,,
,,,,,,,,,,,,,,,,,,,,,
,,,,,,,,,,,,,,,,,,,,,
,,,,,,,,,,,,,,,,,,,,,
,,,,,,,,,,,,,,,,,,,,,
,,,,,,,,,,,,,,,,,,,,,
,,,,,,,,,,,,,,,,,,,,,
,,,,,,,,,,,,,,,,,,,,,
,,,,,,,,,,,,,,,,,,,,,
,,,,,,,,,,,,,,,,,,,,,
,,,,,,,,,,,,,,,,,,,,,
,,,,,,,,,,,,,,,,,,,,,
,,,,,,,,,,,,,,,,,,,,,
,,,,,,,,,,,,,,,,,,,,,
,,,,,,,,,,,,,,,,,,,,,
,,,,,,,,,,,,,,,,,,,,,
,,,,,,,,,,,,,,,,,,,,,
,,,,,,,,,,,,,,,,,,,,,
,,,,,,,,,,,,,,,,,,,,,
,,,,,,,,,,,,,,,,,,,,,
,,,,,,,,,,,,,,,,,,,,,
,,,,,,,,,,,,,,,,,,,,,
,,,,,,,,,,,,,,,,,,,,,
,,,,,,,,,,,,,,,,,,,,,
,,,,,,,,,,,,,,,,,,,,,
,,,,,,,,,,,,,,,,,,,,,
,,,,,,,,,,,,,,,,,,,,,
,,,,,,,,,,,,,,,,,,,,,
,,,,,,,,,,,,,,,,,,,,,
,,,,,,,,,,,,,,,,,,,,,
,,,,,,,,,,,,,,,,,,,,,
,,,,,,,,,,,,,,,,,,,,,
,,,,,,,,,,,,,,,,,,,,,
,,,,,,,,,,,,,,,,,,,,,
,,,,,,,,,,,,,,,,,,,,,
,,,,,,,,,,,,,,,,,,,,,
,,,,,,,,,,,,,,,,,,,,,
,,,,,,,,,,,,,,,,,,,,,
,,,,,,,,,,,,,,,,,,,,,
,,,,,,,,,,,,,,,,,,,,,
,,,,,,,,,,,,,,,,,,,,,
,,,,,,,,,,,,,,,,,,,,,
,,,,,,,,,,,,,,,,,,,,,
,,,,,,,,,,,,,,,,,,,,,
,,,,,,,,,,,,,,,,,,,,,
,,,,,,,,,,,,,,,,,,,,,
,,,,,,,,,,,,,,,,,,,,,
,,,,,,,,,,,,,,,,,,,,,
,,,,,,,,,,,,,,,,,,,,,
,,,,,,,,,,,,,,,,,,,,,
,,,,,,,,,,,,,,,,,,,,,
,,,,,,,,,,,,,,,,,,,,,
,,,,,,,,,,,,,,,,,,,,,
,,,,,,,,,,,,,,,,,,,,,
,,,,,,,,,,,,,,,,,,,,,
,,,,,,,,,,,,,,,,,,,,,
,,,,,,,,,,,,,,,,,,,,,
,,,,,,,,,,,,,,,,,,,,,
,,,,,,,,,,,,,,,,,,,,,
,,,,,,,,,,,,,,,,,,,,,
,,,,,,,,,,,,,,,,,,,,,
,,,,,,,,,,,,,,,,,,,,,
,,,,,,,,,,,,,,,,,,,,,
,,,,,,,,,,,,,,,,,,,,,
,,,,,,,,,,,,,,,,,,,,,
,,,,,,,,,,,,,,,,,,,,,
,,,,,,,,,,,,,,,,,,,,,
,,,,,,,,,,,,,,,,,,,,,
,,,,,,,,,,,,,,,,,,,,,
,,,,,,,,,,,,,,,,,,,,,
,,,,,,,,,,,,,,,,,,,,,
,,,,,,,,,,,,,,,,,,,,,
,,,,,,,,,,,,,,,,,,,,,
,,,,,,,,,,,,,,,,,,,,,
,,,,,,,,,,,,,,,,,,,,,
,,,,,,,,,,,,,,,,,,,,,
,,,,,,,,,,,,,,,,,,,,,
,,,,,,,,,,,,,,,,,,,,,
,,,,,,,,,,,,,,,,,,,,,
,,,,,,,,,,,,,,,,,,,,,
,,,,,,,,,,,,,,,,,,,,,
,,,,,,,,,,,,,,,,,,,,,
,,,,,,,,,,,,,,,,,,,,,
,,,,,,,,,,,,,,,,,,,,,
,,,,,,,,,,,,,,,,,,,,,
,,,,,,,,,,,,,,,,,,,,,
,,,,,,,,,,,,,,,,,,,,,
,,,,,,,,,,,,,,,,,,,,,
,,,,,,,,,,,,,,,,,,,,,
,,,,,,,,,,,,,,,,,,,,,
,,,,,,,,,,,,,,,,,,,,,
,,,,,,,,,,,,,,,,,,,,,
,,,,,,,,,,,,,,,,,,,,,
,,,,,,,,,,,,,,,,,,,,,
,,,,,,,,,,,,,,,,,,,,,
,,,,,,,,,,,,,,,,,,,,,
,,,,,,,,,,,,,,,,,,,,,
,,,,,,,,,,,,,,,,,,,,,
,,,,,,,,,,,,,,,,,,,,,
,,,,,,,,,,,,,,,,,,,,,
,,,,,,,,,,,,,,,,,,,,,
,,,,,,,,,,,,,,,,,,,,,
,,,,,,,,,,,,,,,,,,,,,
,,,,,,,,,,,,,,,,,,,,,
,,,,,,,,,,,,,,,,,,,,,
,,,,,,,,,,,,,,,,,,,,,
,,,,,,,,,,,,,,,,,,,,,
,,,,,,,,,,,,,,,,,,,,,
,,,,,,,,,,,,,,,,,,,,,
,,,,,,,,,,,,,,,,,,,,,
,,,,,,,,,,,,,,,,,,,,,
,,,,,,,,,,,,,,,,,,,,,
,,,,,,,,,,,,,,,,,,,,,
,,,,,,,,,,,,,,,,,,,,,
,,,,,,,,,,,,,,,,,,,,,
,,,,,,,,,,,,,,,,,,,,,
,,,,,,,,,,,,,,,,,,,,,
,,,,,,,,,,,,,,,,,,,,,
,,,,,,,,,,,,,,,,,,,,,
,,,,,,,,,,,,,,,,,,,,,
,,,,,,,,,,,,,,,,,,,,,
,,,,,,,,,,,,,,,,,,,,,
,,,,,,,,,,,,,,,,,,,,,
,,,,,,,,,,,,,,,,,,,,,
,,,,,,,,,,,,,,,,,,,,,
,,,,,,,,,,,,,,,,,,,,,
,,,,,,,,,,,,,,,,,,,,,
,,,,,,,,,,,,,,,,,,,,,
,,,,,,,,,,,,,,,,,,,,,
,,,,,,,,,,,,,,,,,,,,,
,,,,,,,,,,,,,,,,,,,,,
,,,,,,,,,,,,,,,,,,,,,
,,,,,,,,,,,,,,,,,,,,,
,,,,,,,,,,,,,,,,,,,,,
,,,,,,,,,,,,,,,,,,,,,
,,,,,,,,,,,,,,,,,,,,,
,,,,,,,,,,,,,,,,,,,,,
,,,,,,,,,,,,,,,,,,,,,
,,,,,,,,,,,,,,,,,,,,,
,,,,,,,,,,,,,,,,,,,,,
,,,,,,,,,,,,,,,,,,,,,
,,,,,,,,,,,,,,,,,,,,,
,,,,,,,,,,,,,,,,,,,,,
,,,,,,,,,,,,,,,,,,,,,
,,,,,,,,,,,,,,,,,,,,,
,,,,,,,,,,,,,,,,,,,,,
,,,,,,,,,,,,,,,,,,,,,
,,,,,,,,,,,,,,,,,,,,,
,,,,,,,,,,,,,,,,,,,,,
,,,,,,,,,,,,,,,,,,,,,
,,,,,,,,,,,,,,,,,,,,,
,,,,,,,,,,,,,,,,,,,,,
,,,,,,,,,,,,,,,,,,,,,
,,,,,,,,,,,,,,,,,,,,,
,,,,,,,,,,,,,,,,,,,,,
,,,,,,,,,,,,,,,,,,,,,
,,,,,,,,,,,,,,,,,,,,,
,,,,,,,,,,,,,,,,,,,,,
,,,,,,,,,,,,,,,,,,,,,
,,,,,,,,,,,,,,,,,,,,,
,,,,,,,,,,,,,,,,,,,,,
,,,,,,,,,,,,,,,,,,,,,
,,,,,,,,,,,,,,,,,,,,,
,,,,,,,,,,,,,,,,,,,,,
,,,,,,,,,,,,,,,,,,,,,
,,,,,,,,,,,,,,,,,,,,,
,,,,,,,,,,,,,,,,,,,,,
,,,,,,,,,,,,,,,,,,,,,
,,,,,,,,,,,,,,,,,,,,,
,,,,,,,,,,,,,,,,,,,,,
,,,,,,,,,,,,,,,,,,,,,
,,,,,,,,,,,,,,,,,,,,,
,,,,,,,,,,,,,,,,,,,,,
,,,,,,,,,,,,,,,,,,,,,
,,,,,,,,,,,,,,,,,,,,,
,,,,,,,,,,,,,,,,,,,,,
,,,,,,,,,,,,,,,,,,,,,
,,,,,,,,,,,,,,,,,,,,,
,,,,,,,,,,,,,,,,,,,,,
,,,,,,,,,,,,,,,,,,,,,
,,,,,,,,,,,,,,,,,,,,,
,,,,,,,,,,,,,,,,,,,,,
,,,,,,,,,,,,,,,,,,,,,
,,,,,,,,,,,,,,,,,,,,,
,,,,,,,,,,,,,,,,,,,,,
,,,,,,,,,,,,,,,,,,,,,
,,,,,,,,,,,,,,,,,,,,,
,,,,,,,,,,,,,,,,,,,,,
,,,,,,,,,,,,,,,,,,,,,
,,,,,,,,,,,,,,,,,,,,,
,,,,,,,,,,,,,,,,,,,,,
,,,,,,,,,,,,,,,,,,,,,
,,,,,,,,,,,,,,,,,,,,,
,,,,,,,,,,,,,,,,,,,,,
,,,,,,,,,,,,,,,,,,,,,
,,,,,,,,,,,,,,,,,,,,,
,,,,,,,,,,,,,,,,,,,,,
,,,,,,,,,,,,,,,,,,,,,
,,,,,,,,,,,,,,,,,,,,,
,,,,,,,,,,,,,,,,,,,,,
,,,,,,,,,,,,,,,,,,,,,
,,,,,,,,,,,,,,,,,,,,,
,,,,,,,,,,,,,,,,,,,,,
,,,,,,,,,,,,,,,,,,,,,
,,,,,,,,,,,,,,,,,,,,,
,,,,,,,,,,,,,,,,,,,,,
,,,,,,,,,,,,,,,,,,,,,
,,,,,,,,,,,,,,,,,,,,,
,,,,,,,,,,,,,,,,,,,,,
,,,,,,,,,,,,,,,,,,,,,
,,,,,,,,,,,,,,,,,,,,,
,,,,,,,,,,,,,,,,,,,,,
,,,,,,,,,,,,,,,,,,,,,
,,,,,,,,,,,,,,,,,,,,,
,,,,,,,,,,,,,,,,,,,,,
,,,,,,,,,,,,,,,,,,,,,
,,,,,,,,,,,,,,,,,,,,,
,,,,,,,,,,,,,,,,,,,,,
,,,,,,,,,,,,,,,,,,,,,
,,,,,,,,,,,,,,,,,,,,,
,,,,,,,,,,,,,,,,,,,,,
,,,,,,,,,,,,,,,,,,,,,
,,,,,,,,,,,,,,,,,,,,,
,,,,,,,,,,,,,,,,,,,,,
,,,,,,,,,,,,,,,,,,,,,
,,,,,,,,,,,,,,,,,,,,,
,,,,,,,,,,,,,,,,,,,,,
,,,,,,,,,,,,,,,,,,,,,
,,,,,,,,,,,,,,,,,,,,,
,,,,,,,,,,,,,,,,,,,,,
,,,,,,,,,,,,,,,,,,,,,
,,,,,,,,,,,,,,,,,,,,,
,,,,,,,,,,,,,,,,,,,,,
,,,,,,,,,,,,,,,,,,,,,
,,,,,,,,,,,,,,,,,,,,,
,,,,,,,,,,,,,,,,,,,,,
,,,,,,,,,,,,,,,,,,,,,
,,,,,,,,,,,,,,,,,,,,,
,,,,,,,,,,,,,,,,,,,,,
,,,,,,,,,,,,,,,,,,,,,
,,,,,,,,,,,,,,,,,,,,,
,,,,,,,,,,,,,,,,,,,,,
,,,,,,,,,,,,,,,,,,,,,
,,,,,,,,,,,,,,,,,,,,,
,,,,,,,,,,,,,,,,,,,,,
,,,,,,,,,,,,,,,,,,,,,
,,,,,,,,,,,,,,,,,,,,,
,,,,,,,,,,,,,,,,,,,,,
,,,,,,,,,,,,,,,,,,,,,
,,,,,,,,,,,,,,,,,,,,,
,,,,,,,,,,,,,,,,,,,,,
,,,,,,,,,,,,,,,,,,,,,
,,,,,,,,,,,,,,,,,,,,,
,,,,,,,,,,,,,,,,,,,,,
,,,,,,,,,,,,,,,,,,,,,
,,,,,,,,,,,,,,,,,,,,,
,,,,,,,,,,,,,,,,,,,,,
,,,,,,,,,,,,,,,,,,,,,
,,,,,,,,,,,,,,,,,,,,,
,,,,,,,,,,,,,,,,,,,,,
,,,,,,,,,,,,,,,,,,,,,
,,,,,,,,,,,,,,,,,,,,,
,,,,,,,,,,,,,,,,,,,,,
,,,,,,,,,,,,,,,,,,,,,
,,,,,,,,,,,,,,,,,,,,,
,,,,,,,,,,,,,,,,,,,,,
,,,,,,,,,,,,,,,,,,,,,
,,,,,,,,,,,,,,,,,,,,,
,,,,,,,,,,,,,,,,,,,,,
,,,,,,,,,,,,,,,,,,,,,
,,,,,,,,,,,,,,,,,,,,,
,,,,,,,,,,,,,,,,,,,,,
,,,,,,,,,,,,,,,,,,,,,
,,,,,,,,,,,,,,,,,,,,,
,,,,,,,,,,,,,,,,,,,,,
,,,,,,,,,,,,,,,,,,,,,
,,,,,,,,,,,,,,,,,,,,,
,,,,,,,,,,,,,,,,,,,,,
,,,,,,,,,,,,,,,,,,,,,
,,,,,,,,,,,,,,,,,,,,,
,,,,,,,,,,,,,,,,,,,,,
,,,,,,,,,,,,,,,,,,,,,
,,,,,,,,,,,,,,,,,,,,,
,,,,,,,,,,,,,,,,,,,,,
,,,,,,,,,,,,,,,,,,,,,
,,,,,,,,,,,,,,,,,,,,,
,,,,,,,,,,,,,,,,,,,,,
,,,,,,,,,,,,,,,,,,,,,
,,,,,,,,,,,,,,,,,,,,,
,,,,,,,,,,,,,,,,,,,,,
,,,,,,,,,,,,,,,,,,,,,
,,,,,,,,,,,,,,,,,,,,,
,,,,,,,,,,,,,,,,,,,,,
,,,,,,,,,,,,,,,,,,,,,
,,,,,,,,,,,,,,,,,,,,,
,,,,,,,,,,,,,,,,,,,,,
,,,,,,,,,,,,,,,,,,,,,
,,,,,,,,,,,,,,,,,,,,,
,,,,,,,,,,,,,,,,,,,,,
,,,,,,,,,,,,,,,,,,,,,
,,,,,,,,,,,,,,,,,,,,,
,,,,,,,,,,,,,,,,,,,,,
,,,,,,,,,,,,,,,,,,,,,
,,,,,,,,,,,,,,,,,,,,,
,,,,,,,,,,,,,,,,,,,,,
,,,,,,,,,,,,,,,,,,,,,
,,,,,,,,,,,,,,,,,,,,,
,,,,,,,,,,,,,,,,,,,,,
,,,,,,,,,,,,,,,,,,,,,
