post_id,user_id,user_name,user_gender,user_age,followers_count,following_count,account_creation_date,is_verified,location,topic,post_content,content_length,hashtags,has_media,post_date,device,language,likes,comments,shares,engagement_rate
b74593f8-dd0f-4f89-87b6-dbb732ee41f1,65502997-ec46-4da1-8b32-9472d3e6d5e1,morgansharon,Other,49,59795,4290,29-08-2015,FALSE,Bursa,Technology,Kind task especially perhaps list stop production official police gun already window board member may low feeling certainly. Finish even decide approach risk.,158,#gadgets,TRUE,24-02-2025,Android,de,2970,442,109,0.0589
1b6e726b-bf56-42b8-8988-f7758673184c,b60a836d-9d73-4d3f-b7fc-9f728b6f0778,longshane,Male,50,22335,217,04-12-2020,FALSE,Ankara,Travel,Natural water character from PM such painting seem clear either size admit hundred real. Poor because buy provide partner.,122,#vacationvibes #wanderlust,TRUE,14-01-2025,Web,de,1140,147,15,0.0583
4c676e93-8489-4f10-841d-cbff91835749,2ce68634-7873-4971-95cf-675e63d218ba,braysteven,Female,53,2672,4025,29-07-2017,FALSE,London,Art,National bag chair eat tax investment fill front only explain themselves me condition ask might. Soon Mr year if term adult suggest staff.,138,#digitalart,TRUE,05-04-2024,Android,tr,120,8,11,0.052
ac250f31-3e05-4580-b87f-35733950a8ea,2a075e18-3090-4b04-a4a3-5646dfa784be,kimberly93,Other,53,5268,8803,01-04-2019,FALSE,Antalya,Pets,Before spring he cultural seek bank risk east. Budget husband financial.,72,#catlife #adoptdontshop #dogsoftwitter #petlover,FALSE,02-01-2025,Tablet,de,268,25,13,0.0581
6a1af857-4182-4da3-896b-5232713cdb62,3a30c3b8-8658-4a33-b5ca-01a309d4fa12,ashleygamble,Female,42,1387,2986,15-11-2016,FALSE,Ankara,Education,Interest statement dream central require politics measure apply around clear yourself cut organization nearly or. Treatment anyone become everybody voice decide try little.,172,#knowledge #students,FALSE,04-05-2024,iPhone,de,79,11,2,0.0663
10e6f7cb-a7db-4c27-9e1f-b1c0d37eae8e,a6a10e09-bc3c-4363-83f5-ff9e1c8d21a2,campbellnancy,Male,45,35657,186,03-03-2022,FALSE,Antalya,Travel,Blood ready section operation level present increase sit bit piece hold until set vote raise pattern seem. Return election ok.,126,#wanderlust,FALSE,08-07-2024,Web,fr,1739,214,34,0.0557
d106d876-f428-4956-ad06-e44df48cf04c,f17b3c1f-060c-473f-8034-d228bcd1ae78,karen10,Male,45,26109,3852,14-04-2016,FALSE,Izmir,Fashion,Start forget half act build deal join development morning relationship against two newspaper put student. Seat likely single out argue dinner born.,147,#fashionista #style #lookbook #ootd,TRUE,28-08-2024,iPhone,es,1284,159,68,0.0579
7294b6a4-b57f-4ead-89a9-c7d1d6d11003,a734fd5c-e094-4a2b-8d5b-0744938984b5,wallaceryan,Other,29,9663,8164,10-09-2019,FALSE,London,Gaming,Interview need mention single like strong candidate dark other serve plant his. Make building cup fund dinner language information.,131,#gaming,TRUE,18-02-2025,Tablet,tr,479,55,38,0.0592
37231198-b483-48d2-ac6a-7215a8e4a082,3183c936-49f6-4189-afc6-446c7a6247f3,riverajessica,Other,37,88840,6338,05-08-2019,FALSE,Izmir,Books,Tonight according sometimes natural purpose respond hand goal term matter address prepare protect. Create should degree house control.,134,#literature,TRUE,03-02-2025,Web,fr,4463,632,114,0.0586
3ab37aa2-5e5b-4221-847c-be2df88f2c82,931e9055-146c-42e3-bde2-904ecda96b7e,thomasdonald,Male,39,38135,5481,21-05-2019,FALSE,New York,Books,Hospital also year own shake necessary. Employee project after song radio ground join.,86,#literature #bookworm #reading #readmore,TRUE,13-12-2024,Web,tr,1880,118,28,0.0531
7b95fcd5-e80d-4e8d-a5c4-13bb227a5607,d5348651-1db6-43a3-a55b-42c1d1d20ec4,thomas83,Female,53,56621,416,22-07-2017,FALSE,Izmir,Travel,Early sure trial half security there. Become area break image.,62,#vacationvibes #wanderlust #explore,FALSE,13-07-2024,Web,en,2824,166,213,0.0566
889e2588-a371-41d4-be4e-e2192ccdd223,6ba12459-b1b1-45cc-b29e-87709bd3d184,dtaylor,Male,43,3342,7050,18-11-2015,FALSE,Istanbul,Finance,Home above until design hair without western possible short throughout. Example deep security both.,99,#stockmarket,TRUE,15-10-2024,Web,en,155,14,12,0.0542
641f4fb6-898b-4dd9-8c11-9a6f64f69218,07692075-b35e-4018-af7d-8b5ef9066458,jessica86,Female,36,10978,2407,24-07-2019,FALSE,Ankara,Gaming,Official eye talk me detail act tree school over special sport first director challenge. Treatment help rest shake research writer.,131,#twitch #gaming,FALSE,16-12-2024,iPhone,es,555,46,6,0.0553
4ace22c6-b1fa-47ea-acd2-91e204574b94,3869de8d-fc57-486b-aeee-98f58e503c79,rachelramos,Female,57,16243,662,29-05-2017,FALSE,Antalya,Technology,Identify some discuss test pass form finally before about admit budget set treatment inside. Make star one interesting.,119,#tech #gadgets #future #innovation,FALSE,06-05-2024,iPhone,en,821,69,25,0.0563
a4b845cd-ef17-4e5f-99f9-a6380838c8fd,d166059b-8ff6-4a80-9d8a-5661cc791893,russellstout,Male,19,5777,8854,07-09-2017,FALSE,Istanbul,Politics,Line necessary fly share ten carry side town traditional. Southern care or share marriage better.,97,#news,FALSE,07-08-2024,iPhone,es,279,39,13,0.0573
f46b244e-2a07-4f4e-a44d-5db715888202,fe089ba2-0311-4122-9097-7401bfa5e93c,andrew22,Other,53,23263,4626,03-12-2021,FALSE,Ankara,Books,Choice take police several speech left dinner himself child skill itself scene yard sign institution leg center group. Big leave article matter business his.,157,#reading #readmore #bookworm,FALSE,30-06-2024,Web,en,1182,63,22,0.0545
dfe9788c-ec2c-434e-b07d-8b66aaf3734c,83f3082b-a454-4833-ba75-742cdf14aed6,barbaraolsen,Other,16,74731,364,01-02-2025,FALSE,Paris,Gaming,Mother political discover professor article best fish without morning simply thousand fast authority feeling suggest relationship public himself class common employee seem. Idea challenge late never street young large.,218,#gamerlife #esports #twitch #gaming,FALSE,02-09-2024,Android,de,3654,227,266,0.0555
d4fd58b1-6116-46f1-ab70-b07191dbd835,335939b1-b9e4-4b73-bdf8-2b3633a56c92,rsheppard,Male,48,51072,4762,18-04-2023,FALSE,Istanbul,Travel,Carry knowledge throughout raise century watch teacher relationship wall. Risk whom husband individual catch.,109,#wanderlust #travelgram,FALSE,09-11-2024,Web,tr,2517,162,191,0.0562
a275cd68-81e0-475d-9615-d95723b91fd7,7721000b-de22-441a-853c-6da108ee397a,schmittcaroline,Other,58,12349,6987,14-03-2021,FALSE,Istanbul,Education,Design more reveal structure parent image. Something military very.,67,#learning #students #edtech #knowledge,TRUE,19-08-2024,Tablet,en,604,49,57,0.0575
1cec98dc-7738-4749-8ac4-f42d5c4d3633,709cca52-64fa-40a7-bd08-592526bf4f42,erikanelson,Female,31,91186,6703,22-02-2022,FALSE,Bursa,Fitness,Quickly computer really sister since employee get agent modern strong sign listen officer score whatever force table investment either across court prevent focus late. Matter think matter fund effort job baby.,209,#workout,TRUE,18-12-2024,Web,en,4568,585,388,0.0608
9bcada41-3c51-45ef-829c-a45684599ef0,6eb41068-9ded-44b9-912e-dd986774ff03,villamisty,Other,20,41519,6442,17-05-2023,TRUE,Ankara,Fashion,Drop sit employee suddenly local team see candidate rock Congress relationship compare. Lot blood avoid let.,108,#ootd,FALSE,11-08-2024,iPhone,fr,2168,289,189,0.0637
aed370f9-94ab-4f34-896c-ecd156a76f4a,590a5a44-9ce4-46cc-9db0-d59e274f387e,wdavis,Male,56,75232,8387,18-04-2021,FALSE,Paris,Technology,International building man institution arm family pattern myself box environmental need officer discussion hear vote structure western account once southern cost. Section yet worker some.,187,#future #innovation,FALSE,25-03-2024,Android,es,3779,465,151,0.0584
889e1b0a-9a5c-4f1b-adf8-d7f0271c3d8d,1470984a-f6b2-4809-b2d7-1db880d3737a,lmaynard,Female,37,60522,8413,10-07-2024,FALSE,Ankara,Gaming,You three continue however many back institution agent author let thought affect. South ball under knowledge sing.,114,#twitch #esports,FALSE,27-02-2025,Tablet,es,2937,243,40,0.0532
f2e8a7df-41c9-4eb4-96c6-a76472f2919e,f3e78455-fa48-4700-9b8b-8d3b946d1b06,jenniferwilliams,Male,60,65909,8227,08-12-2023,FALSE,Madrid,Music,Rate walk fact cup continue strong contain true heavy difference both space civil everything kitchen. Trouble accept develop none scientist.,140,#vibes #playlist,FALSE,07-01-2025,Web,fr,3157,345,143,0.0553
68fee10f-e181-4c23-8605-2caadb52684c,106c68c6-cef8-4792-bf20-fb6b18f3bc24,catherineturner,Female,56,9743,1300,08-01-2025,FALSE,Paris,Travel,Employee choose glass rock stage nearly board page scene. Camera red yard manage must.,86,#vacationvibes,TRUE,22-04-2024,Tablet,tr,480,27,37,0.0558
a72d1c83-e4c0-40bd-b462-e99fb57a462b,6626af07-7f50-4150-a5fb-f92f602d85b2,brianclark,Male,33,15634,5755,28-10-2021,FALSE,Istanbul,Gaming,Thus brother hold girl answer window none investment. Store responsibility laugh position.,90,#esports,TRUE,03-02-2025,Tablet,de,812,80,44,0.0599
f905ea8c-1617-4ade-b97e-0154eb5e4fde,3514b4e6-91e7-462b-b6f3-67c671c1631f,rileyamy,Female,55,92314,8716,20-07-2020,TRUE,New York,Memes,Law coach popular green day majority perhaps phone health laugh a teacher. Feeling able security year send suffer.,114,#funny,TRUE,28-03-2024,Web,en,4571,453,255,0.0572
f55eaf88-9e91-4b6c-bd10-520eea017b3e,23f34060-fc55-4dd6-8d17-d491bebba1cd,wayne39,Female,56,48822,7104,14-01-2018,FALSE,Berlin,Art,And act resource billion where such organization coach sign tough since war think draw. Evidence my trial.,106,#artlife #digitalart #artistsoninstagram,FALSE,02-11-2024,Tablet,fr,2380,164,187,0.0559
3f81f66a-7d27-4845-8f66-73a94cae77e2,a3381fac-2fc4-43bd-87a5-641f5cff1406,elizabethwalker,Male,56,93723,7746,28-02-2017,FALSE,Bursa,Music,Community church whatever easy community whatever each. American special town south.,84,#musiclover #vibes,FALSE,31-07-2024,Android,en,4744,420,401,0.0594
e4fb7db0-e2ec-499f-8795-5d1103921ddb,129cb1b5-a647-4ebc-b6c2-7cbbac4d8a50,bettywatson,Male,42,80684,2854,15-02-2021,FALSE,Paris,Travel,Box those difficult front forget responsibility today difficult if mean. Speak expect situation perhaps sense early themselves.,127,#vacationvibes #explore,FALSE,12-07-2024,iPhone,fr,4073,251,92,0.0547
f452fb7c-3d6a-4fad-9775-2b0342dbef8d,b9ecfd59-b700-4669-b959-768d73609c42,meyersjaime,Other,18,51310,6348,29-09-2021,FALSE,Paris,Health,Hour clear interview account Mr get second Mrs population business story small sell bed they. Know four out fine.,113,#wellness #fitlife #healthtips #mentalhealth,TRUE,22-02-2025,Android,de,2608,130,82,0.055
b3ca94db-f2cf-4b5e-823c-1ed024f19d1b,3f7a4caa-2914-409a-b20b-eec4622e10b9,brett40,Female,52,5815,8806,07-05-2021,FALSE,Bursa,Finance,Over care argue central whom husband away least onto everyone assume address consider simple environmental behavior data large performance someone. Car how away director loss discussion husband want.,199,#stockmarket #money,TRUE,15-02-2025,Android,fr,284,36,13,0.0573
ac92b5fc-e556-41e8-b6eb-8955d6e752b8,4526818b-5688-4bb0-832d-5b59edd0503b,kimberlysilva,Other,42,70918,8603,05-07-2015,FALSE,Antalya,Pets,List character table picture human him today. Red three international large.,76,#adoptdontshop #catlife #dogsoftwitter #petlover,FALSE,11-01-2025,Web,en,3621,336,294,0.0599
153594d5-6d2e-403e-9bcd-2516e7fa94b6,d2ff9bdc-9661-4eb4-a6cc-16399d7dc03e,michaelfigueroa,Female,23,80303,663,05-04-2024,FALSE,Ankara,Fashion,Ago number citizen score mouth environmental themselves establish course relate artist reality team great fish even. Beyond policy federal program.,147,#fashionista,TRUE,08-04-2024,Android,en,3984,530,57,0.0569
2d5a2e22-ff68-4988-bf3a-6eeac0bec033,0a60a593-a4fe-4e3b-b1af-16a518bb483b,julie69,Female,51,69452,238,04-01-2022,FALSE,Ankara,Health,Surface magazine option point end painting camera realize edge capital wife maybe door stand pick push red music body Congress until account. Low among manage him off which thing.,179,#healthtips #wellness,TRUE,08-01-2025,Web,es,3440,409,217,0.0585
3cf44534-717b-4638-952b-91e04c41ce1d,eb0d85a6-2bc1-4cee-884d-129a84e09fe1,lmoore,Female,42,69003,9469,12-01-2018,FALSE,Berlin,Health,Open worry involve believe their wall coach level myself. Whether ever third four me.,85,#wellness #healthtips #mentalhealth,FALSE,18-01-2025,Android,de,3491,445,300,0.0614
5daca0fa-dbea-4960-8150-364a90262e99,53ff2a0f-55c3-419b-b0f1-a38f5ab02bca,lindajarvis,Other,39,67145,9248,14-01-2022,FALSE,London,Travel,Same most stop must win fly join soldier career small adult meet huge by. Single gun under television point five health size.,125,#vacationvibes,TRUE,19-08-2024,Tablet,de,3439,176,90,0.0552
3d6ccfc2-a1c5-4154-af81-89e3ae70b79f,49ebc6ca-75f6-410d-aeda-51863d38cf31,victorjefferson,Other,54,17991,418,29-12-2018,FALSE,Madrid,Travel,New common thank across blood contain role professional player collection third feel common. Country set thing position before watch.,133,#wanderlust,TRUE,21-01-2025,Tablet,de,859,106,78,0.058
6d6be9ff-7028-4a2e-88e6-c715de6d0939,10a82c43-1dcd-490e-ac63-443349a16906,cruzjessica,Female,23,93936,1646,17-01-2018,FALSE,Bursa,Gaming,Early event explain of order small painting pretty hour story kitchen care huge. Truth through stock apply oil.,111,#gamerlife,FALSE,03-09-2024,Tablet,es,4751,301,451,0.0586
e19dea0d-d3fe-40c3-94cb-829d823e32be,51804120-2ad5-4f77-85ba-f8c9e3c63766,eugenemartinez,Male,40,62315,4240,10-04-2021,FALSE,London,Travel,Continue local expect always response pass anyone. Offer early several much.,76,#explore #travelgram #vacationvibes #wanderlust,TRUE,27-05-2024,Web,tr,3162,165,228,0.057
c0fbddfa-def3-44fc-9d5b-e367d2a19ffc,60b06aca-d9b8-42d2-b773-12d7c6a9bd94,kayla97,Male,24,39596,3905,29-08-2016,FALSE,Antalya,Photography,Civil student behavior wear develop system reason information again more. Magazine also hundred hundred type security store.,124,#photooftheday #dslr,TRUE,10-04-2024,Android,fr,1983,261,83,0.0588
771a3e25-e402-4c35-b992-534fbc703ebe,cb26203f-156a-40f7-b2b0-dc8d51d0040d,olivia30,Other,56,4174,8887,02-12-2022,TRUE,Ankara,Politics,Wish that hospital despite moment vote action occur direction. Customer interest know international.,100,#worldnews #news,TRUE,15-05-2024,Android,de,201,28,19,0.0594
09988ce7-f2b6-41f0-abfe-12efc9dce05e,6a7c8be3-29e4-4cb7-9e1e-6929a87afbc3,kimberly36,Female,42,92391,4557,03-10-2024,FALSE,Madrid,Photography,Pull day test cup improve actually view pay executive behavior. Federal voice resource home everybody stage.,108,#travelphotography #dslr #snapshot #photooftheday,FALSE,04-05-2024,iPhone,es,4727,686,410,0.063
e4fe31e0-7681-4006-a701-8049e9950432,a4eef70a-0e0c-4642-8b4f-400729e4e4fc,wjohnson,Other,51,91880,4903,21-05-2023,FALSE,New York,Art,Least less probably home gun week thus sell instead realize. Page conference window standard they.,98,#digitalart #artlife #artistsoninstagram #creativity,TRUE,28-01-2025,Tablet,fr,4577,229,88,0.0533
f4b7a47d-812e-44b4-a7ea-995e17972d7e,5736c917-17c8-49a0-aa78-223222179f09,mestes,Female,35,46588,1119,14-04-2018,FALSE,Antalya,Food,List teach beyond nearly after beautiful suffer people north common recently American collection. Despite film sign back many despite generation.,145,#yum,TRUE,17-01-2025,iPhone,en,2289,227,41,0.0549
2adbb1a9-6d30-41a1-b4a1-dbeeeb466288,fe346e20-86a1-45f2-b69d-34267cd75240,robert89,Male,24,77493,6053,17-06-2021,FALSE,London,Art,Someone may home eight now young close them significant have different success carry nice among read common middle. As activity whatever other dinner.,150,#artlife #digitalart,TRUE,22-02-2025,Tablet,en,3836,250,120,0.0543
19e6c87a-5da2-4eb5-8fd8-ffca864e6acb,24143119-a6e1-4b20-a0ce-16d03156c1ae,gibsonmiguel,Other,37,85479,7381,28-05-2015,FALSE,Berlin,Fashion,Personal fine score environmental before risk doctor sister owner structure allow sit local back public anyone major. Say family lay what mission every.,152,#fashionista #ootd #lookbook #style,TRUE,13-09-2024,Tablet,de,4395,609,201,0.0609
21adace0-7a59-47ef-968d-12f5d3266e70,5e57a8d6-d18d-45eb-8483-ec9a65d3037c,sara99,Female,25,60136,120,30-08-2023,FALSE,New York,Gaming,How heart my later prepare task there. To support capital theory sense.,71,#gaming #gamerlife #esports,FALSE,23-08-2024,iPhone,de,3028,388,109,0.0586
5bfe21e9-7afc-4a07-8010-f4dcd70af064,f280d80f-1762-4c89-8dc7-feb09f70596f,wooddylan,Female,31,72378,2574,14-06-2022,FALSE,Paris,Technology,Under top site happy father really mind staff second number voice chance little. Officer body since final.,106,#future #gadgets,FALSE,04-04-2024,iPhone,en,3677,492,183,0.0601
434f5ac2-c62b-41bd-b7f6-234ff5f81c95,710b6299-2f37-4304-9e7a-3628c2e21a96,thomas35,Male,24,72356,224,08-07-2017,FALSE,Istanbul,Politics,Power study his face door in think almost tonight direction easy environment interesting meeting. Agree low key decision stage.,127,#election2024,TRUE,18-09-2024,Web,de,3705,453,43,0.0581
975ea397-b85a-4a51-9751-e7db8558faa2,2e0fcfd4-fc85-448e-9a44-61827e5c74de,jose86,Other,17,73590,701,27-10-2024,FALSE,New York,Pets,Nature career same inside thousand little off example ball administration mention meet medical forget. Service put space another likely day increase.,149,#dogsoftwitter #petlover #adoptdontshop,FALSE,16-07-2024,Web,fr,3739,330,208,0.0581
6903515e-1fbe-47ae-9d24-fb9c72de209a,14df725c-4b01-4c4b-bdda-be1da78b67a2,tlewis,Male,23,4698,3295,02-07-2019,FALSE,Berlin,Books,Recent really than mean loss hundred score fire. Summer such PM number catch brother.,85,#literature #reading #bookworm #readmore,FALSE,12-09-2024,Tablet,de,227,23,5,0.0543
ad54bf21-b2c5-441b-80c2-913b09e35611,f79b79f1-7014-4d43-8c0e-a9dcdaed68d9,benjaminthomas,Other,60,22483,9006,17-11-2018,FALSE,Madrid,Travel,Energy task institution record back ten radio kind imagine day stuff several I. Official while to address.,106,#vacationvibes #travelgram #wanderlust,FALSE,02-06-2024,Android,de,1096,135,94,0.0589
e4600986-9c39-4306-837b-3d6d874fdaef,2802b650-3082-414b-8b72-519ed23e2543,hrosario,Female,32,55831,945,25-03-2016,FALSE,Bursa,Food,Ok short meeting past pull note movie civil build child reflect whole show significant do bed scene two move state final energy. Onto citizen deal receive movie west.,166,#instafood,FALSE,19-06-2024,Web,de,2846,267,85,0.0573
3576e879-8728-4623-9c11-cab68994e449,7d7793d0-64be-46b1-902d-f4277bb23ee6,bowenmichael,Male,57,92436,704,30-12-2020,FALSE,Paris,Finance,Push down force reach policy realize both grow not without last yes out as. Standard keep ability election parent class.,120,#money #crypto,TRUE,03-07-2024,iPhone,en,4606,559,317,0.0593
5b268753-9e94-4e2f-b4fd-5be2f39a93d7,0a1af455-9355-49ae-a012-d8f04eb73f46,juliawells,Female,60,28669,4248,17-08-2019,FALSE,Izmir,Music,No mention simply probably early approach chair the question science. Right born likely team accept plant west.,111,#vibes #playlist,TRUE,03-07-2024,Web,de,1382,198,56,0.0571
4fc19d12-e1be-46fc-93b6-9352191db08d,7de91949-3b63-4a3a-9678-e2d78bc21a20,jacobsmary,Female,42,28213,1414,08-05-2023,FALSE,Ankara,Travel,Question gas population oil sense total appear here surface think ok. Top pressure behavior ability.,100,#travelgram,FALSE,19-03-2025,Tablet,en,1489,91,124,0.0604
38d2ac38-d760-483f-97d2-765707d97a4c,502d3591-3249-411a-9f53-28f950fbdeb8,brenda71,Female,48,17648,8412,22-03-2023,FALSE,Berlin,Health,Simple boy approach out choose piece amount they data. Pick all political term teacher lawyer I.,96,#wellness,FALSE,11-10-2024,Tablet,fr,884,77,79,0.0589
10f25c15-bed5-4d52-9fda-7073462e0277,ab51ec75-2128-4d99-9ba0-dd21e8665f3c,juliebird,Female,38,56813,6634,26-12-2024,FALSE,Berlin,Music,Over increase community thank fast federal money sell air sure leader might process whole week. Political level every away.,123,#musiclover #playlist #vibes,TRUE,15-10-2024,Android,fr,2820,380,119,0.0584
89ab2d6b-c074-4c9c-b6e6-4b26384a3218,bc060d6a-eac2-406a-8c09-206b47c541ba,briansnyder,Male,26,21046,6852,23-03-2022,FALSE,London,Politics,Institution or both outside thus teach commercial. Image car newspaper most subject drive build.,96,#politics,TRUE,11-04-2024,Android,fr,1140,139,75,0.0643
367e1c1e-eb46-43ff-8334-8b6289a53729,edf9e23c-6b52-4907-aa87-c0712fb797ac,lisa43,Male,34,75651,342,26-12-2021,FALSE,London,Finance,Yes instead pull think exactly despite sort high prepare. Free miss start machine accept.,89,#crypto #investing,TRUE,28-05-2024,iPhone,es,3782,559,374,0.0623
585ff04e-8534-423b-a2cb-be57e66492ec,33d9a519-3b03-4139-ae64-5ae5590547c4,garyoliver,Female,28,18614,5143,10-06-2023,FALSE,Ankara,Education,Save far product price fear price hear imagine affect bed. Whatever learn eat consumer.,87,#learning #knowledge #edtech #students,TRUE,08-03-2025,iPhone,es,911,135,24,0.0575
17d16652-0c32-4df0-8706-970e9127d52f,1c52f49c-0d58-4d86-b8d9-9a1f52b3ae9a,jeffarnold,Other,24,3557,6722,18-11-2017,FALSE,Izmir,Books,Now if staff region economic heavy set. Car senior drug.,56,#bookworm #reading #readmore #literature,FALSE,21-07-2024,Tablet,en,182,23,13,0.0613
150bfad0-405c-4d1c-b0e1-d4048aea743a,12af530b-3ea7-4277-b106-df9a02d995ed,monicaoliver,Male,50,82739,8914,16-12-2024,FALSE,Istanbul,Travel,Such through final goal develop shake eight senior record spring. Single everything administration during hundred reduce.,121,#travelgram,FALSE,09-02-2025,Web,en,3994,563,125,0.0566
e96601ac-2881-48b7-9d8c-da80468495b8,a7e17b86-5279-4c96-ad55-6dc2c16d60df,bianca90,Female,51,50324,8194,28-09-2018,FALSE,Madrid,Music,National budget them now your eat hard voice hundred charge culture camera into high southern page person more exist available health. Note machine treat thought toward.,169,#playlist #musiclover,TRUE,11-05-2024,Android,de,2596,200,46,0.0565
8273fb15-a481-4e3c-914b-2bc7a0ca12c8,91d31adc-eba1-4bee-9918-7fe871b95785,kendra36,Female,47,99852,6941,10-05-2022,FALSE,Izmir,Fitness,Week control modern continue which nor can. Indicate authority law use on computer.,83,#gymtime #fitlife #workout #healthylifestyle,TRUE,01-03-2025,Android,en,4907,470,453,0.0584
cc16963c-c125-484a-9430-036a7f69f937,5ab088c4-3343-4fd8-a522-0dd1ce8e48f7,susanparker,Male,29,13200,4211,04-05-2016,FALSE,Berlin,Books,Help world training way price child trip owner week nature democratic seem same tend hundred method report. Particularly head sit activity building effort common.,162,#bookworm #literature #readmore,FALSE,09-10-2024,Web,es,673,63,32,0.0582
d56215eb-a5bf-41d0-a493-da928a48648e,5e57a8d6-d18d-45eb-8483-ec9a65d3037c,sara99,Female,25,60136,120,30-08-2023,FALSE,New York,Fashion,Time spend believe customer month couple share. Choice call act above.,70,#ootd #fashionista #lookbook,FALSE,14-04-2024,iPhone,tr,2963,291,271,0.0586
d4b8d5e2-a8d4-4a2f-9bf4-5d7e87710f6f,2a458b3c-9c70-4280-b10d-b3f260450324,brandon34,Female,22,55564,5227,04-05-2018,FALSE,Berlin,Finance,Father present probably letter human style right want what figure present dinner almost expect. Audience feel admit might offer focus top.,138,#investing #stockmarket,FALSE,10-02-2025,Tablet,es,2758,156,72,0.0537
b3a38a04-cf02-4c76-b78e-d40660a757b5,0e7dc9fe-0913-45bd-bacd-5d4d833701e4,hunter14,Female,16,12309,3322,11-02-2016,FALSE,Istanbul,Travel,Like almost party itself force provide father score project recently father activity perform remember character million. Front discussion now machine interview.,160,#explore,FALSE,11-11-2024,Tablet,de,625,77,14,0.0582
2cd9b84b-d39b-480d-9c81-7d1d37c3d1bd,bb9e069c-b2b4-40f7-b6a1-50127ed72fdf,xlewis,Male,28,60790,4496,13-11-2020,FALSE,Madrid,Travel,Performance end town husband trip nothing with since TV without almost write have. Capital above listen hair physical able past.,128,#travelgram #vacationvibes #explore,FALSE,25-08-2024,iPhone,de,2951,340,140,0.0564
c717085b-3898-49c7-8096-dbb3d74d9be4,78a06707-4d17-4820-a5ac-7307ec600a3c,ywilliams,Male,60,87264,7794,25-02-2024,FALSE,Berlin,Music,View issue four lose serious prepare run white face suggest finally somebody film. Building clear different authority create.,125,#playlist #vibes #musiclover #nowplaying,TRUE,01-12-2024,Web,de,4328,304,340,0.057
ebbed1dd-0f4d-4a7b-a3dd-00b4590c374d,29e431ff-612b-47ae-89f9-c6e4cc91f02b,perrymark,Other,37,66417,257,22-02-2023,FALSE,Madrid,Fashion,Firm identify actually many many politics available wrong glass difficult beat offer. Whole chair four perform.,111,#fashionista #style #ootd #lookbook,TRUE,07-02-2025,Android,es,3351,176,252,0.0569
c953cc14-7633-4833-a409-9d1a1970b20d,4ef03a15-3020-40db-bf38-c81f0f945dd0,yhawkins,Female,58,29285,9227,15-12-2023,FALSE,London,Health,Our audience cup machine decide American fear contain family you every large nearly a even issue know when indeed campaign different worry type those. Including baby serious author likely alone try.,198,#healthtips #fitlife,TRUE,22-10-2024,Tablet,fr,1465,169,70,0.0582
a338d08a-f088-4b35-8085-4bb758cb02f5,2a458b3c-9c70-4280-b10d-b3f260450324,brandon34,Female,22,55564,5227,04-05-2018,FALSE,Berlin,Art,Bed reason which coach Mrs girl environmental himself will already sport next government ability get score rock space. Time later even song hotel hand.,151,#artistsoninstagram #creativity #digitalart #artlife,FALSE,08-11-2024,Tablet,en,2800,212,61,0.0553
3910f290-41dc-4ac9-a5d7-db5486295ee2,184c4690-2442-4399-861b-ae37bcd19ac2,mccoymichael,Other,47,59568,1991,29-08-2016,FALSE,Bursa,Education,Two another man list anything action early stock actually. Five find much world yes.,84,#edtech,TRUE,24-06-2024,Android,fr,3009,286,208,0.0588
734f9a51-03c1-4f39-8749-77f9a6089252,b7faf343-5e94-4e07-967b-12e3519d3e29,flopez,Other,36,58691,1697,07-02-2023,FALSE,London,Music,Type Republican change bank much race open hour civil vote rule draw he star never range everything will season. Move actually hot church recently bed.,151,#vibes #musiclover #nowplaying,FALSE,05-03-2025,Tablet,es,3041,325,280,0.0621
f555afb7-817a-4bdd-aa09-38ba8d18266d,e5f9e99c-f9a2-4aab-963f-b68fbc47be05,lisahall,Other,37,40768,3680,22-09-2017,FALSE,Izmir,Finance,Executive join outside term reveal garden individual customer usually painting. Feel sure me medical apply shoulder it.,119,#crypto #investing #stockmarket #money,TRUE,05-04-2024,Tablet,es,2017,103,161,0.056
22e20602-26f7-4702-bdf7-d1aee56a8047,b3ee55b0-c221-46f7-8c80-9fc5521721e7,floresmatthew,Other,24,78893,974,01-05-2018,FALSE,Bursa,Pets,Rest painting lot why others American quickly brother record begin stuff state pick without tend bad. Race treat specific her benefit.,134,#adoptdontshop #catlife,TRUE,14-10-2024,iPhone,fr,4057,323,383,0.0604
359b89c0-3691-496c-a429-e12878a9510c,cacda8ab-79de-4926-987b-4b7e34efb019,victor87,Male,54,65339,3322,02-04-2016,FALSE,New York,Gaming,Network night garden song drive probably born prevent allow yes sometimes public city adult. Over like according local evening.,127,#twitch,FALSE,21-12-2024,Web,fr,3225,244,107,0.0547
8d9fd2a4-8682-4c28-8862-efd958991930,a439a52e-e70e-4500-bfb9-79121f92f924,ejames,Female,37,28458,1689,28-07-2017,FALSE,London,Books,Fast risk when arm mother through significant truth time bag seek eye second statement occur role. Evening then magazine hold impact their conference.,150,#bookworm,FALSE,24-07-2024,Tablet,fr,1462,211,110,0.0627
6262568e-c274-4499-ace6-689b9c934583,4cf7813a-3974-49f6-8a80-792225ba20f4,brownelizabeth,Other,58,40625,7181,24-11-2022,FALSE,Antalya,Music,Heavy able discussion add see available movement administration hear spend trade accept trade might any up appear door how. Its across analysis room thought.,157,#playlist,FALSE,23-04-2024,Android,fr,2035,276,114,0.0597
4abba37e-0f90-4dd1-ad35-4b03c361f2f5,1ea6efbe-764b-47e6-9469-4c36dcf4d8b1,melissamcdonald,Female,26,10184,9289,01-07-2018,FALSE,Paris,Memes,Entire account nation building teacher only or write around scientist. Century career part.,91,#memeoftheday #relatable #lol,FALSE,29-07-2024,Android,fr,473,34,10,0.0508
f18f3713-819d-4092-9ffc-d22ce025ea90,48be9876-b686-4b07-9998-cf0e5cfb5976,johnny54,Other,47,73361,3843,14-08-2015,FALSE,Istanbul,Politics,Read should least he level our discuss born power. Wide among perhaps mouth.,76,#election2024 #worldnews #news,FALSE,05-04-2024,iPhone,es,3760,246,341,0.0593
28f038ec-1693-4bba-9809-344089b6ad2c,6003b083-0c63-4586-a856-1979c176dd3b,otaylor,Other,36,56074,4304,05-01-2024,FALSE,London,Health,Tell less true way various product election event picture weight analysis experience. While example experience forget message buy administration.,145,#wellness #healthtips #mentalhealth #fitlife,FALSE,23-10-2024,Android,de,2779,194,252,0.0575
3c08b703-dbab-4720-8efb-ca7f5bae978d,fd480ed6-95f9-4a77-a12c-2a8f369cb741,paigetaylor,Other,59,37225,9767,07-12-2022,FALSE,Antalya,Music,Responsibility organization girl go deep though suddenly seven huge. Church collection some he but pattern.,107,#vibes #nowplaying #playlist #musiclover,FALSE,09-04-2024,iPhone,es,1890,178,96,0.0581
19a202e8-f7f2-4288-85dd-2a8a8fbf45b6,0695a589-170a-4d12-a3cd-c77f80e73fbc,jeremy79,Other,31,30460,1933,16-09-2023,FALSE,Izmir,Health,Record here doctor speech bill information cause my air. Fast tell child.,73,#mentalhealth #wellness #fitlife #healthtips,TRUE,30-08-2024,Android,fr,1578,138,83,0.0591
f182c6f8-66de-4cbe-a853-ced96c8388e1,e0704a18-ddd0-4a7e-9c5c-6dc89ad4e4f2,marcuscase,Female,56,831,6225,04-01-2025,FALSE,Antalya,Photography,Administration culture son as mean agree hear current above kid quickly play. Institution speak firm approach.,110,#snapshot,TRUE,10-10-2024,iPhone,fr,44,2,2,0.0578
cd228ffa-e18e-4f31-a905-ad462599fbc3,9bcccfd6-96a6-4a4a-88af-0a86ffde77fe,jennifermiles,Female,16,77336,2665,09-05-2022,FALSE,Berlin,Fitness,Occur health conference few decide opportunity film note argue heart enough seat degree quite floor voice. On floor least of save serve usually.,144,#healthylifestyle #gymtime #fitlife #workout,FALSE,22-11-2024,Tablet,de,3797,254,293,0.0562
3d3980a3-69c4-4f4b-9d0e-be6ab2c2fa6e,3e869aa7-5048-47f6-8113-4ac5cd61fe60,warrenjohn,Other,16,42998,1576,04-03-2024,FALSE,Madrid,Finance,Mother itself season feel responsibility oil involve home but dog thing require manager. Provide least natural according rather any control drug.,145,#investing,TRUE,03-01-2025,Android,es,2164,147,112,0.0564
10f8e8e1-9022-420a-8055-a74141d65b9a,f2859bc8-6b89-402b-a571-06c2a183279b,modonnell,Other,45,42975,7992,28-12-2015,FALSE,Ankara,Photography,Suggest soon become enter talk south beyond control agent growth major describe sure century relationship recognize. Skill card not team eye.,141,#travelphotography #photooftheday #dslr #snapshot,FALSE,04-04-2024,Web,de,2079,185,103,0.0551
b5927645-c1ff-4530-bad3-590923918180,c28dbed8-0b04-47d4-8763-20b6355ba004,murraycharles,Other,29,19172,5295,28-01-2023,FALSE,London,Technology,Than TV focus several spring various time least pay order. Election keep truth perform.,87,#gadgets #future #tech #innovation,TRUE,20-12-2024,iPhone,fr,963,140,96,0.0625
d69aaef5-1454-4a7f-b7e6-3fe56c89fa5b,d3d1e720-c70b-4341-b00b-e1cfdc8f0b8e,daughertyvictoria,Female,23,70226,2980,13-06-2023,FALSE,New York,Books,Difference movement full cell carry rather against behind read. Assume pattern direction.,89,#reading,FALSE,24-01-2025,Web,tr,3537,451,111,0.0584
72051add-9ed5-4683-937b-4d0315eb8357,27b4812b-8e20-4999-9822-181bccf13522,katelyn44,Male,21,91852,7767,12-01-2019,FALSE,Madrid,Education,Might fall defense father process painting moment threat across pull former fly. Foreign environmental garden to.,113,#learning,TRUE,11-04-2024,Android,en,4635,392,177,0.0567
24c29e7c-80c7-4021-8331-bc8a51e139a1,8ed8c5c2-3d71-4d88-8fab-0b93a9970072,mannleroy,Other,58,32366,4280,14-11-2015,FALSE,Paris,Fitness,Food nothing participant attorney necessary determine ahead respond hotel expect early pull contain serve year right character campaign last. Despite voice increase rise record almost huge.,189,#fitlife #workout #healthylifestyle,FALSE,15-03-2025,iPhone,de,1598,204,155,0.0605
57d2887f-d4aa-4229-b45f-a0c4dbb526c8,983f233d-598d-466f-9af4-268b55bdb31b,russell33,Male,19,70760,470,03-12-2024,FALSE,Istanbul,Memes,Role agreement sort about next appear her alone pass college me fight picture be. Policy social father.,103,#memeoftheday #funny #lol #relatable,FALSE,09-04-2024,Web,tr,3564,460,161,0.0591
829f2a1c-36d8-4cd0-8a21-6bd013fc5be0,53cbaacb-bec9-466a-b628-9e56d389ab03,vbarnes,Female,48,57842,4745,21-04-2020,FALSE,Ankara,Books,Today establish push than list serve media into. Case notice able unit store add.,81,#literature #bookworm #reading #readmore,FALSE,04-04-2024,Android,tr,2917,433,253,0.0623
59f4d66b-eeab-43b7-a12d-4d98b74c9b58,616a5238-d009-4756-8d1c-06a6d609d1e0,vincentwhitaker,Male,23,60014,8239,29-03-2021,FALSE,Istanbul,Music,Religious course meet word plant soldier want third somebody watch rock executive language fire magazine only bit. Wonder recognize number machine off.,151,#nowplaying,FALSE,16-10-2024,Tablet,de,2914,174,117,0.0534
43ef600a-b9a1-461d-8bd4-ba95840065ed,081ec04e-6029-4fc3-904d-828392170444,kelleynicholas,Other,28,15344,7582,05-11-2017,FALSE,Madrid,Politics,Success our back out relationship interview operation per fire finish term others song debate statement simple job describe capital. Wish either herself candidate church.,170,#politics,FALSE,18-10-2024,Tablet,de,747,80,52,0.0573
d88a0548-421e-4eb4-9150-46f69e5847a1,a06e7e06-745c-4bf9-a28d-6fe6ad3274be,champton,Other,52,52010,527,20-07-2016,FALSE,Bursa,Food,Region they south avoid term bit pattern none fund edge about available rate join. Case cover option most.,106,#homecooking,TRUE,10-03-2025,Web,fr,2674,134,129,0.0565
df325716-c0ae-4d33-9548-73f0ad78f78b,24d1adae-52ac-4a6e-bfc6-7499c294f3e8,laura55,Female,24,91380,5674,23-03-2017,FALSE,Antalya,Books,Voice feel step upon claim huge leave mean man. Similar money training can late poor power.,91,#bookworm,TRUE,11-04-2024,Web,es,4632,648,380,0.0619
8283ada3-0152-437b-8100-6ad48135a1ad,86df7d53-c7df-4ad9-92b0-e6a60e66a3c1,claytimothy,Female,44,45663,7196,02-06-2017,FALSE,Ankara,Pets,Price win face hold anyone recently would customer rich offer have fill section offer. Win why hot send foot into kitchen.,122,#adoptdontshop #dogsoftwitter,TRUE,02-07-2024,Tablet,fr,2294,256,129,0.0587
9049dd4f-f96b-46cc-afb4-1cea113ff289,dac29b48-3211-42c2-813f-201eeb23cf89,danielleandrews,Other,18,53478,6060,01-08-2018,FALSE,Berlin,Health,Simple hit third must wife task teach know cut sound anything myself off cell. His car between follow.,102,#healthtips #fitlife #mentalhealth #wellness,TRUE,04-03-2025,iPhone,de,2624,366,146,0.0586
4b528075-b84e-4f99-b8b5-e8e2d23d9f62,f50612a1-84ff-4a6d-b0d5-872d59360d9e,rushbrianna,Other,19,99655,1343,12-01-2017,FALSE,Berlin,Books,Run range image everyone material unit water follow seem grow management between whom effort issue accept appear model front skin. Space task fact arm author him.,162,#readmore #reading,TRUE,27-06-2024,Tablet,en,4936,622,300,0.0588
170ad28e-0b94-440a-9687-ca24a7786d01,bf6ed77b-e40c-4fe6-ad37-569808ae5209,owilson,Other,53,16647,5489,01-10-2017,FALSE,Madrid,Gaming,Blood compare either few attention mention particularly usually above soon. Cut image move international mention.,113,#gamerlife #twitch #gaming,TRUE,18-06-2024,Web,de,844,106,15,0.058
d7a5457e-5647-42cf-9438-8c9ad9e7fc7b,d5db3815-9e00-43b2-908e-715f0383900f,dmoore,Female,51,40481,1485,08-05-2024,FALSE,Madrid,Gaming,Star test room laugh when impact animal performance special environmental trouble. Poor article and really rule music save.,123,#gaming #gamerlife #twitch,TRUE,14-06-2024,Tablet,tr,2099,218,53,0.0585
1d140987-0acd-4ba6-93df-e36dd93049a3,c82ba830-a3bb-4470-83de-3e9525fefa5d,michealvalentine,Male,36,21681,3744,17-09-2022,FALSE,New York,Fitness,Work since everyone attorney especially. Activity show point statement little machine suddenly start.,101,#fitlife #healthylifestyle,TRUE,29-10-2024,iPhone,en,1077,108,80,0.0583
f0d2a5e3-2000-4a79-ab57-e812f2cc797c,d0df6093-4477-4156-8acd-1c88997d0d8e,jacquelineanderson,Female,24,88083,9217,23-02-2018,TRUE,Izmir,Pets,Career evening wrong new body guy participant money federal. Less government show.,82,#catlife #dogsoftwitter #adoptdontshop,TRUE,05-01-2025,Tablet,fr,4364,647,74,0.0577
3b580e24-64b9-46da-99b6-bf4bc31e9458,7f270d83-e461-46ca-b9a3-c1519138ab3f,cooperchristopher,Male,56,23771,8507,07-09-2017,FALSE,London,Food,Federal meeting worker of marriage police development economy affect front stock seven and. Ability response economy chair the task.,132,#instafood,TRUE,25-01-2025,Web,es,1229,150,106,0.0625
8e156594-c22f-430b-9835-1e4f85e79d0b,fdf06007-28d1-4e6f-bb9c-76cc8fae3da2,jford,Female,18,46177,5826,30-11-2015,FALSE,Paris,Health,Wide government most window cause minute particular that light such child dinner nor key. Likely mouth least participant western box final.,139,#wellness,TRUE,05-10-2024,Web,tr,2257,294,178,0.0591
21625a66-1c91-4fdc-a805-15f5d46f3195,f84d8d47-cb58-4eec-9ccd-76fd10a5314f,adam27,Female,34,709,2197,30-03-2015,FALSE,Paris,Art,Scene year rather return cut may senior can paper skill mind how method visit black. City position detail wife investment say.,126,#digitalart,TRUE,07-08-2024,iPhone,en,47,4,1,0.0733
37bb2a7f-8f35-48e4-b363-ef5853568026,4f803409-146f-4bcf-b752-ee819b6a267a,rebeccaford,Other,47,68509,146,18-06-2017,FALSE,Istanbul,Pets,Heavy performance evidence learn stuff fall might better word court able idea successful degree whom. He word morning throw.,124,#dogsoftwitter #catlife #petlover,TRUE,10-01-2025,Tablet,fr,3437,432,180,0.0591
df79ab89-0a0a-44cc-a8ac-3a68118720e8,cb4087de-616d-4a75-a4d6-3c01a5589776,dgutierrez,Female,45,33823,5061,20-11-2024,FALSE,Paris,Food,Light may far chair high gun future fine performance order age inside. Dog least certain president.,99,#yum,FALSE,05-05-2024,Web,fr,1640,144,26,0.0535
c7b036b0-bb6d-4f66-b8db-41686e80c25a,17db5cf2-7025-4467-a536-2754dfc61ad0,kaylazamora,Other,47,79543,3714,02-08-2017,FALSE,Bursa,Technology,Person watch agree charge commercial likely still argue remain. First evening son my point argue.,97,#gadgets #future #tech,TRUE,28-02-2025,iPhone,de,4062,522,49,0.0582
4a058c92-b1e5-4622-b4c4-637096b3c348,9feb4e1b-6c8a-4ac1-b06f-fde25a01a82e,lindsay48,Other,25,43317,9443,02-02-2025,FALSE,Antalya,Fashion,Exactly letter land follow else phone knowledge market finish order back. Must rate successful see leg at on.,109,#fashionista,TRUE,22-07-2024,Tablet,en,2193,305,184,0.0619
c3f7088d-0341-42f8-b6e6-b7272cdaf4a1,1eca6029-c5e4-47a1-995c-12affd9b4d8e,ystewart,Female,36,83056,296,25-03-2017,FALSE,Antalya,Finance,Owner newspaper few member part Republican hospital if near measure nearly kitchen day age. Where rate human character.,119,#crypto #investing,FALSE,05-11-2024,Tablet,tr,4127,467,406,0.0602
fdf7971e-512b-4126-bdb9-a3a04ba583c9,803df1bb-d7cf-4039-8985-ea4b529a6281,vincentkathleen,Other,37,88400,665,25-10-2015,FALSE,Istanbul,Technology,Race Congress very skill owner place free because. Between up positive music poor suggest six.,94,#future,TRUE,27-04-2024,Web,tr,4486,239,91,0.0545
2a90e32f-8f4c-4007-9296-cc3ef0abc2b7,a94dc2b6-95cf-4881-82e5-ccfeb01c0499,igrant,Female,49,88010,5184,28-10-2021,FALSE,London,Fashion,Short spring ago still according I resource sure other their another only detail single operation century. Parent discuss ever relationship production support product.,167,#ootd #lookbook,FALSE,10-11-2024,iPhone,es,4485,657,345,0.0623
c3377941-ead9-4a7d-b883-632e4d812456,0e11700a-5d94-402c-8218-121dcc7bbb14,nicolaskeller,Male,23,75548,3959,10-04-2024,FALSE,London,Photography,Tv drug first inside foreign memory including million role. You course great land song.,87,#travelphotography #dslr #snapshot,TRUE,07-09-2024,Tablet,fr,3779,310,371,0.059
d18697bb-8e34-4913-a6dc-ae514c24c7d1,1a50eea9-00dc-408b-9ad1-abd7580ed7bb,esweeney,Female,42,44023,967,24-07-2016,FALSE,Antalya,Books,Science she style probably they beyond forget place race. Key toward group popular modern pay.,94,#bookworm #reading #literature,FALSE,07-12-2024,iPhone,en,2245,282,158,0.061
a91139e3-82ed-4c49-9927-8217fafe1a0a,8b2afcc3-606d-4dad-a198-1a476db0ab0f,janet80,Female,16,79894,206,13-08-2016,FALSE,Paris,Books,Might represent exactly and happen meeting decide will find final low. Prepare reduce sell.,91,#bookworm #literature,TRUE,18-03-2025,Tablet,de,4032,202,226,0.0558
ee99c021-abce-4c0b-a949-56e9345a7457,e670598a-a28b-48eb-9b7c-dc2a10f6f87d,james64,Male,17,47274,3312,26-12-2023,FALSE,Izmir,Photography,Within soldier surface cup movie know food seek standard simply own season old. There late land apply think discussion.,119,#snapshot,FALSE,15-07-2024,Tablet,fr,2433,159,239,0.0599
8ad26c3f-36b1-4b2e-9640-a416a6c96c59,dc2a10f5-d084-4bb5-afca-bd768be65f54,jamesmartin,Female,20,12174,1891,17-03-2024,FALSE,Madrid,Food,Environment international factor include list special agent seven discussion sign rise interview fear against it visit. Floor despite material product than great war hand.,171,#instafood #foodie,TRUE,19-12-2024,Web,fr,600,65,7,0.0552
74990760-d780-41db-bb89-0511fda51fd8,23f34060-fc55-4dd6-8d17-d491bebba1cd,wayne39,Female,56,48822,7104,14-01-2018,FALSE,Berlin,Politics,Over reflect challenge keep bit hour nice sea represent carry stop former. Two product politics you dinner company.,115,#news #worldnews,FALSE,24-04-2024,Android,en,2452,239,71,0.0566
9783cdfb-2044-4dbf-b4bc-6fc8d8e5f39a,16048998-84cb-4042-9883-fb53c1688b04,racheljimenez,Other,44,22662,4624,09-11-2017,FALSE,London,Technology,Take say attention get school Mr on someone. Water travel feel.,63,#future #gadgets #innovation,TRUE,22-01-2025,Tablet,es,1130,115,32,0.0563
303ceca3-e53f-4e7f-a677-ac9187daecec,f4d6a67a-4f72-4974-9b31-2c097c8a3608,brianromero,Other,25,97410,4512,18-05-2018,FALSE,Bursa,Memes,Suggest remember home road generation place ground exist bank phone environment use upon boy as able actually. Today baby professor identify.,141,#memeoftheday,FALSE,20-10-2024,iPhone,es,4826,365,57,0.0539
0bbd94f2-7336-4d90-8a82-8358b541bcfe,d8b8a274-4314-4faf-8548-54fd13138d62,davidgilbert,Female,58,39018,1206,22-02-2019,FALSE,New York,Fashion,Population wall through between skin feel event look. Relate effort none really.,80,#style,FALSE,28-01-2025,iPhone,de,1814,191,57,0.0528
31ddeaa2-012d-4ef5-bc3c-419ba6642fb0,ed76253b-cf0b-4cae-a131-7d72975df473,ucoleman,Female,19,36358,5366,19-11-2024,FALSE,Antalya,Food,Explain save campaign special teacher movie eye PM drop. Side agreement charge which play.,90,#instafood,TRUE,17-03-2025,Android,tr,1863,189,78,0.0586
27e488a1-8db6-46d0-b0c7-531cc3dee093,41e9b1b1-6308-419a-b0e2-c1e5d4274e5c,sadams,Other,53,1159,2419,17-03-2023,FALSE,New York,Gaming,Offer position his standard bring three indeed laugh but second. Including weight ability young second trip.,108,#gaming,FALSE,05-07-2024,Android,es,48,6,2,0.0483
08d6767a-ac52-42ed-8560-e13c54ac1689,d0df6093-4477-4156-8acd-1c88997d0d8e,jacquelineanderson,Female,24,88083,9217,23-02-2018,TRUE,Izmir,Politics,Specific TV care support campaign quite without environmental open. Authority write rise.,89,#election2024 #worldnews #politics #news,TRUE,31-08-2024,Tablet,en,4459,257,152,0.0553
cd079d53-6e39-4d17-bcae-3c99f36b0436,fea238b1-3932-4b92-b5ed-8838be88f5c4,rachelschwartz,Female,56,6887,5055,09-11-2024,FALSE,Bursa,Travel,Determine inside group science behind ten pass force player everybody. Build family pattern deep since go.,106,#travelgram #wanderlust,TRUE,13-09-2024,Tablet,de,351,29,22,0.0584
f53dddb4-42b7-4495-a77d-28d4035255ed,16f51509-6f07-456c-8754-267f7d248cce,meganjones,Male,56,75883,3452,06-08-2017,FALSE,Istanbul,Fitness,Surface traditional its film than heavy apply near. Majority campaign design nothing site.,90,#gymtime,FALSE,05-08-2024,iPhone,fr,3657,371,113,0.0546
8641d295-2f10-48e3-b8ae-fc90205b4320,1a7218d0-5aeb-4f4c-91df-eda6684423f4,jacquelineyoung,Male,42,66617,1046,07-04-2015,FALSE,Berlin,Finance,Throw plant green serious police magazine just surface enjoy begin part ago until why try natural able condition soon gas. Story site even eye raise.,149,#investing #crypto #stockmarket,FALSE,22-02-2025,Tablet,fr,3337,438,72,0.0577
e11c5403-ae43-4eab-8aa1-01d9ad4a03b4,844e9ca6-132e-4f63-a7c4-19170086c44a,sullivanjennifer,Other,52,31796,1169,13-01-2017,FALSE,London,Education,Human cell mouth movie of feel sense what at understand every rule receive health lot oil cup group boy recent. Leader military operation first as themselves account add.,170,#learning,TRUE,23-07-2024,Android,en,1592,79,25,0.0533
b226db7f-52f5-4586-8bcc-e9d0434087d2,d69f1a56-8139-4e21-a84c-fea2d01b6bb0,brentstein,Female,50,94759,4747,21-01-2019,TRUE,Paris,Fitness,During many itself believe create recognize source maybe art rich movie whole beat. Old foot voice economic item.,113,#healthylifestyle #workout #gymtime #fitlife,TRUE,13-10-2024,Android,fr,4802,552,439,0.0611
0b706e18-ed00-4d19-b2ff-5c260bab04fd,868dfc9e-c75f-4130-9d7e-82d85ed4743d,thompsondouglas,Female,29,57315,2139,04-08-2023,FALSE,Bursa,Books,Color billion son magazine nature nature best past if modern institution can set stuff image. Prepare able tell state prevent each speak.,137,#bookworm #reading #readmore,TRUE,17-04-2024,Android,fr,2856,230,129,0.0561
445e2fa0-c5ba-48d3-b19a-610de67f744b,8ff0cb9d-3d95-4f74-97cd-ff6bd9b28634,hinesgregory,Male,34,42616,5923,17-01-2024,FALSE,Izmir,Fashion,Walk conference sea activity almost continue approach where it friend positive wall travel affect for store collection scientist benefit small. Identify lose billion.,166,#fashionista #lookbook #style #ootd,TRUE,18-04-2024,Web,fr,2182,323,122,0.0616
fbb9bcad-dbbd-4184-a18c-599dbf8cea86,23bed42f-4bbe-4787-9415-a6dc34a08b71,samuelelliott,Male,23,90844,4674,29-10-2019,FALSE,London,Pets,Floor open center believe teacher interesting economic. Cell career carry also yard discussion with.,100,#dogsoftwitter #catlife #petlover,TRUE,09-05-2024,Web,de,4525,423,139,0.056
64cb45f7-66a0-4801-aff6-6c6d63d47e5d,e13bed1a-fd17-4100-be2f-265b72c8771e,richard25,Female,51,32583,5042,12-09-2024,FALSE,Ankara,Photography,Professor another help pretty believe professional pass another. Box debate move decide.,88,#photooftheday,FALSE,29-10-2024,Web,en,1583,189,85,0.057
7e8f1a49-ebff-4de0-b1df-4a9186a983c8,fc6e3593-faa8-49c1-89f2-bb93524c8ec5,todd59,Other,41,30938,7383,04-05-2024,FALSE,Bursa,Food,Court politics hair military western bring Democrat during our. Strategy in exist call fight may.,97,#instafood,TRUE,13-07-2024,Web,es,1552,192,141,0.0609
77991e28-5294-4c84-9f9a-f07577c14c56,71c3c996-4f0b-480e-a109-2c3fb1749854,fmccarthy,Other,54,36544,1275,15-01-2024,FALSE,Paris,Politics,Participant into above enough mention investment environment seat. Week easy seek PM list toward start everybody.,113,#politics #worldnews #election2024,TRUE,28-10-2024,Web,tr,1847,123,88,0.0563
da80edda-b1ca-4d53-89c3-05dc863ac389,1e0c02ce-c765-4943-b7c3-19901f4315a4,jonesjeanette,Male,16,20490,3974,08-07-2020,FALSE,Antalya,Technology,Pm guess perform store green strong begin read young word identify. None at maintain today whether have.,104,#innovation #tech #future #gadgets,TRUE,23-06-2024,iPhone,tr,1029,78,58,0.0569
0beb947a-cd0e-44cf-acd1-060f8746ac92,a0978585-48d9-4484-85a2-378e46862367,xobrien,Male,25,58288,9238,03-09-2017,FALSE,Paris,Fashion,Art trouble indicate black list yeah despite identify ok he eye kid. Under hour rest project full.,98,#lookbook,TRUE,23-10-2024,Android,es,2902,432,129,0.0594
ff623733-e2be-401a-b816-e72e0e0c479f,7d65a383-5fcc-43db-a41e-95d2d5f236d1,charlesbrooks,Female,56,45282,1242,01-11-2017,FALSE,Bursa,Technology,Recognize record imagine seven thing office thousand security child dark. Management or fear full bank political.,113,#gadgets #innovation #tech,FALSE,18-02-2025,Web,de,2244,333,71,0.0585
23bd1000-c1a9-4930-ab41-a56f3a5cec5b,79269929-7937-4723-b4f6-9f8b2a28212a,robert12,Other,21,78363,3104,19-06-2022,FALSE,Madrid,Technology,Week seat natural different even vote expert nature matter investment protect ago size hotel Mrs fast like police pattern sell serve. Indeed great different watch.,163,#innovation #tech #gadgets,TRUE,21-04-2024,Android,en,3769,211,84,0.0519
d630c52a-ad9d-41b5-8d8b-7856a2b1d528,bdeb42a2-980d-44e0-b7bd-c466addb7163,randy20,Male,43,79871,2193,29-01-2019,FALSE,Berlin,Fashion,Hour sit pretty reason because each. Southern listen here likely coach store about.,83,#ootd,FALSE,26-04-2024,Android,en,4070,230,196,0.0563
67cf6239-2ed4-4dce-bdb6-4801af92948b,f29ccfa9-eb1f-41a1-9412-554377a241ed,sarahsimmons,Female,52,60852,9361,12-08-2018,FALSE,Antalya,Education,Movie interest loss network represent new cause rule off brother. Without huge cultural should.,95,#knowledge #students #learning #edtech,TRUE,18-01-2025,Android,de,3039,254,278,0.0587
0bea08e0-074d-4af6-b3c1-e0a6153519bd,30d3b084-6af3-4bb8-8152-ebb90dff2044,iwhite,Female,26,83038,2331,19-03-2016,FALSE,Bursa,Photography,However follow everyone century official story clearly successful fast. Day staff our least security one.,105,#travelphotography #photooftheday,FALSE,27-01-2025,Tablet,fr,4150,514,251,0.0592
f5e8bc2d-e225-4cb6-8ecb-78eca139d658,f2dfecb8-33f7-4bd3-ab52-6876ede950ab,jessica96,Female,42,13050,514,28-06-2022,FALSE,Antalya,Memes,Piece feel Democrat star energy suffer bag property consider including treat responsibility note because improve writer agent radio nearly despite determine book bit hope college. Agree husband responsibility nothing evening one seven.,235,#lol #memeoftheday,FALSE,20-04-2024,iPhone,en,625,73,30,0.0558
aa7a8644-92b9-4232-857d-fd6b3ace4059,6b178e70-c1ca-48c1-b5aa-4464df5d22e6,renee77,Other,47,16348,698,02-02-2023,FALSE,Antalya,Books,Difficult evening evening live program street prevent day rate move. Example stay nation reality.,97,#readmore,FALSE,23-04-2024,Tablet,tr,809,96,65,0.0593
cdc16d10-31b1-4dca-b514-076372a4aab5,18162912-7bee-4161-88f8-cf4931f2ec84,vknight,Male,57,19186,8743,18-11-2023,FALSE,Istanbul,Memes,Western ten management describe available economy name billion action executive pressure opportunity. Sign answer find together.,128,#memeoftheday #funny #relatable #lol,TRUE,21-05-2024,Web,de,971,140,48,0.0604
8fa8d8b9-cba6-4138-84f9-13a495e241c2,39a3150d-80bd-4948-aa42-e38bbfb7f9b1,joseph49,Male,40,83917,3362,05-06-2015,FALSE,Madrid,Politics,Character no think table understand. Trouble yourself security authority per always.,84,#election2024 #news #politics,FALSE,11-07-2024,iPhone,es,4172,248,95,0.0538
349db095-b8c0-438a-b58b-64a70d1e49c9,38c1a58c-4bfd-40ae-92eb-9adbf2847122,donna72,Female,41,16066,7975,12-01-2025,FALSE,Bursa,Technology,Business suffer customer maybe sea forget network. You decide culture international.,84,#innovation #tech #gadgets,FALSE,15-12-2024,Android,tr,803,57,47,0.0565
abaf4ab5-868f-42ab-8bde-96a45203903b,72221814-ea9f-4849-895d-a45317ead8d0,hudsonjames,Other,19,78452,4059,17-08-2024,FALSE,Paris,Fitness,Not provide magazine voice option day myself arrive food lose talk this so break theory site. On finally summer administration.,127,#healthylifestyle,FALSE,11-05-2024,Web,es,3951,586,302,0.0617
21ad4f57-21b1-48c3-a5c5-51c814fe240e,d52f87e2-91d0-4d3b-8ca3-33e67d7033aa,luis51,Other,27,97687,6222,15-08-2020,TRUE,Izmir,Health,Town protect above wife minute sort because begin car move surface federal carry machine recent significant. Defense job support happy herself team could author.,161,#wellness #mentalhealth #fitlife #healthtips,FALSE,21-10-2024,iPhone,en,4755,524,273,0.0568
a4c258b9-0617-434f-b05c-6a9d97f19abf,7f4b0cd6-27fa-400e-9dc9-c41151b59a78,amanda88,Male,30,41493,2188,04-02-2019,FALSE,Ankara,Fitness,Also PM feeling wife price her site your college. Budget exist answer report.,77,#healthylifestyle #fitlife #gymtime #workout,FALSE,21-04-2024,Web,fr,2167,306,118,0.0624
8eecbafa-82f5-43b9-95d5-ea3f5f8aa77c,8d805480-b1b0-49ae-963b-3c02df5d50f3,samuelfarrell,Male,22,35478,1324,24-09-2015,FALSE,Berlin,Finance,Design anything others item product home image education. Front your compare pretty science throw.,98,#stockmarket #investing,TRUE,20-03-2024,Web,es,1760,110,81,0.055
9205039d-c2aa-4425-988b-35a7428ca320,aafa232d-c8aa-4cbc-9df6-d6d50d7be972,sherrywood,Male,27,86421,9865,27-03-2017,FALSE,Istanbul,Education,Plan executive result assume remain on others party minute trip grow hospital executive now. Determine around hard opportunity pick room item girl.,147,#edtech #knowledge #learning #students,FALSE,02-12-2024,iPhone,fr,4313,414,257,0.0577
9de6f4c5-7028-4da1-bba6-50ff9276f3a5,baf5af7e-5079-4945-a0ad-36654cfdfa6c,courtneymadden,Male,28,902,7118,10-04-2015,FALSE,Izmir,Fashion,Decade hair measure though system contain point beat choose identify set gun happen else. Live professional bar.,112,#style #lookbook #ootd #fashionista,TRUE,16-02-2025,Android,de,59,6,2,0.0743
93823bdd-0c8f-4770-bd4b-8aa9c5b30c8a,2ab36d98-2cfa-4144-9b4a-fbff750e3363,shelby69,Other,43,65260,1109,09-10-2015,FALSE,Izmir,Gaming,Born development would her possible which technology end skin mention sing bill above why wonder in must arrive evening. Magazine movie account imagine.,152,#gamerlife #esports #twitch,TRUE,02-06-2024,Tablet,de,3208,461,159,0.0587
23d37e30-fcbe-448c-b5d3-dda8e708e7ee,4f1ce6cf-9932-4408-baca-47fc9e1bf680,rachael61,Other,24,79407,7881,27-01-2020,TRUE,Berlin,Health,Result business thank process cause central challenge company choice. Movie likely term.,88,#healthtips #fitlife #mentalhealth,TRUE,10-10-2024,iPhone,fr,3875,498,294,0.0588
d5b9699a-82ef-4780-ad1e-f4a9bbebffb6,825fe782-16db-47e4-b895-dc4dcf337239,fjacobs,Male,50,12677,8786,31-05-2018,TRUE,Ankara,Travel,Group paper other allow event although seem environmental painting break health. Relate very get ahead.,103,#travelgram,TRUE,14-02-2025,Web,de,594,73,44,0.0561
f554c72b-19ad-4b73-b771-b1aceff5540a,6f1dc81a-a6b5-4414-a8d7-65ebfafdac90,aguilardonald,Female,32,15535,7361,02-03-2021,FALSE,London,Memes,Create whose want until clearly poor option type account upon eye policy. What news American service model ahead.,113,#relatable #lol #memeoftheday #funny,TRUE,14-03-2025,Android,en,725,87,37,0.0547
ab2253dc-b3ae-4395-a2bc-195b8a2fb121,6970e066-d4d9-4e7f-9119-e0543bd8c364,dwayne56,Female,22,1401,4488,02-06-2016,FALSE,Izmir,Fitness,Admit authority time bill explain term wall drug baby four service skill member trade upon enjoy. New son explain this can already be.,134,#healthylifestyle #workout #gymtime #fitlife,FALSE,04-10-2024,Web,es,80,10,6,0.0685
bcc4c558-1fd2-42de-a5b8-d82a6a83de61,b86ade24-8b4e-49fc-af9d-97199ef7dce1,benjaminleah,Female,48,41906,2121,15-11-2019,TRUE,London,Memes,Unit development history series marriage tree politics whose purpose dinner next significant property best station per toward know use tough state I. Add sport need when trip six or.,182,#funny #lol #memeoftheday #relatable,TRUE,16-07-2024,Web,es,2142,209,106,0.0586
e045260c-bb54-4a2a-af61-490352fbf693,c8a3724c-676a-40e4-82c2-2a9855841d78,tfuller,Male,31,45778,3429,08-09-2015,FALSE,Izmir,Politics,Name everything office say street owner. Note any fear throw mind song.,71,#news,FALSE,02-09-2024,iPhone,tr,2223,126,61,0.0526
de376c58-d3df-4702-8055-c4f5a39d5362,ffcb4a82-2c67-4c13-abef-42b59fa77cc0,stewartalyssa,Male,59,93739,8771,18-08-2017,FALSE,Istanbul,Photography,Help road home inside drive laugh. He throw bar five know.,58,#dslr #photooftheday #snapshot,FALSE,25-04-2024,Tablet,tr,4712,506,282,0.0587
848234ac-f971-47a9-8e74-3b25cf97a9c5,0c97d347-f45e-4e43-97a8-7c31439c185d,wheelerkimberly,Male,46,18544,6728,29-03-2019,FALSE,New York,Gaming,Industry nice federal together around group play. Exactly look huge party policy support fast.,94,#twitch #gamerlife #gaming,FALSE,15-07-2024,Tablet,es,949,78,81,0.0597
ccda7625-6f10-4ce4-bdea-49faf20ca0de,d4de49a0-0dcf-4edc-9ea8-20bca5bda793,christinacraig,Male,27,14094,479,03-05-2021,FALSE,London,Pets,Similar material travel follow theory across example contain season too company feeling above all bag remember. Book former east their outside.,143,#dogsoftwitter #catlife #adoptdontshop,FALSE,25-07-2024,Android,de,687,55,16,0.0538
9a3ac79f-4876-4aed-bdfd-acdfc29b255c,5a5e3d1d-9325-4b09-85f0-212ade787ee2,simsjason,Female,41,7445,1219,04-11-2018,FALSE,Izmir,Education,Full learn suffer once agreement company material speak address everyone hard article. Develop certain some put fact.,117,#edtech #learning,TRUE,29-05-2024,iPhone,de,387,26,5,0.0561
ed6d82ae-d947-491f-9575-156d41919f38,62c30467-e5a2-4276-b84f-fb5ad61a936e,xrodriguez,Female,36,72808,2065,10-12-2024,TRUE,London,Education,Summer focus Mrs special moment difficult evidence treatment cause itself contain think pay before. Between far church catch.,125,#learning #edtech #knowledge #students,TRUE,09-05-2024,Web,fr,3618,304,268,0.0575
5e2c069d-4095-49f2-a354-0642ba7a3edf,a0d6a35a-e913-4d89-a2ee-5d1bab695af9,kathryn17,Male,47,96892,5230,11-01-2019,FALSE,London,Memes,Few imagine must shoulder toward grow drive compare. Him decide teach strong how worry.,87,#relatable,TRUE,01-02-2025,Web,en,4812,457,148,0.0559
e0af0195-9e36-4ce2-9f63-6c6946f026e3,230cfd79-297c-4de6-865f-de1f1f3f046d,daniel32,Other,33,48228,7626,02-10-2020,FALSE,Izmir,Food,Seem will building discover church and mother visit group continue and believe one blood dream during health. Majority maintain page able position.,147,#yum #foodie,TRUE,30-05-2024,Android,en,2472,305,100,0.0597
be9b6245-3224-4e70-a87b-6b596c8a2b0e,5885c6da-8db7-4ee3-ad70-4d692095f0d2,michael82,Other,23,20156,8566,31-05-2022,FALSE,Bursa,Pets,Possible involve heavy contain future resource quality record ask science government outside able last young speech central a soldier general sound describe sea bar his. Light trouble move away former face safe study.,217,#adoptdontshop,FALSE,08-09-2024,iPhone,es,1032,126,14,0.0581
520c8ae9-cec0-4402-bd95-7afec9ea1519,1ff56c49-6b2a-4fc0-a6ff-fb179281d2a3,webbalexandra,Female,55,61793,560,15-10-2023,FALSE,Istanbul,Gaming,Site brother fast series cultural pass treatment. Prove wind into inside.,73,#gamerlife #gaming #esports,TRUE,02-09-2024,iPhone,en,3007,225,275,0.0568
fe03769f-bf37-4f95-88ac-686340c313fd,fb95dcac-2b5a-4cc9-bbf3-15518c6a0d8d,jeffrey92,Male,48,36558,3698,27-08-2021,FALSE,Paris,Food,Around computer likely to individual by six civil beautiful record fly natural image avoid return art car attorney box long. Quite kid hit stay plan daughter early.,164,#foodie #instafood,TRUE,17-05-2024,Web,en,1828,195,99,0.058
a6d88d28-a7c7-4f2f-9c69-1e01e047ebb6,4baa6f78-f279-4d10-b340-f3aa9d43063e,ryan64,Female,19,32470,3027,15-04-2017,TRUE,Istanbul,Health,Range but green choice than her player result. Happen determine marriage bar suffer paper court.,96,#mentalhealth #wellness,FALSE,04-04-2024,Web,en,1602,214,33,0.0569
558f5e19-a3a7-4654-80c7-5e248ac5ac7a,f786bb83-0bcc-47a0-83b3-7bf6a9525e4a,carla65,Other,18,84375,7636,02-11-2018,FALSE,Madrid,Finance,Voice each store significant early sell north recent them. Debate employee general probably.,92,#stockmarket #money,TRUE,01-10-2024,iPhone,es,4198,351,204,0.0563
c582ef96-cc79-4696-97d2-111989961a3f,c1c25ceb-0cc2-4688-9f43-f4dedac426cb,jdean,Male,45,40383,2846,13-07-2015,FALSE,Ankara,Books,Here decade wife sense movement election make network soon market garden author. Time try cause behind single project.,118,#reading #bookworm,FALSE,31-03-2024,Android,en,2089,207,29,0.0576
894255fe-98fb-436c-9c83-b18f6413a2c7,51e62c8f-8b95-491c-9b29-763b860a580a,stevenlucas,Other,37,50546,8748,02-10-2016,TRUE,Paris,Food,Sound clear into fall issue tend theory the hard south maintain year firm generation while travel. Wear half hot us history light improve.,138,#yum #foodie #instafood #homecooking,FALSE,11-10-2024,Android,de,2501,188,234,0.0578
e67376dd-96b7-4749-b796-728db93603ea,359e96e7-ac3a-46eb-92d4-ea7cd816c18a,christopher77,Other,30,79420,8934,28-09-2019,FALSE,London,Photography,Memory open civil everything soon explain happen build fill personal fire when official. Industry him up teach central public term.,131,#travelphotography #photooftheday,FALSE,11-01-2025,Tablet,tr,4115,239,327,0.0589
aeec82c1-473d-4a60-a7cb-6f583505df77,f4c06468-01d1-4227-9236-bf30be0436b2,williamscarl,Female,30,52076,1436,12-03-2024,FALSE,New York,Food,Seek then represent conference war science. Pass once democratic.,65,#foodie,FALSE,10-12-2024,Android,fr,2623,342,34,0.0576
1df59ef2-e8a1-4415-9fad-a23e09f48a9f,3952b33e-1181-4251-959d-4cdeeec17e32,youngcharles,Other,17,56004,8951,22-10-2024,FALSE,Bursa,Technology,Term authority offer feeling than prevent too control skin fall. Left worker ready take property recognize expert.,114,#gadgets #tech,FALSE,31-07-2024,iPhone,es,2768,179,143,0.0552
d7ab31b1-360b-481f-944c-df8dc6740f33,d9bb0d98-2c99-4478-9113-6c0d65e3a498,lcarr,Male,36,17390,8740,21-04-2016,FALSE,Antalya,Education,Rich less theory health tell fact pretty learn data power morning behavior laugh quite water world century drug know room choose argue note reflect. Ask two major she knowledge house.,183,#knowledge,FALSE,25-08-2024,Web,fr,884,101,58,0.06
714e7085-7bed-405e-811a-08c3b6e9a337,033be639-c3a8-435b-b1ec-35f3fa48ed94,markbrowning,Female,55,38221,7109,14-11-2021,TRUE,Paris,Finance,Detail cell television woman minute customer both write third stay agree we any thousand put factor truth call stage significant thank data. Institution later office age so.,173,#stockmarket #money #investing,TRUE,23-05-2024,Tablet,en,1951,262,182,0.0627
0a56c624-a61a-4c86-9d38-74481e886084,a85d968e-f341-4158-865a-1214afca8035,zlucas,Other,41,60483,3263,31-03-2018,FALSE,London,Finance,Painting material science beat deal across friend quality paper experience itself trouble card no have information nothing street box could end hard test traditional. Hear station wide themselves back.,201,#crypto #stockmarket #investing,TRUE,04-03-2025,Tablet,en,2936,184,184,0.0546
35cc6253-201a-4ae5-a0ff-1e67ad068e91,ef635301-433f-4458-b0ba-d48d33b8efc6,frobertson,Other,54,79420,6549,13-01-2022,FALSE,Berlin,Technology,Factor body general tonight resource thus politics must any. Safe officer serious same experience point article.,112,#future #tech #innovation,TRUE,12-04-2024,Web,de,3840,427,295,0.0574
4981d4af-d8ef-4831-bde9-e61bb1995ae0,9a4546c5-ef55-4143-ace8-fc9c0d670818,taylordorothy,Female,18,25342,9962,06-10-2017,FALSE,New York,Finance,Drop give his meeting away degree form mission. Ever position local leader.,75,#investing,FALSE,03-08-2024,Web,es,1261,184,109,0.0613
d2a1d4c0-a6d4-4954-b1b0-b139cee9f2d7,d3dc6c82-0af9-4f1f-93f2-4407871d2507,kristin96,Other,52,86091,4983,30-06-2019,FALSE,Antalya,Travel,Anyone among police billion idea use high language main spring nature already while part choice leg treatment bill today money next. Low bill behavior hand until.,162,#vacationvibes,TRUE,31-08-2024,Android,fr,4276,298,221,0.0557
a91f6266-d440-445e-98a6-28b957e593f1,802c2f89-136d-40cb-a6a6-5e7469e14e27,marybrady,Male,29,5859,6785,10-11-2019,FALSE,London,Health,Within both notice like story just often require dark current including live among fly agreement wide movie heart. Ground much open instead keep.,145,#healthtips,TRUE,17-05-2024,Android,de,272,13,10,0.0503
02bd93a8-fadb-4942-a00f-d7dd280ed5c6,a30d137e-5259-476d-b0e0-ccf22eab5b14,charlesharrington,Male,37,2899,4040,22-09-2019,FALSE,London,Music,Hard half dream easy prevent side meeting executive hold process behind town red friend analysis race much environment interesting nature painting debate spring simply according. Game citizen stay condition senior involve nice.,227,#vibes #playlist #musiclover,FALSE,26-11-2024,iPhone,es,149,18,14,0.0624
37bae600-c405-4a8c-9aa5-76bb6f6f1073,d9d2cdf1-efff-4a88-a631-ba5ec4092120,timothy29,Male,19,4344,2092,31-03-2022,TRUE,Berlin,Pets,Effort attorney he school article floor themselves. Want interview why above name stand.,88,#petlover,FALSE,20-03-2025,Android,tr,192,27,7,0.052
9901f044-9ca0-423d-ae5f-0bc81d241013,b09e1f7e-2fe7-47f8-874a-72359bbbb2be,phart,Male,16,11339,914,02-07-2020,FALSE,Ankara,Music,Movement nor line though success police she difference ten suddenly. Soldier light turn wear break these may.,109,#vibes #playlist #nowplaying #musiclover,FALSE,13-05-2024,iPhone,tr,524,30,28,0.0513
c870fb51-7a44-41cf-9e71-306080c5779b,89ff7ba2-329d-4d9b-8fb9-012d76db4fad,dhanson,Male,52,63991,8087,19-11-2023,FALSE,New York,Pets,Campaign run present TV cup sister article kind bar available still respond everything cover push major thousand. Give probably support.,136,#adoptdontshop #petlover,FALSE,13-12-2024,Web,tr,3234,419,201,0.0602
7bfd8b94-4a68-44d9-b701-862e481f6e2c,a19205dd-5c6e-4cc7-a8db-ab53bcf6c151,alejandro63,Other,32,86464,2170,28-08-2021,FALSE,London,Technology,World behind people up Republican interview build often piece board half. Its sign I lay fast parent rich help.,111,#gadgets #tech,FALSE,14-02-2025,Web,de,4214,440,68,0.0546
67d07d35-6fd2-42d3-8477-0cc667e584e2,fd889698-7392-4dee-8aaa-7d11f0013a63,patrickwhite,Female,46,59185,6119,26-05-2015,FALSE,Madrid,Finance,Crime single administration past happen claim station example. Worry here Republican cultural.,94,#stockmarket #investing #crypto #money,FALSE,14-09-2024,Android,de,2939,193,97,0.0546
80a5614b-2821-41d2-ab45-9278f35c595a,56ed4e4b-ecfb-4206-bc1a-974714a60ed1,donaldbecker,Other,19,78775,8186,02-07-2015,FALSE,Bursa,Health,Customer reason camera because away election worker region learn gun expect. Instead several free small only.,109,#mentalhealth #wellness #fitlife #healthtips,TRUE,21-04-2024,Tablet,fr,3916,396,297,0.0585
7c25e002-7e8a-4f3d-a339-d0c644cc3104,71f789e9-3d6c-47db-84cb-0e8f062c877b,dunnjessica,Female,47,24214,7813,23-09-2024,FALSE,Bursa,Books,Also reduce analysis however stock charge across mean care give occur decade energy light. Our tell truth data five medical.,124,#literature,FALSE,22-12-2024,Tablet,fr,1241,165,76,0.0612
3ebad636-90fd-4e56-8348-3ef2aa876578,9b00fc41-b0e0-49df-bf83-c03c15126cb8,sean69,Male,22,45544,6273,14-07-2019,FALSE,Paris,Finance,Group thus outside blue now line before edge drug to measure including. Table quickly drive choose theory before.,113,#money,FALSE,28-09-2024,Android,en,2267,222,98,0.0568
5e8fc800-f590-46f8-9791-5592daa8dffd,9a0befff-6fad-4e6c-a334-985aeb65faa6,rosejones,Female,42,42189,1784,18-12-2017,FALSE,London,Fashion,Stage imagine half single center hotel. Enough threat top write marriage campaign.,82,#ootd #lookbook,TRUE,21-03-2024,Tablet,en,2044,306,22,0.0562
f42505e0-c119-4ee5-b8e1-67328c1ac019,5cca4895-d141-447d-9244-3da6a7ea2c46,natasha43,Other,39,88139,7227,14-03-2016,FALSE,Madrid,Gaming,Specific ready same price again hospital anyone fight second. Floor operation nice.,83,#gamerlife,TRUE,29-07-2024,Tablet,en,4267,452,132,0.055
5b0e1182-b91d-45f9-af23-c8b02a709d88,c943a19b-9191-4449-b8e8-d61209822c69,halvarez,Female,31,23622,8724,15-11-2016,FALSE,New York,Gaming,Decade century theory husband prepare role these receive cup. Floor inside pretty describe our.,95,#gamerlife,TRUE,10-01-2025,Tablet,fr,1134,147,40,0.0559
ae286bce-c941-40ba-95e3-af46771b388d,7b5b0ce4-0fa8-4b89-bbbd-ec9d640e2fd3,tammy23,Female,18,9436,2089,14-05-2018,FALSE,London,Art,Speech become around reveal operation money organization doctor network minute road special finally station. Community popular way.,131,#creativity #digitalart,FALSE,28-07-2024,Web,es,488,44,36,0.0602
e1aff88f-59c3-4116-8bca-7212ffa19ae1,9d2bd333-bf7a-44bb-846a-33685c903240,rarnold,Other,32,21193,142,22-01-2024,FALSE,Izmir,Music,Ask myself wall series person anything science any energy determine kitchen interesting drug individual. Move poor mention specific.,132,#musiclover #playlist #nowplaying #vibes,TRUE,13-05-2024,Android,es,1147,165,86,0.066
4863bf65-8b35-43ec-ae99-33ee31e4db39,7b217e5b-a0de-4b32-9cd0-b9cb3fa874a6,bakerwilliam,Female,25,24173,1571,18-10-2017,FALSE,Istanbul,Fashion,Purpose investment at table tend occur sister thus wonder shoulder suggest the treat. Available stock young already give.,121,#ootd #fashionista #style #lookbook,FALSE,19-10-2024,iPhone,fr,1186,131,23,0.0554
8da5d013-ed24-415d-aa10-1b3e5f61043b,3b154ca0-cb0c-4d27-8670-a5bf9d4b5a19,garciarobert,Other,59,24057,3165,10-09-2024,FALSE,Bursa,Fashion,Purpose score across party market dark language mean without behind once by final project. Do your safe green agreement rock if magazine.,137,#style,TRUE,22-09-2024,Tablet,tr,1140,86,75,0.0541
eb71bc3a-80b2-4330-9d56-df0f8f5e4f7f,4699f458-c944-4ac2-bdfa-9586542bcd1c,harrisonkyle,Other,54,68547,2905,23-12-2019,TRUE,Berlin,Memes,Meeting long thank by most special describe. It moment professor group because.,79,#lol #memeoftheday #funny,FALSE,29-11-2024,Android,de,3449,236,146,0.0559
d10d7461-fa31-4a0f-8f19-7e787cb94bb7,0a8ef473-63a5-4901-85f1-a6623b24ec2f,nathanielwilson,Other,19,99366,3910,19-06-2019,FALSE,London,Photography,These site claim under commercial city interesting itself method reality action recognize. Language however wear writer foot.,125,#travelphotography #photooftheday,FALSE,31-05-2024,Web,tr,4959,339,115,0.0545
47aca2c3-4dd4-469c-a43f-5a1a9760e6dc,14e1fca2-5325-4d99-9632-1e031653eef8,michael80,Male,57,60888,3815,28-12-2021,FALSE,Antalya,Technology,True own throughout Mrs participant less oil drop fish movement career game live let its window. Herself agent stuff treatment hard score agency.,145,#tech,TRUE,31-03-2024,Android,fr,3058,272,268,0.0591
82c73a75-934b-4491-9d84-88778cd7c615,db549034-cb5b-436e-ab5d-5f9ca8c6718f,omoody,Female,48,15407,3360,17-10-2018,FALSE,Bursa,Memes,Truth wait fact significant body water hold lot. Country attorney statement opportunity we good how soon.,105,#funny #relatable #memeoftheday,TRUE,13-10-2024,Tablet,en,704,59,51,0.0528
cb18b43a-c431-44ed-8450-ed5744d71c30,00ef8ead-f935-4b64-a66c-699ef481585a,probles,Female,39,48548,249,11-07-2017,FALSE,Berlin,Finance,Kid possible success final investment argue prepare similar above owner energy organization. Mission language structure man.,124,#crypto #money #stockmarket,TRUE,23-11-2024,Web,de,2421,169,116,0.0557
0be5e363-7ae7-409b-a49c-6bfccbe6f1ee,f4241279-644a-4a86-afd8-5ac0b546ed51,sandersnathaniel,Male,59,63400,6703,14-10-2021,FALSE,Ankara,Politics,Yeah phone politics similar operation adult big theory future actually popular. Structure already every occur why husband.,122,#worldnews #politics #election2024 #news,TRUE,24-11-2024,Android,tr,3132,177,223,0.0557
d0ea1f96-2f62-4b22-922d-1a5bc1c030a7,8956a05b-361e-4e48-ab23-b1cf6c0fa739,markbrown,Other,40,27629,1479,11-11-2016,FALSE,Izmir,Fashion,General yet class surface impact decision budget night his though add weight police after carry energy common his report catch. Later dream war same explain agent speak.,169,#ootd #fashionista,TRUE,28-09-2024,Web,de,1378,147,86,0.0583
848bbbb1-9043-4b9a-b3f0-df7506e650ad,3eee715b-b949-4e1f-b694-e45099e359b8,jeffreylewis,Female,33,36635,3513,11-07-2021,FALSE,New York,Politics,Southern several figure watch which happen impact since many. Result myself manage.,83,#worldnews,FALSE,08-06-2024,iPhone,de,1842,264,90,0.0599
8f68e85e-145d-4972-8b3e-8a3c0de995f9,a74d1e71-b8e2-446c-9333-e5f57681771a,prichard,Female,17,49029,5900,18-08-2022,FALSE,Berlin,Memes,Position education head effort right exactly pretty to window production industry until method program their media skill no task product. Pressure war picture take story democratic.,181,#lol #memeoftheday #funny #relatable,FALSE,19-08-2024,Tablet,en,2480,371,116,0.0605
b20a684f-eecd-4c93-b065-4abc14842f3d,97e09c3f-8d04-4c0a-8b9a-77e172b8ffaa,jpowers,Female,27,28797,5617,16-04-2018,FALSE,Bursa,Music,Military drive ahead production leave half likely under too. During significant practice sign particular.,105,#vibes #musiclover,FALSE,12-06-2024,iPhone,es,1418,210,87,0.0596
36c57457-cef9-4fc0-8192-f9fde6f70f14,579b18c8-6756-4e58-88ba-149890f1d2cd,llambert,Female,43,76215,3231,12-05-2015,FALSE,Madrid,Art,Feeling the rock you real term all agency right figure son guess result. Company especially less run account leader exactly truth.,130,#digitalart,TRUE,08-01-2025,Web,fr,3844,267,273,0.0575
544df2e3-61b2-416f-912f-cc2eeecc4ed9,862fc939-4a12-430a-82a2-a81c1b703db4,prosario,Other,49,97477,9957,26-07-2018,FALSE,Antalya,Fitness,Serve note recent land trip majority center will fire play two project wide above no agreement instead friend year. Great put ready player.,139,#healthylifestyle #fitlife,FALSE,14-07-2024,Web,tr,4987,309,259,0.057
06803fd4-fdf6-457b-b130-0df6c0da296d,26f0ffa5-0e8c-4eeb-ad69-7455bf6b7079,carrie80,Male,19,46561,2093,11-05-2021,FALSE,London,Music,Age continue none find gas those cause less enter raise. Station seek per strategy former.,90,#musiclover,TRUE,19-04-2024,Tablet,tr,2437,287,53,0.0596
22c7a27d-3d9d-4eee-8641-c0222acd295d,fae6c4b5-e136-4365-9e0d-dd0383287e18,jessicabell,Male,53,31156,5794,06-08-2017,FALSE,London,Travel,Born dream good ahead year cold group those stage chance its put. South gas reality model.,90,#travelgram,FALSE,28-09-2024,Web,en,1571,118,44,0.0556
2a1e47dd-d34a-48bd-bae9-98766efe3feb,e3ac0658-98fd-4979-bf54-22f9bb19d646,eric11,Male,37,2251,968,22-02-2016,FALSE,Istanbul,Food,More network quality give garden bag place issue American page training ball discussion behind live. General group sense detail law.,132,#instafood #homecooking,TRUE,01-04-2024,Android,tr,87,6,5,0.0435
c02cf1b1-b631-4594-824c-9ef32473549b,4d09acd1-22c7-41c8-ba9b-530110835bea,vramirez,Other,34,57556,1887,01-12-2023,FALSE,Madrid,Music,Career cost suddenly indeed customer kind history young cell beautiful fish little white rest several section. Either big send agreement election budget.,153,#nowplaying,FALSE,18-01-2025,iPhone,tr,2859,228,81,0.055
cb47115e-2810-48f2-aa69-12c3963b45cd,1e066860-ee56-48ad-8d93-1ba6f39adee9,lyonsdeborah,Female,24,23431,9307,22-12-2022,FALSE,Bursa,Politics,Hot add perform arrive number base strategy drive so dog peace from available seat wait financial allow form past opportunity. Truth by quality rich.,149,#election2024 #politics #worldnews #news,TRUE,07-09-2024,iPhone,de,1181,66,58,0.0557
e72448c7-244c-45b3-939c-7fe65463aa8d,91dde360-7d19-46e7-bc3c-881ca6182602,andrewsjeremy,Male,32,68378,7934,14-08-2019,FALSE,Bursa,Art,Quality beyond community set exactly director simple turn most although maybe sure bed factor charge certainly part. Husband hand teacher certain compare.,154,#digitalart #creativity,FALSE,25-12-2024,Web,tr,3484,329,61,0.0567
e75a6db3-e1f9-46c6-b5cb-244db872d696,e43eb4ce-14c7-4163-a321-c8c2685659b9,ycharles,Other,51,15930,9802,22-04-2016,FALSE,Berlin,Art,Blood effort likely short kid level paper ask responsibility fall agency expect else time miss religious. Eat third head trip be.,129,#digitalart #creativity,TRUE,03-04-2024,Android,en,790,48,64,0.0566
3bf7ff33-370d-498c-adbf-07df1394c42c,50381bbf-2af1-4f81-abdf-d75a7903d9f2,cassidysmith,Female,52,7756,2010,30-07-2015,FALSE,Istanbul,Finance,Professor one low question blue administration chair once we very painting hope. Speak travel degree class born interview.,122,#crypto #investing,TRUE,11-12-2024,Web,es,411,52,29,0.0634
56278b1c-ecfd-40a8-94d7-e226703b17e6,1fad712a-d2b3-40ee-b843-fd2246332b08,onguyen,Male,39,71480,6132,28-10-2015,FALSE,New York,Memes,Bar approach me direction peace church order east note away focus design. Itself machine significant grow north radio maintain.,127,#funny #lol #relatable #memeoftheday,FALSE,07-09-2024,Android,en,3566,443,154,0.0582
60d10f00-d8cd-41ff-846a-e76bf6071dd2,3fef78be-cc20-4325-a4b5-981f0451efc2,davissamuel,Female,26,748,5697,27-10-2017,FALSE,New York,Education,Get organization peace rock health cultural effect fish action write accept simply. Score minute night never alone defense.,123,#knowledge #edtech,FALSE,20-03-2025,iPhone,tr,52,3,1,0.0749
5fb6e245-a7a8-4d6c-bf8e-7a378e5156d8,2856d534-0050-4f95-b7e1-17e0dec6a866,phernandez,Other,45,15559,1011,05-07-2020,FALSE,New York,Health,Point they color first hundred seven another possible answer across sit small event range. Quickly father attention represent certainly small must.,147,#fitlife #wellness #mentalhealth,FALSE,26-04-2024,Web,tr,754,45,63,0.0554
cdddc0f1-281a-45ea-ae36-bf67f75a0176,2809b19e-5073-4c22-a3f6-753810a14504,crivers,Male,49,72246,2454,22-07-2019,FALSE,Istanbul,Art,Away during near car common any seek beyond each. Art nation civil able dog price.,82,#artistsoninstagram,TRUE,24-05-2024,Tablet,de,3633,454,295,0.0607
6a923dcc-2da2-440d-b583-8e3a38d81447,dac29b48-3211-42c2-813f-201eeb23cf89,danielleandrews,Other,18,53478,6060,01-08-2018,FALSE,Berlin,Travel,Someone community side science rate baby sell hit business sister. Develop subject down north property beat.,108,#vacationvibes #travelgram #wanderlust #explore,FALSE,19-03-2025,Android,en,2601,287,240,0.0585
8a81b4d5-fe48-4a9c-9387-5e50a155e2e1,ac677364-f11d-42b7-8c97-5361123f55c6,ashley32,Female,59,60743,3431,15-06-2018,FALSE,Bursa,Music,Wrong scene outside letter member relationship possible into contain amount. Can either response sister whom tree.,114,#playlist #nowplaying #musiclover #vibes,FALSE,13-09-2024,Android,en,3040,194,192,0.0564
6c3bf6ec-436f-479f-a418-7ef0f8b5b7ac,5acce39c-c4d0-4b57-bbd7-f07d1ff34341,zcollins,Male,46,71920,6338,11-09-2023,FALSE,Bursa,Gaming,Its especially half some some provide. Fly Congress learn more ball body sit send.,82,#gamerlife #twitch #gaming #esports,FALSE,16-11-2024,Tablet,fr,3599,401,352,0.0605
e21f1df8-7089-44a3-adfc-483707aef7de,a3c7dc40-9338-4c00-a5f4-dfed7cafbc2f,prestoncory,Female,20,32170,717,19-08-2016,FALSE,Berlin,Memes,Sometimes fight employee guy painting center house full state outside law material. Keep same specific read put.,112,#lol #memeoftheday #relatable #funny,TRUE,30-09-2024,Web,es,1614,224,144,0.0616
afc6dfac-ab24-4118-b08e-c372b15bb9a0,03075781-0a48-4bfa-9d66-a66ff73b6ac1,dawnmartinez,Male,33,10609,581,06-05-2024,FALSE,Bursa,Art,Seek suffer drive great blood score share high simply name. Head manager learn.,79,#digitalart #creativity #artlife #artistsoninstagram,TRUE,03-06-2024,Web,tr,561,49,10,0.0584
2c5db1d7-1be6-4230-bb32-3836fce5f7fd,642070e3-650f-4aae-85e8-c238e21b9965,pmartin,Other,20,74095,4746,23-10-2015,FALSE,Ankara,Gaming,Suffer modern section statement another role design pretty response western. Which few skin though compare interest.,116,#esports #gaming,FALSE,27-12-2024,Web,de,3627,487,191,0.0581
50c96e71-8710-4355-abcc-90554cebb29c,be9bfc50-8efb-4f3e-ba51-43147567965c,kevin88,Other,26,77848,5676,25-09-2021,FALSE,London,Health,A week book south indicate benefit fear phone bill control memory both however mother. Debate type energy agree economic finish.,128,#healthtips,TRUE,15-10-2024,Web,de,3941,232,85,0.0547
f1240282-67eb-4dbb-8640-de8f4739d228,8f03b282-5a9f-4608-9d8f-221a0184d04d,melissa33,Female,60,4536,1763,13-12-2022,FALSE,Istanbul,Books,Hold member low against help next which able everything detail raise turn direction rock real bad general wish. Single religious way box.,137,#reading,TRUE,25-11-2024,Android,tr,236,23,16,0.0606
98b4009c-7d4e-4de9-b437-54fbbf3e9d32,e0857712-e55e-49c8-b277-a0cb640b0d8b,robert52,Male,26,73980,468,05-11-2022,FALSE,Paris,Fitness,Lot arm form development ask traditional anyone sea. Often bank later campaign.,79,#healthylifestyle #workout,FALSE,19-05-2024,Android,es,3622,366,327,0.0583
951cb670-a75c-4db4-b0a5-89c24a051d7c,642070e3-650f-4aae-85e8-c238e21b9965,pmartin,Other,20,74095,4746,23-10-2015,FALSE,Ankara,Pets,Look million after movie land on writer hundred apply still free large party so road prevent. Local expect pass person arm claim than.,134,#adoptdontshop,TRUE,30-04-2024,Web,fr,3678,508,191,0.0591
89bb1352-8384-4756-8f49-d5d7b5604dca,2432fd4a-66de-4878-bdbc-2032893d3a0e,yfaulkner,Other,39,59763,958,05-05-2019,FALSE,London,Finance,Buy evidence table so write green scene need movement bill wait whose item manage place range whatever religious image during year customer behind. Leave western strategy large concern term increase industry.,208,#investing #stockmarket,FALSE,16-07-2024,Android,de,2971,360,216,0.0594
f332461c-2d35-4f59-a98f-4f0a3d0df2a5,5f8982d3-96d5-4c77-8ee4-506eb6e43032,elainemoore,Male,35,24844,3044,03-07-2019,TRUE,Izmir,Health,Improve maintain night audience off through moment ready operation oil one hot within coach another. Poor actually baby yard girl.,130,#fitlife #wellness #mentalhealth #healthtips,FALSE,22-01-2025,Web,tr,1297,74,107,0.0595
f7b26cfc-8e95-4c6c-9ed2-2897612843a9,1a43a0bc-1a81-4ce1-a9ea-0ee66a52b46a,gwolfe,Male,58,41431,3471,09-02-2023,FALSE,Izmir,Politics,Boy develop worker create TV sort drug like technology forget official senior animal. Strong drug pull over see he since me.,124,#politics #news #election2024,FALSE,30-07-2024,Web,fr,2073,295,171,0.0613
9ae36c50-0be0-4096-9747-7027136833f5,49a9071b-3c19-4b41-9793-32fabe513303,williamsjesse,Female,57,89191,1513,22-01-2024,FALSE,Bursa,Technology,Tough star doctor our only serve buy loss everything run page child treat since throughout black speak attorney outside. Follow thing at school.,144,#future #tech #gadgets,TRUE,05-03-2025,Web,es,4440,491,336,0.0591
c90182d1-8076-484b-94e7-9cb36f7e57f4,63a57e27-368e-4a90-a3f2-6465d0800d74,troymorris,Male,19,94526,6373,16-01-2020,FALSE,Paris,Gaming,Story test today toward blood reflect consider could. Building my do.,69,#gamerlife #twitch #esports #gaming,TRUE,07-11-2024,Web,tr,4644,271,421,0.0565
5b0be308-8ad9-4e93-916a-fb8d67388a41,77e78bc3-7fc8-435e-a4b5-b6c180a51725,mark66,Female,16,83053,1244,17-01-2024,FALSE,Paris,Travel,Group best debate significant edge do finish design apply drug thus song. Hundred product front when animal onto receive figure.,128,#vacationvibes #explore #wanderlust,FALSE,25-02-2025,Android,es,4151,448,214,0.058
4507953d-d9f6-4a82-9d5c-f8fcdae504a2,77ce62cf-f1db-4f95-ac76-5c2415f1d7a9,brittanywhite,Male,22,70386,3218,30-10-2016,FALSE,Paris,Technology,Mrs career everyone role none see painting compare blue low simply could practice set behavior hundred ask theory democratic perform court. Laugh long carry long difficult family.,179,#future #innovation #tech,FALSE,24-03-2024,Android,de,3512,284,334,0.0587
ec04ce3c-825b-4fed-898c-b3a88694dd12,057da513-ff20-4f4a-8189-77e7f23417b8,jchase,Male,59,18012,3037,10-05-2023,TRUE,Ankara,Memes,Figure practice position same war behind pattern they style director speak in treatment continue doctor fine. Behind name possible.,131,#memeoftheday,FALSE,18-07-2024,Tablet,tr,900,78,83,0.0589
ae029354-cd3d-454a-936c-6108a9e8510a,6496a8f1-0a91-470d-9e81-8849369f7f52,nicholasgray,Male,24,46716,4391,16-07-2016,FALSE,London,Food,Environmental fast will their establish protect property church evidence speak senior account over keep. Reduce visit brother save international assume.,152,#homecooking #yum #foodie #instafood,FALSE,28-07-2024,iPhone,fr,2354,254,107,0.0581
0e0a3110-ae6a-4d18-ad9a-472e54e2a85b,5ebb683e-f772-4296-91c9-81a9f667b958,wnovak,Female,35,38097,7305,21-11-2015,FALSE,Istanbul,Education,Writer account sort expect final goal per per assume. Level floor store care stuff.,83,#edtech #learning #knowledge #students,FALSE,25-04-2024,iPhone,en,1827,110,137,0.0544
ac425686-318a-4381-89fc-d4dbd0bbb7f8,34db5a2c-d432-484c-9588-8136fcb61026,zwarren,Other,58,31704,1748,29-06-2020,FALSE,Berlin,Photography,Argue training condition team property start audience poor five floor environment. Order compare plant company lose represent item.,131,#dslr #photooftheday,FALSE,02-12-2024,iPhone,tr,1533,84,35,0.0521
a5545aa6-05a7-4cc0-aac1-2a5022e8eca3,04aecaa4-3fcc-4e77-bbf4-2e6ad0be9ec7,svillanueva,Other,25,55284,9487,27-09-2020,FALSE,Bursa,Fashion,Outside simple now do Mr behavior economic strong person. Site court quality structure soldier situation figure.,112,#fashionista #style,FALSE,06-07-2024,Tablet,es,2699,152,205,0.0553
b0b9e6aa-395b-4a08-8c6f-1783a59a350a,b6d24be0-c2b9-4826-836b-4b24c80fc14b,kathleenrobertson,Male,41,94901,4219,08-01-2017,FALSE,Bursa,Memes,Teach family her pull mention could improve cut feel military page weight either line. Voice scene high total.,110,#lol,TRUE,26-06-2024,Tablet,fr,4674,700,182,0.0585
9f6e9f0a-7a15-4864-8e70-039dd788a085,c92007bd-0544-4ac2-ac8b-dd0bac03f0c2,epollard,Other,41,79066,8243,26-04-2018,TRUE,Istanbul,Books,Meet simply gun explain expect road computer want war never gas last. Future strategy officer girl wind.,104,#literature,FALSE,14-02-2025,Tablet,es,4047,450,373,0.0616
e3aabbd0-069e-4da3-b484-633c7932f107,b6317f1f-4a51-4753-b0ba-83a1e978bdad,eguzman,Other,38,76691,1884,12-06-2022,FALSE,Izmir,Politics,Plant very southern writer participant these TV such tend eat interview toward them instead force follow benefit technology. Foreign else buy near cut also.,156,#politics #news #election2024,TRUE,04-11-2024,Web,de,3865,282,111,0.0555
cd12ff8f-ec42-44b5-8e2a-2d7ce964ca8c,378c3e8e-17a7-4eff-8191-fb9852206bd4,mkrueger,Other,52,68262,1988,15-04-2018,FALSE,Madrid,Politics,Future carry meet lay various worry science particular I help while involve. Much often lead impact blood record talk against.,126,#election2024,TRUE,18-02-2025,Android,es,3356,407,203,0.0581
07eb343b-3ca7-4fd3-913d-23e450b0a92c,5d19e3dd-58bc-4a0d-af22-2faae16856c1,aaronfinley,Female,28,43036,1432,02-06-2023,FALSE,Izmir,Travel,Once be end key bank ago serve sometimes end week respond war. From lose grow it.,81,#wanderlust,FALSE,24-07-2024,Web,fr,2101,193,30,0.054
95e47442-b4db-4a1b-9e33-f8d6b5c0d371,99300c0a-a2b5-4179-97c4-ffba4ae8896f,yorksarah,Other,31,47820,5304,21-07-2024,FALSE,New York,Food,Present baby road institution after benefit. Product end thought raise daughter reason wide.,92,#yum #homecooking #foodie,TRUE,09-08-2024,Android,es,2340,342,167,0.0596
4562f920-e838-4be7-ae84-5508daa7d8e1,e2fddefd-8d80-4a2d-a70e-c66dd7520009,dorothy09,Female,26,8804,3491,28-04-2020,FALSE,London,Art,Thought work offer foreign third yeah everything service admit friend important tax office way machine financial career Republican top top somebody itself likely reflect onto tonight soon. Feel almost candidate argue.,217,#artistsoninstagram,TRUE,17-02-2025,iPhone,fr,412,25,30,0.053
83260b93-a393-48fd-b8b4-97d30ea54737,9634edcb-fcaa-4f63-9124-9f1ea266c3b9,yharris,Female,40,68694,8000,05-09-2018,FALSE,New York,Music,Much the yourself into common heavy store method. Pick set economic positive.,77,#nowplaying #musiclover #vibes #playlist,FALSE,28-10-2024,Tablet,fr,3380,494,54,0.0572
90992d0b-a128-4d9e-a7a9-9ba3f2b87dc3,23bed42f-4bbe-4787-9415-a6dc34a08b71,samuelelliott,Male,23,90844,4674,29-10-2019,FALSE,London,Fitness,Serve imagine nice appear history follow go affect style against bag shake keep official over base. Possible ability family turn teacher challenge than remain.,159,#fitlife,TRUE,14-09-2024,Android,tr,4543,474,433,0.06
56e965c7-a94c-443f-9428-aa5883bc35c6,dedd3cf9-671a-4e7f-9dd2-e33d909bd5bf,clayandrew,Female,36,51717,3872,17-12-2024,FALSE,New York,Art,Model serve any democratic foreign chair war section democratic fight example pick election meet. Help school each bit author white cultural he.,144,#artlife #digitalart #artistsoninstagram #creativity,TRUE,08-12-2024,Web,de,2605,247,233,0.0597
e047d4fb-99e5-449e-a25e-80e2fdf290dc,67d586bd-4ed7-40b8-adfe-3ba6e47212d3,romerogary,Female,58,87385,2066,23-03-2017,FALSE,New York,Education,Become research sea answer third study though feeling term leave though community including. Hold wall know finish.,115,#learning,FALSE,04-04-2024,Web,de,4456,492,317,0.0603
44d6067f-b34f-4f10-bad3-dd2f26ee5a02,22683880-5c88-42cd-86a3-822c526d1a6c,stephen39,Other,39,4018,6442,05-12-2022,FALSE,London,Music,Pass travel trip painting sport enter many significant hear evening expert dream expect maybe free onto summer land least effect. While six live.,145,#musiclover #playlist #vibes #nowplaying,TRUE,16-09-2024,Android,fr,172,13,1,0.0463
161ab1b6-f248-4ec3-a59c-8003245a7ab9,b9ecfd59-b700-4669-b959-768d73609c42,meyersjaime,Other,18,51310,6348,29-09-2021,FALSE,Paris,Gaming,Newspaper example enter change when lose level ball others go fear away senior short prepare debate perform around allow. Number everyone almost.,145,#gaming #esports,TRUE,25-08-2024,Web,es,2615,149,175,0.0573
bbc1c330-efff-44b7-aa1a-0710350e9525,cebc179a-6c8e-4e36-b2d5-a2bef35bf903,bestchristopher,Other,53,65594,4480,22-10-2019,FALSE,London,Fashion,Huge rise change seat reveal gas moment when four price half garden Congress customer quality walk involve all. Technology already letter.,138,#style,FALSE,15-02-2025,Tablet,tr,3221,371,212,0.058
2676dd97-2e56-4ed8-9b0a-5ece035826bd,5789e940-5d7d-4ba5-b6c9-b8006712630f,curtis62,Female,47,58349,4359,28-03-2015,FALSE,Izmir,Finance,Say audience save spring once send gun instead bad ready our nothing save street year beautiful big thought maybe see language upon. Interview find fill large type member.,171,#crypto #money,TRUE,10-01-2025,iPhone,de,2897,311,195,0.0583
9626a0b6-108d-4928-8827-240f89dab8ab,df0f22b7-4ec2-4e56-9e73-ec79278fadf0,ayerskimberly,Male,44,98672,7528,07-11-2023,FALSE,Paris,Photography,Memory protect exactly left on hundred prepare site himself those remain administration. Republican hard gas outside heart money.,129,#dslr #snapshot,FALSE,15-11-2024,Android,es,4957,339,220,0.0559
11dd803b-e5a1-48bc-bd49-d432274fb523,44de37b4-93e6-4bbc-952a-ec9cfb6a918e,smithjack,Male,33,69774,6551,02-09-2015,FALSE,Madrid,Food,Everybody clearly discussion discuss role off. Many traditional talk firm.,74,#homecooking #yum #foodie,FALSE,08-02-2025,Web,tr,3482,256,209,0.0566
f884bdd0-cc6a-4c0d-8433-0595ad9423fc,e3ba7091-0a3a-440f-bad8-0f7c60185d8b,djimenez,Female,17,54216,7365,11-10-2020,FALSE,London,Fashion,Quite perhaps institution trip attack area attack then mother heavy. Machine late during necessary study.,105,#style,FALSE,26-06-2024,Web,es,2568,380,187,0.0578
ebe7a14f-b181-4f2f-90bd-9fbb4fb497cc,59ff0f66-3006-4bf6-96ed-5b251787620a,rossjacob,Other,22,26938,3704,04-04-2019,FALSE,Istanbul,Education,Run matter cold lay ten still able force energy billion us second public trouble difficult mean population study. Mr security record teacher.,141,#knowledge #students #learning,FALSE,27-08-2024,iPhone,fr,1370,69,47,0.0552
6845e458-1ab2-4cc5-a6b5-d049524c893a,f363e376-c84a-4a84-8509-3d5277afa3fb,paul54,Other,58,99396,2988,26-04-2023,FALSE,Izmir,Memes,Understand ten look believe bed data hand. Purpose across green hear environment war industry.,94,#memeoftheday #funny,FALSE,21-07-2024,Web,fr,4972,299,341,0.0565
1cced8e3-fad4-495e-b029-c3bb7578d915,2018103f-7887-4054-8c6d-d14e9afcc755,elittle,Other,33,51118,8678,18-05-2019,TRUE,Berlin,Food,Spring glass week very simply half cold budget nearly foreign theory southern. Speak mission relationship quality.,114,#instafood #homecooking #foodie,TRUE,18-04-2024,Android,en,2482,266,30,0.0543
7bbdb48a-0ec9-419b-9ba7-1331b3d671c7,18ae1b61-c806-4526-9af6-96aec6a62629,heidi68,Male,25,68387,4671,17-01-2016,FALSE,Ankara,Gaming,Wife network heart guess million thought tend. Leave serious concern Mrs wall best.,83,#gamerlife,TRUE,13-06-2024,iPhone,tr,3425,390,74,0.0569
051b53a9-5200-45c5-83f1-7beea8345ef1,40f3c240-646d-424b-a59e-e03c0a613000,gonzalezdarren,Male,30,21811,4628,20-08-2016,FALSE,Bursa,Memes,Mouth west begin through she run yeah whether assume. Term country camera parent staff.,87,#relatable #memeoftheday #lol,FALSE,19-07-2024,Android,de,1067,147,21,0.0566
f6abcae7-e65a-4314-85b3-6364ebc424b4,034a6227-ac1a-4f1a-b026-302db72158cb,lstokes,Male,35,55472,7012,19-04-2020,FALSE,Ankara,Food,Bill part have leg subject within suggest subject save big as fire line cover. Wrong fast husband cultural.,107,#homecooking,TRUE,21-04-2024,Android,en,2726,344,131,0.0577
e2db993d-69fc-48b4-8fac-0c8b3cb46ebf,2f744064-9fd2-4300-aa4b-3f759d6550da,vgreene,Other,47,24854,3005,21-01-2025,FALSE,Istanbul,Music,Third ground cultural approach artist development couple speak father last. Because Republican throw pattern thousand imagine pass.,131,#nowplaying #musiclover #playlist,TRUE,15-07-2024,iPhone,tr,1195,111,101,0.0566
c7325136-bd7e-4bb1-9398-7b8bce8402aa,7f961f5a-2ec8-4a68-8541-2975079fb395,richardatkinson,Other,58,65942,4235,03-02-2020,FALSE,Paris,Photography,Floor image style it see figure write field situation score contain opportunity. Image pass toward environment.,111,#dslr #photooftheday #snapshot #travelphotography,FALSE,18-05-2024,Android,fr,3312,265,205,0.0574
c469f91a-a4d5-4eb2-bb9f-90d74137aa3a,9686188e-1642-4928-8a75-7310bb06e1bc,scastillo,Female,21,50454,1028,26-06-2023,FALSE,London,Pets,Indicate range various true sound age will truth security. Real behavior arrive send style reduce.,98,#adoptdontshop #petlover #catlife,FALSE,10-10-2024,iPhone,fr,2568,277,65,0.0577
c0d4ed91-568d-4a70-bdf3-75b7bb22ce30,31c30cf0-c862-42b0-942c-4902e39e9da6,peter07,Other,25,93260,9373,05-08-2017,FALSE,Paris,Education,Civil economic son but movie individual me call reach. Green point color site structure nothing high.,101,#students,FALSE,15-05-2024,Tablet,tr,4551,454,421,0.0582
79c096ee-1296-430c-a51a-49c2d3c822de,960ba3be-d458-40af-83fd-c7f534ba792a,patrick49,Male,29,40940,8042,05-06-2016,FALSE,Madrid,Memes,More place market son remain second action notice cause son plan view. Manage set necessary lay region citizen.,111,#lol #memeoftheday,FALSE,31-03-2024,Tablet,es,2058,295,163,0.0615
38c953cf-b78a-4449-bea3-5866fadb1dba,b97e8187-73b5-457e-876e-81dd567ae64b,glee,Male,52,59379,457,28-12-2016,FALSE,Bursa,Photography,Whether produce tree environment fund management can source news. Certain glass far control.,92,#snapshot #travelphotography #dslr #photooftheday,TRUE,23-12-2024,Tablet,es,2958,291,30,0.0552
ff541355-f215-4bb9-82bf-44684c2dd94e,67972ded-1f7e-456c-8d2f-3a99af5c2a3f,kellis,Male,25,96117,6009,17-06-2017,FALSE,Izmir,Food,Former yet this sort age upon trial way human. Analysis need community very consider actually.,94,#homecooking #yum #instafood #foodie,TRUE,18-01-2025,Web,fr,4761,285,298,0.0556
bebdee37-4f6a-4c47-8d4b-9143ec2764f3,124e71b7-9dea-44a9-97d1-cdbdf39344c2,pvargas,Female,26,19211,8603,06-03-2021,FALSE,New York,Technology,Suggest though enjoy west human woman whom among often either base me rock. Form hot reach daughter behind home phone.,118,#future #tech #innovation #gadgets,FALSE,04-08-2024,Web,en,974,90,42,0.0576
0cfe4f17-6114-4b27-b0ba-7069a0e0a4b9,a8d99ac4-024c-4889-854f-f184906fe5fd,aguirrekimberly,Male,42,61994,1493,23-01-2022,FALSE,New York,Food,Source determine next most unit kind they girl recently treat party stop available hope where indicate campaign until successful age because best risk. New across evidence store everyone.,187,#homecooking #yum #foodie,TRUE,06-01-2025,Android,fr,3116,371,207,0.0596
ead3747a-9132-46e6-a276-35e43e5e34e0,e4689bf2-131c-4f69-9f90-ef7846f119fd,scott95,Other,44,99671,2722,18-12-2015,FALSE,Madrid,Pets,Total bag officer address meeting debate building return eight. Only wrong follow early collection responsibility face.,119,#petlover #dogsoftwitter #adoptdontshop,TRUE,17-04-2024,iPhone,fr,4878,616,193,0.0571
793e3307-4b92-4013-857c-9886079aa57e,92b5296e-ddfd-4d73-985c-bac655f6977b,fcarter,Male,27,69578,7296,25-07-2017,FALSE,Ankara,Music,Represent business least nor answer gun film campaign dream grow behavior save listen. Star former determine price.,115,#musiclover #nowplaying #playlist,TRUE,19-08-2024,Android,fr,3433,434,285,0.0597
a506d739-2047-4fdf-8245-29b0e50965ab,a932ab14-605a-4196-91c0-d11eafb82b57,arianadiaz,Other,53,81885,4243,06-08-2020,TRUE,Bursa,Education,Account news ten service identify phone security including son here produce or coach similar. Professional their city town response too set.,140,#edtech #knowledge #students #learning,FALSE,02-05-2024,Tablet,es,4030,332,301,0.0569
718e7dde-8918-4957-987a-fe956a595c57,5e00984e-44eb-4f4d-81d7-ac4f9d7c9308,christopherpittman,Female,60,81004,5865,15-04-2018,FALSE,Berlin,Photography,Despite early decide join member garden movement fear walk institution trade police maybe particularly human food necessary look especially exactly for offer. Chair discuss player ball local today.,197,#snapshot,FALSE,10-12-2024,Web,es,3982,466,86,0.056
5532ef00-4374-4d17-8b3e-a149533e625c,74a11ef7-acf0-4359-9530-7f01a339e32f,nolanjason,Female,55,87162,5193,18-06-2019,FALSE,Ankara,Art,Outside city me performance ever remain whole beautiful rate relationship fact money range work choose kitchen set stuff present. Peace interesting free environmental image skin author group.,191,#creativity #digitalart #artlife,FALSE,24-11-2024,iPhone,de,4245,352,372,0.057
5dfa4add-3fa0-4093-bada-ad9f7b86c265,36ec4607-b653-44b5-87da-9dc8e05acaf4,raymonddominguez,Male,52,36347,96,06-08-2018,FALSE,Ankara,Pets,Financial born idea morning interview very account speak not deal say stand. Strong how court also.,99,#catlife #petlover #adoptdontshop,FALSE,08-01-2025,iPhone,tr,1806,189,95,0.0575
83851ce6-4560-4c61-a5d8-c30896db868a,f5520570-de97-4951-8fef-d24052c55f8f,ryanpatricia,Female,23,87294,6949,16-10-2022,FALSE,Madrid,Fashion,Offer present choice two certain modern service social Democrat sign outside look improve any pick short job. Western source them.,130,#style,FALSE,02-04-2024,Tablet,tr,4271,447,233,0.0567
52b5d89c-21b9-4d66-8e70-d80de9e27283,e53c3813-1113-4cbc-8894-18cffa308460,nathanwheeler,Other,53,8388,795,28-03-2018,FALSE,Ankara,Travel,Account daughter travel network author take that just. Hear thing human would magazine.,87,#vacationvibes,TRUE,15-03-2025,Tablet,en,440,61,21,0.0622
8eb64c24-1696-485e-817e-c22ca4d6b59a,e138d5c0-4bfe-4829-8e4b-8de06dba357d,rebecca19,Male,55,60575,7610,03-06-2022,FALSE,Istanbul,Fitness,For evening thing generation one throughout American three. Talk use station idea red many answer.,98,#fitlife #workout #gymtime,TRUE,27-07-2024,Tablet,es,2969,328,133,0.0566
8b51a57f-8344-4fda-8f2b-0e93d4ffa41a,8b68c8cc-31cc-4c3b-b1f6-400c84101400,mosstracy,Female,54,61826,9851,17-07-2015,FALSE,Istanbul,Food,House recent soldier perhaps as out. Report start give know.,60,#homecooking #yum #foodie,FALSE,18-11-2024,Web,fr,3194,243,225,0.0592
0cfa4e8f-aae8-40cf-bc89-f05c51b6b115,e9c65982-3b63-4f51-89c3-979ef577021d,wileymichelle,Female,59,37151,1821,02-07-2020,FALSE,Berlin,Gaming,Sort hair amount wonder these we wide. News team purpose law themselves.,72,#gaming,FALSE,19-10-2024,iPhone,fr,1866,226,46,0.0575
fedb8ce2-3daa-4c76-bff3-ddabb692dcd3,8fa34d26-2ec1-4de3-9e11-0040fb2d0ec9,lynnjames,Other,41,83648,1047,29-06-2015,FALSE,Istanbul,Music,Become city consumer employee wall he local mention eye house knowledge participant. Story store bank.,102,#playlist #musiclover #nowplaying #vibes,FALSE,17-01-2025,iPhone,es,4236,443,108,0.0572
6886c4df-39e9-4de1-8923-ebb14bf2f757,ff8013c5-de9c-4207-9920-965f8f30c45a,brenda04,Male,24,62958,4164,19-07-2017,FALSE,Istanbul,Education,Recent visit parent ask low have check quality everyone benefit fill. Fund public investment every.,99,#learning #students #knowledge,FALSE,16-10-2024,Tablet,en,3119,334,159,0.0574
36092c3b-b7b9-4db4-9bec-50aca8e76b0c,d316f37f-ce9e-4fcb-928b-74fe8d372ff9,aaronmahoney,Other,52,96834,6499,03-06-2023,FALSE,Antalya,Memes,Mind pull each sister from now evening knowledge go sister old already affect for rise enjoy. Police fill worker it likely.,123,#funny #lol #memeoftheday #relatable,FALSE,27-09-2024,iPhone,tr,4843,681,233,0.0595
b7f51720-0fbe-41c8-800f-7137117b508e,5ebb683e-f772-4296-91c9-81a9f667b958,wnovak,Female,35,38097,7305,21-11-2015,FALSE,Istanbul,Pets,From improve nor week rise stop. Should teach approach if we.,61,#catlife #adoptdontshop,FALSE,21-06-2024,Web,fr,1844,129,159,0.056
aa6a9f6f-c6f2-43d6-9f22-8031db25d10c,cefe4857-101c-4612-8440-e0996cb681fd,howellsavannah,Other,37,77653,7472,06-04-2017,FALSE,London,Pets,Tend generation growth less by anything answer but four edge lawyer director explain which drive. Stand process reason low.,123,#adoptdontshop #dogsoftwitter,TRUE,26-05-2024,Android,de,3843,475,278,0.0592
2b72cfe3-cc5e-4a27-8992-cf72ab71e6d1,2c2879b4-1c3d-426d-923c-1c048296089e,russocasey,Male,21,63070,5162,21-08-2018,FALSE,Ankara,Fitness,Wall life matter husband billion garden possible rule maintain believe move then hear. People finish down certain happen.,121,#gymtime #healthylifestyle #fitlife #workout,TRUE,11-08-2024,Tablet,de,3088,428,267,0.06
df5486a6-027c-4599-8842-24a17dc0d725,81596968-538f-41dd-a9b2-f2d46a2da8f0,raymond54,Male,41,74527,1671,02-12-2022,FALSE,Istanbul,Fitness,Need street purpose old whose general section feeling. Gun maybe president I choice today most.,95,#workout,TRUE,08-03-2025,Android,en,3732,452,156,0.0582
a1ff9d92-99c1-4e1b-b9ad-f6c27aaae78f,409ae25d-a7fb-4836-a023-b6616becb60b,wellszachary,Male,52,26380,7049,15-12-2021,FALSE,Ankara,Gaming,Physical brother cover cold degree save skin point know feel let edge. Young know respond effort without prove major speak.,123,#gaming #gamerlife #twitch #esports,TRUE,01-02-2025,Web,de,1302,156,83,0.0584
e4935f29-fb8a-4472-a504-255dd34bdaf5,1a8a5432-6a5e-4fd3-949b-cb5ab5d49c98,ythompson,Other,20,33487,4187,17-06-2015,FALSE,Paris,Books,Wind buy glass floor future among require material exist research. Also left course station beyond back.,104,#literature #readmore #reading #bookworm,FALSE,02-08-2024,Tablet,en,1653,122,96,0.0559
bcf1882c-ce68-4162-9afa-b99dacbc1681,2d425f5c-b261-4802-9f0b-d2e7650b0023,david86,Male,58,12695,1521,12-12-2015,FALSE,Ankara,Fitness,Question probably always bit see vote least so especially almost myself red concern more finish better tough choose see half special door. Side type interest I economic your so.,177,#fitlife,FALSE,25-09-2024,Web,tr,616,38,18,0.0529
c7cf0489-9f09-451a-a036-bd7f6c15a29a,42d5bf5b-6d30-443e-aab0-c22873d51f02,oreese,Female,30,26308,1254,16-11-2019,FALSE,Madrid,Books,Happy purpose green money imagine major lawyer car Mrs. Single whom discover generation blood.,94,#literature,FALSE,03-06-2024,iPhone,de,1344,98,46,0.0566
bb1d2915-3b15-42f3-807d-de00134a1420,57a0c29e-9203-4251-975f-ecd4fe28779d,carolberry,Male,25,27859,6850,18-09-2022,FALSE,Bursa,Fitness,Account evening another life tax close play wish dinner if public different look. Increase shoulder this week environmental white cultural.,139,#healthylifestyle #gymtime #workout #fitlife,TRUE,12-01-2025,iPhone,tr,1390,103,77,0.0564
d2299242-2247-4383-bcf1-def4abc950fd,3ad17a4d-22c4-4cdd-8f55-3c6d926c4d87,smithchristine,Male,43,72520,2138,17-10-2024,TRUE,Berlin,Music,Professional trial purpose direction hair pick. Night check station message window garden.,90,#musiclover,FALSE,04-12-2024,Web,tr,3600,245,53,0.0538
709583cd-9133-468c-bf26-b7e0b6822209,3026b520-5651-4599-a98e-f20ddb410419,operry,Other,50,16828,491,04-01-2025,FALSE,London,Politics,Down role special watch remain son center media shake hospital. Billion special public whatever someone coach enough price.,123,#news #election2024 #politics #worldnews,TRUE,23-07-2024,Web,tr,803,78,66,0.0563
ef7077f1-a8a7-4026-868e-63e6895793cf,8e8e855c-8660-4058-a77d-883cf51febd8,weaverjoseph,Female,60,79365,4687,31-07-2023,FALSE,Paris,Politics,Source bar board majority politics nothing without successful special tend hour serve five. Pick evening trip record Congress.,126,#news,TRUE,11-12-2024,Web,tr,4094,492,359,0.0623
ba8fa299-8d64-45af-bed1-87f4419405a9,0c639713-bf7e-4b29-82a6-70dfcb8858db,raymond12,Female,35,74928,8472,15-09-2020,FALSE,Bursa,Technology,Exactly under body best significant mother sure toward garden degree TV could. Reach certain deal.,98,#future,TRUE,03-02-2025,iPhone,tr,3629,197,76,0.0521
c30fac13-e17e-4d05-a692-ef74ada5833f,cdea37e1-ffc5-499a-b622-dbafd3ca2577,lonniegrant,Other,23,63677,1210,25-03-2017,FALSE,Madrid,Photography,Beyond or know week investment feeling between single evidence market bag high care agreement avoid product during drug environment. Tonight born kitchen must.,159,#dslr #travelphotography #photooftheday,TRUE,08-03-2025,Web,de,3196,231,287,0.0583
4b81b5b4-7c49-4611-819f-34c38f872c94,44ce5aa7-6e32-47d7-8322-6776b4adc9a2,ellen86,Male,41,6052,9869,05-11-2017,FALSE,Bursa,Music,Activity ability loss sing turn light lot run action instead professor itself will down. Help science health low pressure ready assume.,135,#vibes,FALSE,28-08-2024,iPhone,tr,281,20,9,0.0512
9d151f27-69dd-4a1e-a926-81079882f302,eabd8663-ee37-4795-b4aa-c3667c1ba704,dominicturner,Other,25,70571,4596,10-08-2023,FALSE,Ankara,Health,When material among nation suffer house any feel may sport develop difficult still. Hit father foreign hundred.,111,#mentalhealth #wellness,TRUE,13-11-2024,Tablet,fr,3472,201,309,0.0564
9eef9fe5-680d-40b4-9c8f-16ff90a70ffb,a644dc76-f655-4f92-83b8-a4f526b10713,natalie87,Female,33,32739,9245,07-03-2024,FALSE,Madrid,Health,Level body party husband follow town sell participant after six economic something almost north report main administration fear. Sport your relate other radio but.,163,#healthtips #mentalhealth #wellness,FALSE,15-04-2024,iPhone,en,1592,92,71,0.0536
f642dd62-c519-4f94-9f96-a9f251dc6aec,643faa83-4752-4106-b810-4174e0129df1,lmorgan,Female,56,14357,8000,23-02-2020,FALSE,New York,Health,Next between however nation often let action everyone brother forward. Attack eat top rock sit.,95,#mentalhealth,FALSE,30-07-2024,iPhone,de,731,105,61,0.0625
36850f61-02fb-48d9-8592-a557d8aa5fe3,a9e6d681-855e-4ae4-8bed-dfdcdc685b25,bryanhamilton,Male,25,67117,8838,19-05-2022,FALSE,London,Finance,Husband about company interest same series nearly member happen everybody action. Discussion significant happy discuss me fear radio perform.,141,#crypto #stockmarket #money,TRUE,21-04-2024,iPhone,tr,3332,296,281,0.0582
6e62ff40-4ef4-4123-8126-a8b6a2a418f8,8621cb7d-deae-425b-aa73-e8f5c84289b3,kyle08,Female,36,19964,2629,19-01-2025,FALSE,Berlin,Politics,Impact large those for. Lose full effect off.,45,#news,FALSE,13-01-2025,Web,en,988,73,32,0.0547
2a5a7b3e-28f5-4484-a4eb-d4c10bf92de4,6f83ec6e-9f89-47b5-a327-466c07723750,vaughansandra,Other,20,62785,6423,09-02-2019,FALSE,Bursa,Technology,Business then same fight traditional share character myself country number happen week on lot official use fund. Law manage manage tax recognize court generation matter.,169,#gadgets,FALSE,07-03-2025,Web,es,3130,315,196,0.058
af69e52e-5fc7-4d8c-8258-58621c03e00f,48ba7ccb-4697-4c53-bd3b-3a4db25a4c17,bradleyhenry,Other,34,17660,7601,16-09-2018,FALSE,Izmir,Gaming,Throw field can travel recognize above behavior hot must discussion play new. Decade large next boy newspaper shake.,116,#gamerlife #esports #twitch #gaming,TRUE,23-08-2024,Web,de,880,118,60,0.0599
3c63d478-d2f3-48f7-957f-51671f8c31e0,1f36812d-dda5-4b62-bb88-3b437f486e62,madkins,Male,34,50593,6829,28-07-2021,FALSE,Ankara,Gaming,Let project tax act evidence financial walk prevent research onto respond put property do bag several set and difficult enough social security reveal. Four sense matter woman yes future single.,193,#gamerlife #twitch #gaming,TRUE,15-07-2024,Web,fr,2567,243,109,0.0577
76f499e9-fa84-4c04-834c-3820dcf6330e,5db952fe-f7c1-4970-84a3-10369e9e2949,mariahdavis,Other,29,34788,9423,29-12-2018,FALSE,Istanbul,Fashion,Exactly mouth amount field their keep soon such must yard hit task suddenly class anything. Single on vote stage responsibility federal local story.,148,#fashionista #style #ootd #lookbook,FALSE,29-04-2024,Tablet,es,1705,129,81,0.055
d68aaa69-63de-4d82-a318-427898406c2f,14d0a90e-ea93-4c3f-bc7a-1524dd62d4de,sara06,Female,43,34395,926,14-02-2022,FALSE,Bursa,Travel,Anything well office hot thing gun purpose go game change north lay coach raise. Fast full wall quite serve.,108,#vacationvibes #wanderlust #travelgram,FALSE,31-10-2024,Web,de,1706,108,153,0.0572
1902cbd5-1069-4907-bbb5-efd6b97c6265,2a2406a3-525d-42fe-9bf0-94fee34f905e,twatkins,Male,59,12142,2429,24-09-2016,FALSE,Paris,Politics,Participant election rate more. Score activity its rich rock consider.,70,#news #election2024,FALSE,19-02-2025,Android,en,646,47,11,0.058
6db400d6-1065-4c34-a29e-3c4982a5928d,ab1ce381-4de9-4cb6-b38f-9f4c868b1575,phancock,Male,42,32870,9131,19-09-2021,FALSE,Antalya,Art,Attack mind use site live person television third three keep hear American pressure notice throw image heavy market operation. Attorney size area just draw group.,162,#creativity,FALSE,09-05-2024,Web,es,1587,202,116,0.058
52554cc9-d7ab-4ec1-9940-1620aaf3fb40,0b1c7204-266b-4c62-8b03-d12a8f3bac56,jenniferfreeman,Female,23,37928,7729,22-04-2019,FALSE,Paris,Art,Others common produce allow much too trouble explain clearly cover walk drop skin democratic operation discover evidence against husband remain agree summer. Not window remain quite able partner.,195,#artistsoninstagram #creativity,FALSE,29-11-2024,iPhone,es,1912,188,191,0.0604
757ab417-655a-46a5-bb64-b3c52111ba08,d16f7254-53a8-4e62-ac26-90dfa202e50c,brandon08,Other,45,86300,6820,09-03-2020,FALSE,New York,Gaming,Course join they follow cell figure carry. Drug resource any size technology enter.,83,#twitch #gaming,TRUE,12-10-2024,Android,fr,4233,281,163,0.0542
5e323836-e8c1-4f45-8fc9-369f2b68ba19,f605c73b-8b12-42e7-9661-ef9de5469d86,gillronald,Other,17,25376,8831,19-08-2016,TRUE,New York,Books,From mother sister future blood which place share minute act coach glass financial century soon. Easy know set few car four.,124,#reading,TRUE,31-03-2024,Tablet,tr,1281,100,28,0.0555
c61e8ac7-c2d0-4e6b-9e6c-f1d949f246d4,80b3ef71-79c1-4f24-be59-e5849d3b9bac,clarkryan,Male,47,43869,6416,29-12-2020,FALSE,Madrid,Food,News wife interest morning whether name agree Congress director operation candidate business thought true alone tonight perform response. Nice who two week simply product.,171,#foodie #instafood #yum,TRUE,15-10-2024,iPhone,de,2262,191,190,0.0602
95051447-5034-4f2c-b233-12636c0baee1,1470984a-f6b2-4809-b2d7-1db880d3737a,lmaynard,Female,37,60522,8413,10-07-2024,FALSE,Ankara,Art,Not since city those market step record edge church finally gun impact. Stage listen project hot feel interview doctor.,119,#artistsoninstagram #creativity,TRUE,09-01-2025,iPhone,en,2962,210,284,0.0571
e0dac6b4-a277-4679-952a-d8133faa65a1,a84c079d-ae2b-4469-a67b-88824da69b9c,sylvia33,Other,18,20384,5381,02-11-2022,FALSE,Ankara,Politics,My media likely affect bad among money fine range change again race room. Bank thought guess.,93,#worldnews #election2024,TRUE,09-08-2024,Tablet,tr,995,85,93,0.0575
00447df9-acb3-40f2-be4e-cdfefe59a031,03075781-0a48-4bfa-9d66-a66ff73b6ac1,dawnmartinez,Male,33,10609,581,06-05-2024,FALSE,Bursa,Music,At every marriage case ten attention than especially. Capital letter practice adult best commercial.,100,#playlist #nowplaying #vibes,TRUE,09-12-2024,iPhone,en,549,58,22,0.0593
338f4d98-ab70-491e-bbe5-c0ace57fccf0,a7b0c10f-254c-4b97-a031-2eec5067861b,yvelasquez,Male,37,13241,8850,16-02-2021,FALSE,Berlin,Gaming,Language every stay discover return area movement short factor myself voice country add. Medical management top read democratic movement.,137,#esports,TRUE,25-11-2024,Web,tr,650,85,48,0.0591
3fc0d9a0-9e1c-45be-94f3-02615b29cb92,1b340c01-6134-4e4c-b04f-e397d1228fe7,brownleah,Other,21,87401,712,15-03-2020,FALSE,Antalya,Fashion,International somebody ten friend within child care magazine. Score mother matter between plant.,96,#ootd #style #lookbook,TRUE,22-03-2024,Android,es,4276,358,354,0.0571
a46ae99d-5458-4ddf-a8a7-70908f206470,24fb4a66-9cd3-4de4-a8de-754e79ee1cc6,tammy53,Female,32,77185,9657,22-09-2021,FALSE,Madrid,Memes,Half reveal not many wonder wish protect agree can available candidate budget none. Rich good draw relate wide last about.,122,#relatable,TRUE,02-07-2024,Android,tr,3778,237,42,0.0526
302ffd39-dbec-47bc-86bb-cdf116043c51,611efce6-f8e6-4b2b-9a2d-47b24eadf498,johnsonlacey,Other,21,16236,8646,21-07-2020,FALSE,New York,Education,Positive culture live future claim travel gas who place head follow by investment. Soon position bar own wind.,110,#edtech #students #learning,TRUE,06-03-2025,Tablet,tr,839,114,54,0.062
8c6ea904-d537-40c1-b944-a66c78d9597e,d6ddb9af-6b9f-4b7f-b836-08a0e7643d35,zbell,Other,58,91204,351,06-01-2025,FALSE,New York,Fitness,Free view few teacher yet white trip federal specific step old citizen candidate over military nation. Concern president weight whose.,134,#workout #fitlife,FALSE,10-03-2025,Android,es,4504,357,137,0.0548
b949ab91-002d-4f2c-b17a-789740ad54e7,7db2ad36-8138-4d39-8ec5-93d2d8ac6be5,karlwilliams,Female,18,13842,8175,21-12-2024,FALSE,Istanbul,Gaming,Road dog under its smile lose think election course figure picture garden fight to million close window heavy. Book tough sell surface development million put.,159,#gaming #gamerlife,TRUE,05-04-2024,Web,de,709,43,15,0.0554
4d6f551b-ba55-447e-9f89-923c14dab687,778706f9-4f30-4552-8686-cebda6c872a1,andrew44,Male,25,23977,608,10-11-2021,FALSE,Bursa,Health,Party number several difficult up positive political by likely ten which phone return. Expert over industry great direction indeed explain.,139,#wellness,TRUE,24-05-2024,Tablet,tr,1219,78,105,0.0585
41a0426a-c9a5-42aa-815b-030d85f0c3f9,6dcb0cb3-6fed-4f99-a1fa-50e601ca785e,hernandezwhitney,Female,42,41369,9695,12-05-2017,FALSE,Ankara,Gaming,High single really catch hand order type determine site discuss other be whatever. Window treatment quickly chance drop want box least.,135,#gamerlife #gaming #esports,TRUE,01-02-2025,Web,tr,2034,179,127,0.0566
181047c8-4030-4b67-a3a5-13c4b5ec9ccb,c6a40bff-6e09-4a5e-b54e-ddbf47f3898e,ymccullough,Other,51,17690,3589,20-08-2021,FALSE,Antalya,Books,How treatment else whether foreign occur small. Plant miss call.,64,#readmore,TRUE,12-11-2024,Tablet,de,854,84,52,0.056
a9fd4641-b4b6-4644-8bcb-192eddf0debc,813f87f8-4bf3-4cc1-9718-268ae2f1dcc0,lisarandolph,Other,44,34999,6686,14-04-2016,FALSE,Istanbul,Pets,Design form month say large fill citizen. Pm street while positive follow individual indeed.,92,#petlover,TRUE,14-12-2024,Android,de,1760,97,61,0.0548
7670ac6b-9f5f-43ba-8571-75c89e6da323,cff68744-e144-4f82-9c8d-0b5984a5814b,melodypacheco,Male,44,19456,2116,25-03-2015,FALSE,Ankara,Memes,Skin something bar good tell after collection issue tree score let single idea action rest century. Administration also will area feel law attack.,146,#funny,TRUE,09-02-2025,Tablet,tr,969,112,20,0.0566
4ccfeeb2-efc1-4a6d-a7b0-5a597807e14c,d94d8151-3a3c-47af-8753-fc467e7a5136,ismith,Other,41,32547,8069,07-08-2024,FALSE,Antalya,Politics,Feeling later major success relationship fish probably appear TV compare eat hundred manage century. Same kitchen hair tell.,124,#news #worldnews #politics,FALSE,27-10-2024,Web,de,1580,82,70,0.0532
b73026f0-bc76-44c7-9244-87d274d1723f,d8d4b31d-a096-47d9-9af2-6fa257b376f6,nicholasrush,Other,19,85782,4198,26-04-2017,FALSE,New York,Education,Perform figure discuss off onto everyone table school public. Social read company light.,88,#edtech #students #knowledge #learning,TRUE,14-12-2024,Web,es,4290,631,358,0.0615
ec843acc-8825-4bf9-a19f-b1e4f0c24b22,3fef78be-cc20-4325-a4b5-981f0451efc2,davissamuel,Female,26,748,5697,27-10-2017,FALSE,New York,Travel,Free cup still step better determine after loss everyone eat together quickly. Congress discover financial.,107,#wanderlust #explore,TRUE,11-02-2025,Android,tr,49,2,3,0.0722
1a5e7514-156a-49ca-8ad7-12a22ef6e410,d69f1a56-8139-4e21-a84c-fea2d01b6bb0,brentstein,Female,50,94759,4747,21-01-2019,TRUE,Paris,Health,Check serve value against now hear research learn area. Get food authority answer eat.,86,#mentalhealth #fitlife #wellness #healthtips,TRUE,10-05-2024,Android,en,4778,305,333,0.0572
831ad17e-2086-4d74-bd88-11a52d402786,b9e0a971-e464-4a22-b959-c3a80e6be86e,carterdennis,Other,58,92913,2564,20-11-2019,FALSE,Ankara,Food,Benefit agreement remember hand ground move material sound what environment. Event charge positive.,99,#yum #foodie #homecooking #instafood,FALSE,11-12-2024,Web,fr,4688,404,208,0.057
5e8336e8-c2ec-43ba-9d76-cc2d658ac042,72b879c3-d652-4861-b5e1-5758af2dac32,renee57,Male,28,36331,1896,10-06-2024,FALSE,Madrid,Music,Watch hotel author order choose spend task capital discussion song along main might only such state run. Tough glass sea role financial which.,142,#musiclover #nowplaying #playlist,FALSE,16-03-2025,Web,es,1826,150,157,0.0587
aacc6d3e-a4c9-4270-be25-77a224370f3f,92392031-e2a3-45ef-abee-e9315d6e34ca,jenna86,Female,45,50059,9951,18-03-2018,FALSE,New York,Photography,Pattern themselves body reality teach finish many building use. Something community method power wonder important.,114,#photooftheday #dslr,FALSE,26-03-2024,iPhone,tr,2492,274,91,0.0571
e32e9922-f066-4cfa-9db3-b19a06936815,00871eaf-2e02-4c2a-9806-8216d2acb89e,halenicholas,Male,50,53532,6227,23-12-2024,FALSE,New York,Finance,Build improve suddenly avoid prove movie half way item firm across single leader vote. Among child fire none history speak.,123,#crypto #stockmarket,TRUE,04-12-2024,Android,de,2776,395,249,0.0639
1ee29a16-50cc-4736-bc04-3ddabdcf7066,b4ebeb95-3fb6-4865-a038-2fb31932fb5e,ostokes,Other,46,91912,5052,16-08-2019,FALSE,Bursa,Music,Other leave back couple democratic who agency value among she also analysis trouble. Run support run outside magazine message.,126,#vibes #musiclover #playlist #nowplaying,FALSE,30-09-2024,Tablet,en,4586,306,422,0.0578
2b725e0f-f621-4614-a460-c86ecb4462b9,6ffa7801-0c83-4c14-8a08-6b8c6d221459,amystewart,Female,34,53995,8454,10-02-2017,FALSE,New York,Photography,Better order although son time prevent history during mission imagine meet remain safe become stage. Usually us animal go along option.,135,#photooftheday #dslr #snapshot #travelphotography,FALSE,27-07-2024,Android,en,2631,378,205,0.0595
770d378d-0f04-4ee1-bb30-ec7a1129522e,7cb870ad-1b4f-40cf-85fe-6337d7c8bb25,michaelanthony,Other,18,49432,9856,25-11-2024,FALSE,Bursa,Pets,Serve movie civil long model activity we research church ability point network pull want face child cover decision. Executive letter development right sit where.,161,#catlife #petlover #dogsoftwitter #adoptdontshop,FALSE,14-06-2024,Web,tr,2536,280,146,0.0599
3c92f4a8-fa99-4dad-abad-f77077488ff2,4433ddde-1d3c-4c85-a150-9263511e098b,gonzaleztodd,Other,39,25482,5783,25-04-2015,FALSE,Ankara,Photography,Shoulder page weight minute out. Write he political get exist nature in through.,80,#photooftheday #snapshot #travelphotography #dslr,FALSE,29-06-2024,Android,en,1283,173,105,0.0613
88efe77b-4a99-462a-abac-f2ad786b8b37,916c382f-8aab-4ffb-9e75-1f0d55313dc6,brian01,Male,59,42598,9486,29-10-2021,FALSE,Berlin,Fitness,Lose nor want her middle individual head than front man big interesting great animal protect. Start debate field unit become any.,129,#fitlife,TRUE,18-11-2024,Web,tr,2031,172,174,0.0558
8b939794-e71c-4603-917a-3c1f277956e0,3289210c-aed1-43ad-9a49-76f26970faea,barnettlindsey,Other,18,26838,5926,05-04-2022,FALSE,Ankara,Travel,Decide use administration allow glass strong get former social drive. Region lot drop quality between manager newspaper.,120,#vacationvibes #wanderlust #travelgram,FALSE,01-05-2024,Android,de,1377,69,56,0.056
3d68212e-37eb-4578-8c5c-0060fd8ab897,466b428f-7baf-4023-acc2-0ac5af04bcf8,hamiltonkendra,Female,16,93584,291,11-10-2023,FALSE,Bursa,Food,Situation style blue executive lose child system century professor catch heart stand front agency around garden operation all year result program only nearly decade suggest. Piece down member career help hot.,208,#foodie #instafood #homecooking #yum,FALSE,25-03-2024,Android,de,4646,477,359,0.0586
79090e07-f4d9-4174-b7f4-71f5e74557c5,7f879a77-60f5-4ca0-a2e5-25bb6a1ad19c,maldonadoderrick,Other,32,81335,5857,30-07-2024,FALSE,Paris,Gaming,Sometimes sign eat detail provide agree oil fact fine past peace. Worry man wind everyone join.,95,#esports #gamerlife #twitch,FALSE,26-10-2024,Web,tr,4073,437,323,0.0594
1f546a96-7131-48ae-8441-ffd1d8b8fbb7,ff6ba2ee-1d82-4251-b5bc-8d331bd67089,ocollins,Male,47,54374,1422,28-01-2021,FALSE,Izmir,Pets,Which include wrong including hold mention market crime between paper help certainly choice sing place argue coach economic can to expert head sea later summer. Continue bad hard nor.,183,#dogsoftwitter #catlife #petlover,TRUE,05-04-2024,Tablet,fr,2695,331,232,0.0599
c43d1527-7a49-4dd3-b2c0-d2ddc9e41f37,5bcf3cd7-58d7-4428-85e0-b2b6910a0e8b,williamsdevin,Other,38,43841,5216,14-01-2020,FALSE,Paris,Music,Bill might pick sign medical traditional front include issue report song sure design camera money family every play. On high create.,132,#playlist #musiclover #vibes #nowplaying,TRUE,21-04-2024,Tablet,fr,2226,308,128,0.0607
982eb4bb-1d07-4b2a-8824-2b2a45967267,dc3a6c1f-c069-4812-a4ec-b0741b00fb56,christopher70,Other,36,36339,4586,29-06-2021,FALSE,Antalya,Health,Cell hospital follow necessary speech tax few choice certain son else new economy name hotel right each left left feel. Difficult available structure.,150,#mentalhealth #fitlife #wellness #healthtips,TRUE,01-05-2024,Tablet,de,1780,224,34,0.0561
b7969b65-be6c-42ea-b2eb-153b35948f05,21e4f01a-fc72-4b80-8f95-afc2ad867bb3,madisonbrewer,Other,27,70783,479,06-04-2017,FALSE,Madrid,Gaming,All check quickly piece speech turn small page eat off according be enough us small them. Street buy big oil son by firm.,121,#gaming,TRUE,13-08-2024,Android,es,3466,466,313,0.06
4b481936-5f83-4672-b54a-d82d45da8585,1f6aa1d5-7504-4559-9315-8a02241375d2,david96,Other,33,48247,6459,25-06-2016,FALSE,Ankara,Health,Central field main nice protect deep as and energy exactly cup attorney billion want yourself none billion act work TV. Church player knowledge onto able.,154,#mentalhealth,FALSE,19-07-2024,iPhone,en,2412,232,61,0.0561
96f318cf-7b13-43a9-a2cc-4724a20e6178,bc138448-3b59-4978-953f-a6491a6f699b,kcooper,Male,48,19648,1279,06-10-2023,FALSE,Ankara,Fashion,Although guess ability seat society southern total law fast stage learn defense against bit speak government treat even listen watch check foreign. Outside so lawyer environment development tax visit.,200,#fashionista #lookbook,TRUE,01-07-2024,Tablet,es,1034,117,28,0.06
dd43634f-4296-4cb5-9342-cd880f791f55,c2cece8b-60a2-4131-9585-df0ad20b7c31,xwhite,Female,50,93932,5846,30-11-2019,FALSE,Paris,Memes,Peace oil TV moment about wall east. Remain hotel wide past.,60,#memeoftheday #funny #lol,TRUE,23-04-2024,Android,en,4712,500,151,0.0571
45efbfa4-64c6-44e7-9eff-68c2c756b520,8b2afcc3-606d-4dad-a198-1a476db0ab0f,janet80,Female,16,79894,206,13-08-2016,FALSE,Paris,Travel,Staff identify feel above history difference interview speak go. Reflect news girl understand.,94,#explore #travelgram #wanderlust,FALSE,21-08-2024,iPhone,en,3920,439,209,0.0572
5cf4b6b1-c702-43f9-ab35-6677574452ce,4ef51373-d5c4-4880-8c14-5961c9892203,rebecca88,Other,59,35924,9280,18-05-2019,FALSE,Paris,Books,Because student ball you owner popular far skill close difficult also use. Article kid week.,92,#literature #readmore #bookworm #reading,TRUE,22-08-2024,Web,en,1796,191,134,0.059
fc99ebd5-3829-466a-981c-08c2b510630f,03525978-9d9a-46d9-8e07-86e5fd496e66,angela72,Other,35,78794,7323,16-06-2020,FALSE,Paris,Travel,Outside theory her player on million even education attorney activity. If blood write TV lay.,93,#wanderlust #explore #vacationvibes #travelgram,FALSE,17-09-2024,iPhone,fr,3820,553,204,0.0581
a478e4a2-c6fe-4068-889a-9546256f9b8e,e7d27ac1-5a6a-4de4-aeb2-6eb4370a0cc2,erivers,Male,55,23644,5620,19-07-2022,FALSE,Madrid,Gaming,Send know wear she develop lose off finally. Speak staff various know billion.,78,#gaming #twitch #gamerlife #esports,TRUE,16-03-2025,iPhone,de,1151,149,35,0.0565
1d0e5382-e558-43bb-9a69-64516fb7fc97,5192d525-0f18-4497-bb10-3fd6afda2352,marissareid,Male,46,665,6021,13-05-2023,FALSE,Istanbul,Technology,Kind off serve strategy yeah everyone age two environmental family. Free option language dinner do product.,107,#innovation #future #gadgets,TRUE,15-07-2024,iPhone,de,28,2,0,0.0451
f5a75e9f-5520-4fed-9e96-cd9caa5e8adb,e945c5b2-a356-407f-872d-132ee25653f0,aaronsmith,Female,41,79411,3061,19-07-2024,FALSE,London,Memes,Room world understand hear class nothing board simply ago decision doctor during ability view area pay someone on his. Woman Democrat history born science local.,161,#funny #relatable #memeoftheday,TRUE,05-02-2025,Web,de,3982,221,223,0.0557
c306bcb5-d79a-4302-8e4e-193d4b05c9a8,67096b61-3272-4d4b-91f1-8728e4b25741,fordkathryn,Male,27,98046,5313,11-01-2024,FALSE,Madrid,Finance,Dog yes describe nothing field into tree event manager reveal upon cultural second nice give moment tax wide during perform tend probably. Network professional end back understand drop.,185,#money,FALSE,29-10-2024,Android,de,4962,435,51,0.0556
0fe3cadd-ac8c-4a95-b751-e733188c016c,8f5da4f0-3cb9-46f4-a470-e94378ebbc18,amy29,Female,47,21902,6254,22-06-2023,FALSE,Paris,Food,Social thus loss participant key almost. Half next big.,55,#foodie #homecooking #instafood #yum,TRUE,21-02-2025,iPhone,tr,1097,155,85,0.061
a1b08bc2-7896-46f0-8f71-97e28033697c,6a276ae8-1ee3-4c47-a337-70cfdd69b68e,shawn52,Female,33,60689,9175,07-07-2021,FALSE,Berlin,Finance,Station leg by thing building carry agency recently onto partner various he enjoy few. Standard movement other administration voice.,132,#money #investing,TRUE,02-12-2024,iPhone,fr,3019,179,232,0.0565
cff36c9a-45ff-41cb-a25d-052228a6a9f1,83584dd4-180f-495c-995d-e586910a48dd,kfrye,Other,58,96816,9435,24-11-2022,FALSE,Izmir,Travel,Position guess above them out down product little style between must house west on character focus page system area agency under hope approach answer bag when. Project seek bar force.,183,#travelgram #explore #wanderlust #vacationvibes,FALSE,17-04-2024,Tablet,en,4760,610,439,0.06
6cb7dfd6-515b-4a62-8211-ac2bfc5e76ea,b55d3cd4-b94e-487b-bd51-85d9612316f3,dgonzalez,Other,56,82783,4301,29-06-2022,FALSE,New York,Food,Audience one court election education side perhaps method cause because. Ability pull new cause shake.,102,#instafood #foodie #homecooking,FALSE,12-10-2024,Android,tr,4116,531,389,0.0608
4597bc60-d0ff-4098-a063-b946b7a8da3e,1162f94f-7726-49c2-b2f4-248b18e628dd,bconway,Male,26,24488,9772,16-03-2019,FALSE,Paris,Technology,Program heart of anything quite wear tree star system long cultural usually available enough energy by put want. We each yeah task voice wide right.,148,#gadgets #tech,TRUE,16-04-2024,Web,fr,1239,132,41,0.0577
dfc7c0f8-7c4a-45bb-9603-e5558b05df80,f0794f43-c101-4b9a-9a69-5a40c122792c,jose24,Other,43,81841,8337,25-08-2015,FALSE,Izmir,Finance,Catch write sign morning carry cause improve seek money worker state business. As picture window development ahead couple.,122,#stockmarket #money #crypto #investing,TRUE,29-06-2024,Web,es,4133,577,221,0.0603
44c00dbd-8045-48d6-a043-36e6b2d61bd6,0f75be86-610c-45b5-9cf0-211097df57e7,cardenaskaren,Female,40,46205,6915,30-06-2020,FALSE,New York,Education,Real job draw medical first personal opportunity including leg event student challenge sit project. Safe probably within cause tonight chance thought.,150,#students #edtech #learning #knowledge,TRUE,26-01-2025,iPhone,fr,2270,273,211,0.0596
d598177d-eaec-418f-9808-1dc28fc983e5,4014b0c1-5539-4674-a020-ea7396c5cf0b,carneycharles,Other,47,44982,3533,02-01-2017,FALSE,Madrid,Technology,Source treatment company thousand drive on painting person fly team view fine trade increase. Election raise everything which soon.,131,#tech #innovation #gadgets,FALSE,04-01-2025,iPhone,tr,2294,332,150,0.0617
627ebd72-0dd8-4d3e-a879-dcae02102255,71a9e110-679b-4030-9aa3-27d7c28c494c,torrestravis,Male,48,35904,1914,13-11-2016,FALSE,Ankara,Education,Investment region my medical the this avoid situation development animal election painting mind fly. Look subject fish girl push site argue.,140,#edtech #knowledge #learning,TRUE,23-11-2024,iPhone,de,1814,135,79,0.0565
056b3cfc-04bc-432f-b225-d651a4453317,3263f963-12ab-48e2-9149-d3281592e758,luisjohns,Other,36,19627,1513,09-07-2017,FALSE,London,Politics,Recognize cold loss look particular commercial green better charge require entire hope dog. Break condition right however.,122,#worldnews #news #politics #election2024,TRUE,26-12-2024,Android,fr,934,46,10,0.0504
00228c4d-06de-40cb-9299-7ad79c02f740,f99b6c83-2938-4ef6-97be-6a70fbd282a9,deleonkimberly,Other,59,90517,4450,18-08-2015,FALSE,Madrid,Technology,Describe couple meet authority. Compare floor price.,52,#tech #gadgets,FALSE,03-11-2024,Web,es,4571,418,220,0.0575
debcba3a-a23d-4314-8fa1-3ea9894e1d29,7de91949-3b63-4a3a-9678-e2d78bc21a20,jacobsmary,Female,42,28213,1414,08-05-2023,FALSE,Ankara,Music,Week life dinner lay true number own grow major often shake attack which. Effort later radio available.,103,#nowplaying #musiclover #vibes #playlist,FALSE,22-09-2024,Tablet,tr,1451,78,123,0.0586
5f4af889-1877-4326-804b-4e939803eb51,e670598a-a28b-48eb-9b7c-dc2a10f6f87d,james64,Male,17,47274,3312,26-12-2023,FALSE,Izmir,Food,Would white lay despite month chance great when leg issue billion half new room civil debate. Myself gun what.,110,#homecooking #yum #instafood #foodie,TRUE,01-04-2024,Tablet,es,2388,161,105,0.0561
3c2afce4-68a4-404c-8655-40270535b139,0ce4313e-7545-4a13-818d-f22d9ac6ec8a,nicolejones,Other,47,21975,2118,04-04-2022,FALSE,Bursa,Travel,Record official coach education point cause letter which stuff commercial book thousand raise miss dark commercial kid respond word several fact give. Able card ask last.,170,#vacationvibes,FALSE,28-03-2024,Web,fr,1078,139,58,0.058
46faad08-4318-4624-be5e-969060574b2a,31519568-5b0a-4a2a-9231-f836eb74117c,smejia,Male,27,53274,1896,10-06-2022,TRUE,Ankara,Politics,Far name effect pull join respond majority recently seven decide how at person room government. Range affect whatever those.,124,#politics #worldnews #election2024,FALSE,01-04-2024,iPhone,tr,2616,368,107,0.058
1dbd3568-854b-4d7a-a866-32a88d1e96ed,0ac264fa-10bb-4d28-b3f0-42e9a2294d41,michaeldavis,Other,16,58081,1108,20-06-2021,FALSE,Ankara,Memes,Boy field Mrs eight can investment common real actually industry you. Can focus child pressure.,95,#memeoftheday #relatable #funny,TRUE,17-06-2024,Android,fr,2848,275,219,0.0575
7464c497-f7c8-43d1-9521-ac3ca9c50b96,36a381e5-a9de-4e3a-aef6-54ab8f0676a4,kspears,Other,58,29270,3373,18-04-2015,FALSE,Ankara,Memes,Relate couple even central standard ever yet former daughter boy itself of. Air paper that remember determine instead tonight.,126,#memeoftheday #funny,FALSE,01-09-2024,Web,es,1455,189,115,0.0601
8df9c3b9-126a-40b4-b375-a129e1da58f6,7a8a2239-0936-49ce-a02e-820634a33cfe,murraylinda,Female,45,39185,8574,05-08-2017,FALSE,Berlin,Education,History newspaper risk figure eat teach effect everything education wall hope job enough. Above rate explain small former agree forget.,135,#students #knowledge #edtech #learning,FALSE,29-11-2024,iPhone,tr,2005,238,81,0.0593
17d50c1f-0412-491e-a808-3944a2dca4f8,4566eddd-7a51-4224-be47-c638cb41ac03,sally78,Male,40,93871,5767,21-11-2018,FALSE,Antalya,Fashion,Majority federal oil include really middle only fast budget accept stand pressure who. Past within indeed room significant business.,132,#ootd,TRUE,07-02-2025,Tablet,de,4644,530,401,0.0594
32fc07f7-f7d1-4f15-91f5-9f4180287ec0,6e2e987a-0710-40b0-aa74-2452b190d4b0,xmiller,Male,27,39258,9344,28-12-2021,FALSE,Istanbul,Politics,Remain head recently recent card soldier need answer me nature worker possible player dog TV science. Market identify voice second put.,135,#politics #news #worldnews,TRUE,06-11-2024,Web,es,1974,292,57,0.0592
3411b9d9-962b-419a-a2df-af8a7af494aa,ae4b5b9e-c8e2-44ac-afb8-7ed5d22873ee,vhernandez,Male,44,7033,3406,10-10-2021,FALSE,Ankara,Art,Another blood break form city foot media itself consider knowledge myself. Concern American bar knowledge mother affect draw.,125,#artistsoninstagram #creativity #artlife,FALSE,26-06-2024,Web,de,358,53,28,0.0624
03fc6aed-f9d9-45e6-a279-63ced5d7a831,d01d4bc7-b8ca-4f43-9265-5964773d9e2a,barbara37,Female,16,28441,3380,13-07-2024,FALSE,London,Pets,Sort move something according service likely student it son support finally too. Participant throughout happy reflect.,118,#petlover #adoptdontshop,TRUE,13-12-2024,iPhone,tr,1428,191,93,0.0602
8c907ea0-617b-4eb3-999d-1d433e6c627d,e0c02192-3611-409e-9d31-35d8296599f4,ramireztony,Other,30,37721,7345,17-12-2019,FALSE,Antalya,Art,Produce hair these and say good image fly many parent system blood could last or nature adult figure former. Will kind economic short raise because.,148,#artistsoninstagram #artlife #digitalart #creativity,TRUE,18-08-2024,iPhone,es,1859,217,99,0.0577
a593203d-d653-48e6-98cf-0f896768a6b1,7a955fe3-ebed-401f-adec-a0dd9a4830f4,meghanwerner,Other,17,43674,2762,02-06-2021,FALSE,Antalya,Travel,Near without support whose now. Something board give.,53,#vacationvibes,FALSE,15-03-2025,Android,tr,2222,277,127,0.0601
b8f558a2-f47a-44db-9c3c-29df600bef9d,7158a1fc-6877-41b6-a909-d00b047c6def,paul70,Male,60,41375,4571,23-11-2015,FALSE,New York,Travel,Consider since cut remember organization heavy account method evening item. Candidate medical official might.,109,#vacationvibes #wanderlust,FALSE,14-11-2024,Tablet,es,2127,223,42,0.0578
75ee7ea5-f00b-44c9-b290-3162d4a04e72,4f750d75-c109-408b-9f6e-2c0c8b6adbae,larsonkevin,Other,27,14628,4200,07-01-2025,FALSE,Ankara,Food,According write many hospital black bring east student page police officer team organization level plant. Receive various treatment task detail minute.,151,#homecooking,FALSE,24-09-2024,iPhone,es,771,54,49,0.0597
d27faa0a-c37f-4dca-8de9-92b09e236535,574ce3b6-b382-4945-87c7-09189b28d59c,smithdavid,Male,22,79792,5413,17-12-2021,FALSE,New York,Memes,Think quality think certainly half poor want team mention mention bit significant election dog offer how drug Republican to across about down onto past. Sure wall president father everybody leg too process.,206,#funny #memeoftheday,TRUE,20-02-2025,iPhone,en,3976,224,274,0.0561
66c1e627-4874-43cf-a991-e689117ba937,5acf0d5e-e026-4c1a-940d-0e6f34e8dfb6,klara,Male,53,98081,7695,26-01-2025,FALSE,New York,Gaming,Everyone sure amount idea town color international history side gas pressure. Shoulder store year board hospital.,113,#gaming #esports,TRUE,18-03-2025,iPhone,de,4855,310,261,0.0553
e04a7bb4-ff00-4fad-bc51-e76f9e956ad3,2a2406a3-525d-42fe-9bf0-94fee34f905e,twatkins,Male,59,12142,2429,24-09-2016,FALSE,Paris,Politics,Economic often try decide particularly forget phone represent nothing approach speech region occur. Hair talk late series two market.,133,#election2024 #worldnews #politics,TRUE,28-08-2024,Tablet,tr,617,69,36,0.0595
fc0d41d4-0403-409f-83f0-178571cbf96e,6ea7da9d-ce46-41bf-a923-59a67a5bce52,patriciahayes,Other,30,69892,6351,16-03-2019,FALSE,Paris,Music,Author local finally statement yard quality major western decision you present better rather letter whatever behind TV PM. First agent phone man movement.,154,#vibes #playlist #nowplaying #musiclover,TRUE,17-08-2024,Tablet,es,3421,201,110,0.0534
2f4309c4-8fb2-424f-ac2b-8045bdbb7a21,7b4c1d43-0a6e-4b5a-8e07-f4cbd52cfb1a,longmatthew,Other,59,88111,7928,26-12-2017,FALSE,Ankara,Art,Church course resource may executive door country ok page candidate never radio amount cost beautiful yourself catch start song fire city down. Speak expect late energy ready could.,181,#artlife #creativity #artistsoninstagram #digitalart,FALSE,08-05-2024,Web,tr,4334,585,419,0.0606
7325f13e-803d-461a-9ca1-4467bfe8fdd2,b1c1475f-06f0-4e4b-aa36-f47a762eb340,perezcaitlin,Female,46,71876,4277,30-08-2024,FALSE,Istanbul,Art,Environmental maintain factor society form almost drug. Finish general later write tree chance.,95,#digitalart #artistsoninstagram #creativity #artlife,TRUE,04-04-2024,iPhone,de,3511,274,97,0.054
049b9f1b-6536-4697-92f5-181668713b39,322a3575-a8f9-4fb4-aa2b-b0d6fad999ba,sandra86,Other,19,74999,9030,21-10-2024,FALSE,Ankara,Photography,Box edge create window enter value growth ever like hot she blue nor. Behavior play local run size successful foot join.,120,#snapshot #dslr,FALSE,24-08-2024,Tablet,es,3708,508,155,0.0583
19a296e4-f2a3-4664-be58-3e7f6a0da9e7,3982905c-f2e4-43ef-bac9-635770e54bfd,sarah35,Other,43,72409,9239,12-04-2019,TRUE,Ankara,Art,Town collection change without power prevent place half fast information reason. Provide view he food vote.,107,#artistsoninstagram #creativity #artlife,FALSE,31-10-2024,Android,es,3647,472,347,0.0617
95db67fd-c368-4485-afd5-fcd4f5e0996f,c0d1ac33-037d-43a4-9153-0ae3076fea13,shaley,Male,21,19709,8891,10-01-2025,TRUE,Bursa,Politics,Anything wide defense four according marriage should paper public type describe position major tax court rich article. Along mind reason station hundred help.,158,#election2024 #news #worldnews #politics,FALSE,01-12-2024,Android,en,956,80,34,0.0543
e006cd35-e4d3-4cb0-b43b-a797d20ea80d,0e8fd9fe-d9ce-4627-ad56-dd7893dca60e,xbruce,Other,40,17276,2577,08-09-2024,FALSE,London,Fashion,Way interest upon admit water contain. Nor hear front age.,58,#fashionista,TRUE,29-04-2024,iPhone,de,827,93,53,0.0563
3f14830e-4952-4ba7-bc1e-29af9bb432c7,958939c3-c95e-4792-9eb4-d463bee1a032,ecosta,Male,21,22380,6317,19-02-2021,FALSE,Bursa,Memes,Significant also poor trouble agency return what question common argue once decade finally almost job little clear boy. Rock necessary create down.,147,#lol #memeoftheday #funny,TRUE,11-12-2024,Web,de,1163,123,99,0.0619
10b0b5f9-7ee5-4314-a3da-05a2665fbaaf,3506a0cb-1524-476d-81cc-a56d69809266,howardkristina,Male,27,33650,9919,21-09-2020,FALSE,Ankara,Finance,Open play stuff scientist church turn situation participant both sure difference lose. Community individual tend today.,119,#stockmarket #crypto,TRUE,07-05-2024,Web,tr,1694,114,136,0.0578
67de8c14-62e6-4f6c-8e79-3902ed590755,2cb8ee17-b128-4f2c-9aac-e6273e172aa9,younggabrielle,Female,33,1059,1136,09-12-2024,TRUE,Madrid,Fashion,Memory present know evidence law approach. Per food save movement knowledge.,76,#fashionista #lookbook,FALSE,23-05-2024,Android,es,51,4,1,0.0529
106ef96d-c6df-4684-b1fb-e14b6dad92af,5d28b93c-f237-4e9c-b6b1-2b1b773e9a3c,joshualawson,Other,41,64319,9066,06-08-2021,FALSE,Paris,Finance,Value artist cover city produce store section ago bad you instead officer apply fact indeed industry me food scientist establish impact suddenly indicate realize. Position though week.,184,#stockmarket #investing,TRUE,06-09-2024,Web,tr,3219,376,95,0.0574
5643e29a-9518-47ec-b1a0-34d8aa85c042,333f7a05-fa71-42df-a130-237a2671ffae,tammy62,Other,47,37531,3329,28-08-2016,FALSE,Ankara,Education,Reason either staff garden gun design nearly reason light natural. End kid special recognize evening fish life.,111,#learning #knowledge #students #edtech,FALSE,15-01-2025,Web,en,1829,226,37,0.0557
90b90a88-8439-40a7-b019-8ea298debc48,f9c2689a-a694-4aa5-8922-0845f7ec5357,qbautista,Other,40,67588,6969,03-08-2024,FALSE,Paris,Photography,Yes beat toward method parent well check. Choice mission somebody carry someone.,80,#snapshot #travelphotography,FALSE,15-05-2024,Android,en,3281,228,74,0.053
193ad08c-62ee-4d5b-8542-731f240bccb1,2bcd2bf8-9341-42e2-8bd5-e10cc5da20fc,ashleyjackson,Female,60,54551,6640,10-09-2021,FALSE,New York,Politics,Reach author popular help build agree game tend avoid. Walk almost hit response myself action cut.,98,#worldnews #politics #election2024,FALSE,12-12-2024,iPhone,de,2687,218,160,0.0562
a2ae590d-3024-4338-8bdb-2d7e56247a72,dd14a394-4527-4598-8c11-6d4ecfb6e0e7,lydiatrujillo,Female,53,70744,7069,15-01-2022,FALSE,Paris,Travel,Her yourself wide officer happy ask letter model today they set you. News guess work public.,92,#travelgram #explore #wanderlust,FALSE,02-07-2024,Android,es,3500,494,322,0.061
608babe0-58cc-4024-9599-8bafc642bfa3,62133e48-87bb-4992-92ec-d33eca622c6c,nunezmelinda,Other,49,26645,1318,09-01-2019,FALSE,New York,Health,Stuff social be page with news energy. Mission able reflect.,60,#mentalhealth #healthtips #fitlife #wellness,TRUE,19-09-2024,Tablet,en,1356,94,108,0.0585
370428f9-bab7-40fd-bb8a-f2d9b4a622d3,913b2c22-2a91-4af0-8168-c5ca0d468abc,shawn89,Male,18,61515,5917,22-09-2024,FALSE,Ankara,Technology,Realize single rate magazine. Happen always level billion.,58,#future #gadgets,FALSE,10-04-2024,Web,tr,3086,318,231,0.0591
87d3db78-a11b-4e81-80fc-64b75e9221c3,73eb0af3-b8d6-4dbe-8887-811908a6cbaf,aaronjones,Male,50,8816,5413,14-09-2024,FALSE,Antalya,Photography,Still around difficult interesting nature health kind here record possible family bar approach window before unit number a. Anything blood new gun risk activity answer.,168,#photooftheday #dslr #travelphotography,TRUE,02-08-2024,iPhone,fr,451,40,22,0.0582
47f0d5bf-60b7-47fb-89f7-899c95cd565f,f6c21031-8f35-477a-a909-519988a7f23b,georgemiller,Other,58,5783,8593,22-09-2021,FALSE,Istanbul,Memes,North clear several phone reflect pay allow activity push per though hair person owner especially leave realize professional. Policy test institution organization security later.,178,#funny #memeoftheday #lol,TRUE,18-07-2024,Web,de,301,33,5,0.0586
59dbce0d-726f-49bf-b21f-86a71a38b801,ddf7d487-b6c8-4b42-81d1-6b520d6135f1,hernandezalan,Other,51,15354,1122,05-07-2021,FALSE,Berlin,Politics,Story cold character production quite shake election possible argue bar exist glass responsibility kid always. Behavior together could learn sit partner.,153,#politics #news #election2024,TRUE,17-06-2024,iPhone,en,775,60,47,0.0574
2e1baf3c-9de0-4582-8acb-6945a75e9601,da6e5f66-c6fb-4f2f-bf1a-0fb364c42ed1,kelly22,Other,24,96144,9071,08-05-2021,TRUE,Ankara,Travel,Smile someone how of situation part here boy put heavy true study floor market because. Feeling price son minute past hospital meeting.,135,#vacationvibes #travelgram #wanderlust #explore,TRUE,04-07-2024,iPhone,de,4806,426,412,0.0587
c9a83170-f057-48be-8bdf-0c3eea6fb910,81c02658-9bf0-4c93-8c61-61fbc3e5459a,yshort,Other,25,22986,7367,17-03-2016,FALSE,Izmir,Fashion,Open alone around what someone me color same purpose know enter agree pay newspaper decide election share. Certainly kid option best bring reality.,147,#lookbook #style,TRUE,11-04-2024,Web,tr,1133,75,81,0.0561
f8798abd-307d-4291-b138-81b41d087cb5,6ea1c80f-e91c-4b2b-8190-8d0ac847f4c2,michelleflowers,Male,60,47458,6300,23-12-2024,FALSE,Istanbul,Technology,Head realize audience move improve interest memory network yet focus develop coach drug step include matter decide stand law reason practice. Across service those challenge teach enter get.,189,#future,TRUE,28-09-2024,iPhone,de,2302,303,105,0.0571
4b1390cd-a555-4708-bd90-862c26a170c4,5d19e3dd-58bc-4a0d-af22-2faae16856c1,aaronfinley,Female,28,43036,1432,02-06-2023,FALSE,Izmir,Art,Across surface fast step state military this machine social ten responsibility cell ask serve example. Participant music land hit far.,134,#artlife #digitalart #creativity #artistsoninstagram,FALSE,01-11-2024,Android,en,2184,258,209,0.0616
5a11bf05-97ce-458a-84e5-d56341ebbbf6,802c2f89-136d-40cb-a6a6-5e7469e14e27,marybrady,Male,29,5859,6785,10-11-2019,FALSE,London,Fashion,Very when loss natural edge listen some Congress energy bad consumer from answer. General century strategy Congress land.,121,#fashionista #lookbook #ootd,FALSE,08-02-2025,iPhone,es,302,37,15,0.0604
625b221f-ffc8-4e9e-927d-72d169f93fe7,abc5a30f-0159-4351-80bc-3831c584e8f9,wesleybutler,Female,56,65748,5177,07-01-2016,FALSE,Antalya,Health,People me power lawyer year modern wait former everything mention third serve whom dog above truth unit carry very yard worker. Yes true reality while itself receive.,166,#wellness #healthtips #fitlife,TRUE,27-07-2024,Web,tr,3243,193,103,0.0538
4cfe3966-7365-4731-aef2-60cae49ac0db,cff68744-e144-4f82-9c8d-0b5984a5814b,melodypacheco,Male,44,19456,2116,25-03-2015,FALSE,Ankara,Art,Write ok economy time middle agree check everything within expert far page. Responsibility protect imagine TV attorney growth.,126,#creativity #artlife #artistsoninstagram #digitalart,FALSE,21-10-2024,Tablet,en,1002,123,51,0.0604
08049898-86b5-4861-b518-d79ae7257265,7dfb8663-9c32-4540-b0e6-d6a9f13de338,davisdonna,Female,27,36109,8424,03-04-2015,FALSE,Bursa,Memes,Carry car TV test artist walk let price. Party million term whose bill along.,77,#lol #funny,FALSE,19-12-2024,Tablet,en,1776,169,175,0.0587
4644dd78-58d3-4666-9e8d-0268d3a8bc2d,ff1204c4-24b7-4586-a688-147628ca1f16,thomasdavid,Male,43,64192,8508,22-11-2023,TRUE,Istanbul,Finance,Last under drop apply student whether computer those practice seek man Mr. Expect lead them industry.,101,#money #crypto #investing,TRUE,17-02-2025,Tablet,fr,3187,386,154,0.0581
3eabe640-3169-4443-a46f-0527f0f4a0c4,a439a52e-e70e-4500-bfb9-79121f92f924,ejames,Female,37,28458,1689,28-07-2017,FALSE,London,Health,Son black personal decide recognize man suggest newspaper. Much something town indicate five think get.,103,#mentalhealth #wellness #fitlife,FALSE,17-02-2025,iPhone,es,1487,187,48,0.0605
e66ed2d2-7288-46e5-87ca-3d920809bb0a,2fd40efc-83a1-4bfd-8567-87943558cf97,diazcatherine,Other,34,6865,497,03-06-2016,FALSE,Ankara,Travel,Former husband discuss item remember fast mission agreement pick nearly mission full. Visit trip model music.,109,#wanderlust #vacationvibes #travelgram,FALSE,04-09-2024,Android,es,385,26,18,0.0625
9974abca-5aa0-4cdb-9ba4-76ed45e4f3a0,4ae33bc9-ffb3-476c-a1cb-449ec27b34a9,donna87,Female,44,16914,7708,11-12-2016,FALSE,Bursa,Finance,Among understand street party hope two paper seven compare may. Year subject wrong large.,89,#money,TRUE,02-04-2024,iPhone,fr,816,112,48,0.0577
87a388b4-4ae3-42c2-a1a7-45d1cecaa488,b2c3f647-853f-4122-af02-6ba8491700b5,jessica13,Male,28,14701,2575,08-03-2023,FALSE,Madrid,Photography,Child drug prove style cold pay new toward before. Decide city admit test.,74,#dslr #snapshot #photooftheday #travelphotography,TRUE,15-08-2024,Tablet,en,771,93,48,0.062
8edffeaf-3f74-4353-a962-b4e27217bbc6,c9fff4d1-8f99-49c0-aac6-bf07afffda49,carolynroberts,Male,17,38613,1436,16-12-2017,FALSE,Antalya,Fitness,Job fall skin upon see nation carry war reflect sing control century leg her ahead during according yes low night. Join bag sea image program.,142,#fitlife #gymtime,TRUE,16-06-2024,iPhone,de,1974,204,175,0.0609
d9d89c30-7d2e-4f5d-8cb6-f7405246a58d,70bc05dc-eb1d-4a24-a0dd-1780441c3932,hornjenna,Other,26,73256,5024,01-01-2023,FALSE,Ankara,Politics,Entire plan spend senior without PM happy. Garden interesting cover practice teach.,83,#news,FALSE,13-02-2025,iPhone,en,3697,356,157,0.0575
6d63a427-ef3e-43f8-abe1-31550bc993c6,2aa6620e-8346-4888-b6b9-921b0b69f194,robertharris,Other,36,31469,4687,03-10-2023,FALSE,New York,Food,Matter research already effort defense most relationship like article call left seat protect call nearly staff special type. Fine clear effort.,143,#homecooking #instafood #yum #foodie,TRUE,10-01-2025,Web,tr,1543,96,33,0.0531
5ae1e594-42ab-4b71-bdb5-3a29ba469411,6dd3376e-75f2-41f2-977f-258e9329f1c7,charlesbarnett,Female,51,92612,4938,29-11-2020,FALSE,Berlin,Art,Former front traditional miss risk red development. Somebody throughout work power fall billion live newspaper.,111,#artistsoninstagram,TRUE,14-02-2025,Tablet,de,4775,655,192,0.0607
d08f019e-6209-4736-a827-c3843d3318fc,70965524-779c-4bb5-99c1-e1f056c0344f,williamsnicholas,Female,56,83238,9526,25-08-2018,FALSE,Bursa,Books,Growth on point ten hundred population. Month success worry gas participant.,76,#bookworm #literature,FALSE,13-07-2024,Android,en,4201,532,216,0.0595
97674388-e627-4276-b1b4-2b51779696e9,61e33ea0-94f2-4b18-9a61-9cde262491bf,bmcdaniel,Female,25,51390,4830,01-03-2020,FALSE,Bursa,Art,Method until enough provide material direction cost condition summer who clear name. Good let ready ahead process institution.,126,#artistsoninstagram #digitalart,FALSE,21-05-2024,Web,fr,2517,365,206,0.0601
10b0ab79-ca55-43c8-baaa-6be564d7e752,c723d8e8-0d31-4b6d-a429-e0238c98d108,dennisevans,Other,34,49365,9105,29-11-2021,FALSE,London,Art,Quality energy fine style quality everything civil ever major agency new follow arrive. Want another teacher each.,114,#digitalart #artlife #artistsoninstagram #creativity,FALSE,04-10-2024,Web,en,2551,209,198,0.0599
88e2fb31-1cf1-4860-b16a-830c30c49a5b,7c5df2e0-83b8-4cfc-945b-a4c27797c552,bradley59,Female,20,32680,3757,16-05-2019,FALSE,Antalya,Finance,Really drop war material term heavy. Difference green near apply through nature your.,85,#stockmarket,FALSE,03-04-2024,Web,fr,1658,111,30,0.055
1e397e4c-31df-42d5-9a32-3b72b8f92611,5867096c-110d-4a08-a16c-40e613a90fb5,wrightdavid,Male,33,70717,5564,24-05-2021,FALSE,Istanbul,Books,Purpose water hand despite lead study culture idea again player last close short audience five herself part process. Leg trouble property fast whether future.,158,#bookworm #literature,TRUE,31-07-2024,Android,es,3662,544,100,0.0609
7bec35db-ee25-45a3-8f03-29b531898ab2,49a9071b-3c19-4b41-9793-32fabe513303,williamsjesse,Female,57,89191,1513,22-01-2024,FALSE,Bursa,Fashion,Now wish agent garden to drive pick care report bar boy method themselves whatever experience. Next person walk ready.,118,#fashionista #ootd,FALSE,09-05-2024,Tablet,es,4543,232,238,0.0562
9fe17f8d-2d3d-4895-8877-1387b90ba46f,637e58e5-7764-4bec-8fa7-2160ff757217,perezwilliam,Male,52,6607,3561,19-12-2015,FALSE,Bursa,Memes,Century usually wall thus similar population may simple avoid practice benefit attack. Report begin strategy hear far fast chance sound.,136,#relatable #lol #memeoftheday,TRUE,04-04-2024,iPhone,fr,321,25,10,0.0539
da34eb4a-fc3d-4b64-8763-2315773af35c,fa957845-8b2d-4834-846b-cefc0fc4e8c0,michael77,Other,54,12496,7500,27-10-2017,FALSE,Ankara,Photography,List history performance energy dark message simple center. Country rock raise drop.,84,#photooftheday #travelphotography,FALSE,25-12-2024,Tablet,es,604,84,55,0.0595
56dad640-8427-4585-b1c4-8ad4d8a1bf12,b3c30e70-9b92-4510-99dc-91d872fb83b6,michaeljones,Other,52,52478,6392,07-10-2022,FALSE,Berlin,Food,Size scene expect yard act reduce old your job face structure skill office bed. State top gun store.,100,#foodie #homecooking #instafood,FALSE,22-05-2024,Web,en,2534,212,72,0.0537
e536e5b4-ddd4-4648-b7ec-dc8ff0574f31,67d586bd-4ed7-40b8-adfe-3ba6e47212d3,romerogary,Female,58,87385,2066,23-03-2017,FALSE,New York,Health,Long first nothing religious executive stage part education carry treat door child few. Beat tonight beautiful.,111,#fitlife #healthtips #wellness #mentalhealth,FALSE,17-01-2025,iPhone,tr,4338,559,157,0.0578
d0937008-3b72-4f07-935f-d4ab095723fd,b0059702-a6e4-43e5-84cf-3036934794c9,wallererica,Other,16,24554,6916,25-10-2019,FALSE,Paris,Education,Daughter few white within energy maybe. List dark over rate it compare.,71,#students #knowledge,TRUE,15-09-2024,Web,en,1160,85,95,0.0546
e9d4c053-4b34-41a7-a382-93e39fc2133a,d1ae692f-7a1c-4752-92dd-2e279a2eadc7,acevedonancy,Female,46,55984,3840,28-02-2016,FALSE,London,Fashion,Natural beautiful management face campaign should character significant people third remain maybe yes always face. Night clear moment own new.,142,#lookbook #style #ootd,FALSE,25-11-2024,Android,en,2805,258,124,0.0569
f64444c6-de23-461c-a1aa-ee457de08f5f,4f622d62-105e-4ff3-8173-307f5fdbeaf6,swhite,Male,25,3767,9710,19-05-2019,FALSE,Antalya,Health,Represent official quality few guess could station blue office operation message audience describe fly who risk recent behind where. Set thing personal major yard.,163,#mentalhealth,FALSE,14-03-2025,Tablet,de,181,25,5,0.056
8d6be3ce-bf2a-408b-a57b-6f2ab380741f,3a30c3b8-8658-4a33-b5ca-01a309d4fa12,ashleygamble,Female,42,1387,2986,15-11-2016,FALSE,Ankara,Memes,Treat be teach design natural none peace thousand. Fact fly term born reveal site age.,86,#funny #relatable #memeoftheday,TRUE,27-02-2025,iPhone,fr,81,5,4,0.0649
c01dc3ef-234d-4ce0-a6cd-7e5a48530d77,9beeec58-e00e-4ec9-87d4-d34dbafe9471,keithharrison,Female,51,52621,2433,02-06-2022,FALSE,Ankara,Music,Evening sometimes or involve when baby thus listen hospital around resource law seem child religious president charge. Stay sense decade hour.,142,#nowplaying,FALSE,07-02-2025,iPhone,fr,2589,185,239,0.0573
16a3f098-545b-49e9-b11f-7b8ea1e8d19c,4e8612dd-4464-41bf-be24-60277d4e42e9,hlopez,Male,40,26217,4792,17-06-2020,FALSE,Istanbul,Art,Product where mean baby present table season shoulder firm threat sense. West service of.,89,#artistsoninstagram #digitalart,FALSE,14-08-2024,Android,tr,1358,160,125,0.0627
1dfbb646-e927-41c1-a198-cb828b5a8393,b81bfa12-f58c-4508-bc27-f9b7883488db,mcclurechristopher,Female,16,54907,4911,26-02-2019,FALSE,Antalya,Food,Art human left add order exactly trial television whose. Rather early resource would easy real.,95,#foodie,FALSE,12-04-2024,Web,en,2815,263,128,0.0584
b2a04035-0bbb-4dfa-aef2-bec447bfb1b2,abb71776-2026-46d1-9e59-c6fbcce2e219,carl95,Male,24,47547,8398,01-11-2018,FALSE,Istanbul,Gaming,Manage score five standard sit oil term assume pretty. Inside economic democratic democratic air sell front.,108,#esports #twitch #gamerlife #gaming,FALSE,13-10-2024,Web,de,2475,335,164,0.0625
db70447a-28c0-4127-817f-73857e13529d,4514373a-73f9-4c6e-9a7c-0afa3d132dd4,romanmatthew,Female,34,96343,9997,26-02-2017,FALSE,Izmir,Photography,Fall think my moment cover themselves commercial life outside accept. Manage central surface foot my realize rather.,116,#snapshot,FALSE,19-10-2024,Tablet,en,4874,669,86,0.0584
cdd6fa8b-c256-447c-92ab-a706a8aaddfe,16577136-9c0f-48a8-aa70-de3eaa8c8e1b,amber70,Female,45,60467,4814,21-01-2020,FALSE,Izmir,Food,Sea green your both per boy office inside agency Democrat financial technology sing dog. My training natural major how none play.,129,#yum #instafood,TRUE,15-05-2024,iPhone,fr,3020,367,248,0.0601
18f58bb7-a43f-428a-8236-841c98d972c6,bc2ea3f9-8530-4476-9eb2-73f95ef50934,stewartkyle,Female,55,21399,4952,28-12-2021,FALSE,New York,Books,Mother allow reason in keep million including together event. Scene want entire hotel make because.,99,#readmore #reading #literature #bookworm,TRUE,03-04-2024,Tablet,es,1097,70,13,0.0551
8f7b5e11-1a2f-48bd-8b19-ade92b6b0852,fd3ca024-9b01-43e9-8cb9-2357694375fa,vkline,Female,24,88503,3554,23-05-2018,FALSE,Istanbul,Food,Direction leader generation collection kind hundred business group few mention book simply education bag keep name religious represent reflect. Authority much brother film.,172,#foodie #yum,TRUE,11-03-2025,Web,tr,4410,624,147,0.0585
01ac8f64-8f73-4409-951d-ef0203bbad9e,02f36b4c-885a-4dc0-9f18-374c49f5283f,tiffanybarnes,Male,33,21037,9515,09-12-2018,FALSE,Berlin,Food,Teacher there away might coach security against four fund piece here. Travel compare huge wide here send.,105,#homecooking #yum #foodie #instafood,FALSE,14-03-2025,Web,de,1026,73,26,0.0535
fb847b16-fae1-4f0d-b92b-96fd4991bbce,add9fc2a-efc9-4e77-98c8-15a3c996cfd9,harrisonkevin,Other,60,44475,6562,24-01-2022,FALSE,Berlin,Health,Matter become environment agree face son evening. Exactly full note push small agreement.,89,#fitlife #healthtips,FALSE,17-06-2024,Android,fr,2204,125,28,0.053
ec41414b-5f0b-47e8-b962-0937eb747956,3baacf22-16d5-4d77-9a97-cd1017ecffd1,rhondamoore,Other,47,83140,1531,09-03-2020,FALSE,Berlin,Photography,Surface behavior western poor. Charge simple what why.,54,#snapshot #photooftheday #dslr,TRUE,13-08-2024,Tablet,de,4118,429,188,0.057
4e12d2d7-9a20-454c-b54e-d36654adbf37,cbd7348d-b502-4229-8453-65bc53f97fd2,mark54,Female,42,90653,7667,09-10-2023,FALSE,Berlin,Photography,Likely environment call between tax whole knowledge the debate something discussion happen skill area ok study piece again. Create ahead respond of image try guess myself.,171,#photooftheday #snapshot,FALSE,16-04-2024,Web,de,4363,628,120,0.0564
d17350fd-bcca-4b52-97ee-e6d160c21111,d107f044-7048-44a9-8b69-29d153f46a39,kvillanueva,Other,27,37951,1976,22-11-2019,FALSE,Bursa,Travel,In really employee through similar affect every month edge evening. Spend almost real common main now Republican.,113,#wanderlust #travelgram,TRUE,29-10-2024,Web,fr,1883,233,177,0.0604
6d55924f-7b1e-4189-b2fb-043ba104933f,c4d02740-34b3-45b9-9c02-ddf22bd539f8,mcdanielrichard,Male,40,19019,2936,10-10-2017,FALSE,Berlin,Pets,Then buy specific order green expect see into forget catch be. Successful recently government itself listen collection account.,127,#dogsoftwitter,TRUE,24-03-2024,Web,fr,979,134,90,0.0633
9ea713aa-ae08-45e1-9382-e097c785d2a4,d267eb71-ad13-40f7-a5bb-85823440afcf,caitlynhall,Female,33,82940,3363,30-08-2015,FALSE,Istanbul,Food,Increase us threat thousand responsibility at year daughter. Leave production expect seem one.,94,#foodie,FALSE,18-06-2024,iPhone,tr,4132,565,145,0.0584
132d5203-3f38-473f-be86-3768974ed887,7e5caf73-290e-405a-a19f-e042df9d4a6e,nstafford,Other,55,45948,9061,04-05-2021,FALSE,London,Finance,Purpose staff represent nearly statement institution travel method main before western system apply knowledge let whole billion raise performance. Large weight scene dream task them.,182,#investing #money #stockmarket,TRUE,16-01-2025,Web,tr,2400,293,71,0.0602
60352f20-5ffb-4206-bcee-c3bff7ecc18c,4bc14e11-73e9-4552-a23a-75a29dba8904,howardmonica,Female,46,79545,2055,05-08-2018,FALSE,Ankara,Education,Feeling example recognize table community relationship PM threat early require similar. Dark degree college movement line grow if.,130,#knowledge #learning #edtech,TRUE,27-09-2024,Tablet,de,3998,548,181,0.0594
262c7c7d-4415-42cc-adad-5d37588f213f,399e2dd8-0507-4c54-a12d-e9def92e5455,staceyharper,Male,59,51403,5367,07-08-2020,FALSE,Madrid,Education,Year by decade truth increase for event lead represent benefit bar military candidate rock world structure tend whether where push miss organization authority return ability. Building writer budget feel husband effort Republican.,229,#edtech #learning,TRUE,20-04-2024,Tablet,es,2676,143,51,0.0558
7377086c-263d-4378-a5a7-dfe483a72182,56ed4e4b-ecfb-4206-bc1a-974714a60ed1,donaldbecker,Other,19,78775,8186,02-07-2015,FALSE,Bursa,Technology,Yourself task drop serve leader song. Rule few truth defense.,61,#tech #innovation #gadgets,FALSE,29-12-2024,Tablet,tr,3958,587,300,0.0615
a0290454-d9ea-4037-86fe-08de579672c0,78d2aced-a70a-4645-a5f1-57c1973d9641,audrey07,Other,37,55114,73,31-08-2022,FALSE,Izmir,Travel,True teach she wide continue market return lot factor push will many above. Night thought plan future common use church.,120,#vacationvibes #explore,FALSE,05-01-2025,Tablet,en,2712,151,238,0.0563
36c74d83-cf4c-4bb1-a139-afc5d5c1372f,f719d248-0c7a-4257-92fc-0e60f3b85a8f,simmonsphillip,Male,16,16495,3176,18-11-2016,FALSE,Istanbul,Health,Stock nearly clear coach low will art important image road chance involve treat such near Democrat number young least important I stay morning window. Stop country year.,169,#wellness #healthtips #mentalhealth,FALSE,19-09-2024,Web,de,800,71,42,0.0554
6eeb2519-e619-48f9-94e1-783d7654e034,f6e54bd0-4c8f-4106-899d-f511f15563a1,amberfields,Other,52,76518,3161,19-05-2015,FALSE,Bursa,Food,Story see successful again another early minute article. Mention run try relate itself space oil clearly.,105,#homecooking #instafood #yum,TRUE,29-09-2024,Tablet,fr,3880,257,307,0.0581
f69f4f0a-5a40-49a5-8bec-247fb345c714,ad7432e6-1609-408d-bffd-a0810b5291d7,parkerkatie,Other,58,50893,6534,07-02-2021,TRUE,Antalya,Pets,Number threat method event even choice receive itself reveal must tend value. Past girl system sometimes.,105,#adoptdontshop #petlover #dogsoftwitter #catlife,TRUE,06-12-2024,iPhone,de,2615,177,161,0.058
8ebb6edc-67ff-466e-87ff-19c43a82dcc7,86229672-4b86-4ddc-b0da-64ebf44cec56,davidandrews,Male,33,2059,2745,12-03-2024,FALSE,Istanbul,Finance,Speech house kid interview house quality bed our civil bill young even live glass teacher southern create. Share senior article join conference particularly.,157,#money #crypto #investing #stockmarket,FALSE,15-06-2024,Tablet,tr,100,5,2,0.052
9770bf24-e51d-45bc-b45f-9cd49a86dc67,a654c4dd-d5f2-49fa-9e14-ec24cd25a6cc,ibowers,Female,54,51614,8287,15-07-2021,FALSE,Ankara,Gaming,Describe suddenly home weight eight commercial unit weight. Drop partner resource almost year.,94,#gamerlife #esports #twitch,TRUE,06-01-2025,Android,fr,2610,378,26,0.0584
1e1f5574-d771-4a67-b2f8-8c7e68d14d1e,4c80cc51-30ef-458a-85f7-066e4a267bec,alyssaallen,Female,26,66594,9196,03-08-2023,FALSE,Ankara,Photography,Simply always high friend item garden positive even hundred long business garden newspaper lot. Order agent result group study decide rich.,139,#travelphotography,FALSE,11-01-2025,Web,fr,3388,504,328,0.0634
214c7c7f-d6ba-4e32-88d3-7255cbd0a1f8,9bfd400a-139d-4234-924a-ba6a723e4507,wrightbrandon,Female,17,13679,8337,20-01-2024,FALSE,Istanbul,Education,Over decade carry its describe election change want recent city water mind let time strategy sport market computer front often bill. Special response station safe research.,172,#knowledge,FALSE,09-04-2024,Tablet,es,661,68,50,0.0569
dea8a815-d314-4b07-beea-9b3cedd46896,7c9f02de-6a3a-4c38-a7a0-c1663a4a1ad1,michael77,Other,33,80117,5538,21-12-2021,FALSE,Ankara,Books,Myself once central debate very alone sea action culture do seven. Place Mr specific decision.,94,#bookworm #readmore,FALSE,07-07-2024,Tablet,fr,4023,491,91,0.0575
78a576e9-03e3-4abe-9d55-2862ce0c0e8f,22c963e0-1918-4525-9fd9-64316f8a03b5,angela61,Male,42,88202,2120,29-07-2023,FALSE,Paris,Photography,Human she bar growth main natural two especially. Key or song politics he.,74,#travelphotography #dslr,FALSE,18-03-2025,Web,es,4304,375,425,0.0579
9ff6c260-08aa-4e03-8253-02ebfa8a9ee8,ec32e000-d517-4473-8796-643ad7968dba,harringtonmartha,Male,57,74983,6960,08-01-2023,FALSE,Istanbul,Politics,Local inside probably music throw present history hard relationship film road. Benefit majority recent social.,110,#politics #news #worldnews #election2024,FALSE,16-09-2024,Android,en,3706,281,355,0.0579
b3f07985-8a92-4221-940b-202175409024,4e5338d2-eb07-4668-a849-bdfcbb189d87,toddellis,Other,50,51715,8734,12-12-2023,FALSE,New York,Fitness,Protect itself air deal certainly station cup wide why investment more pattern enjoy which moment. Degree sort also owner party parent trial.,141,#workout #fitlife,TRUE,07-12-2024,Web,en,2658,224,136,0.0584
6e3bae5a-5081-4b31-961f-3b7aa936718e,49d60a27-9bfb-411e-b318-397dfdef14f1,reedross,Other,42,15625,9983,09-07-2021,FALSE,London,Technology,Television question bag head draw behind member serious station inside generation guy. Race road campaign activity.,115,#future #innovation #tech #gadgets,FALSE,05-09-2024,Web,es,816,100,8,0.0591
20348a22-3d9a-4d04-8b91-623e97d905bf,d460b523-1d8f-4943-828a-8bbc8e6e5aba,zwilliams,Other,27,28227,5735,11-05-2021,FALSE,London,Memes,Theory say model point should idea leader wrong management likely that stock. Question investment central on right become room.,127,#lol,FALSE,17-06-2024,Tablet,tr,1428,181,33,0.0582
2639fd61-b76c-4d3d-9290-2528afeab50a,edf9e23c-6b52-4907-aa87-c0712fb797ac,lisa43,Male,34,75651,342,26-12-2021,FALSE,London,Technology,Friend financial task high check foot not hundred traditional kid day quality increase others either front others account news girl small experience gun single present. Avoid around make all change.,198,#future #innovation #gadgets,TRUE,13-02-2025,iPhone,de,3681,184,361,0.0559
ad0cc407-203d-42d9-9e35-43be1e692280,f3b825a9-cbfa-4a63-a30a-937d2eae677f,kimberlylopez,Female,48,47728,7259,11-12-2019,FALSE,Ankara,Travel,Administration chair southern life daughter. Develop sea cold save prevent leave.,81,#travelgram,FALSE,24-12-2024,Web,en,2368,178,135,0.0562
38efa16f-8805-4a5e-a40c-38ee5d66517a,70308f70-b10f-4803-8cca-58142bb8ae58,david50,Female,27,79349,4718,23-10-2020,FALSE,Paris,Memes,Color role expect measure environmental degree woman international hot someone oil almost action nature. How wife age kind wish second.,135,#relatable #lol,TRUE,27-08-2024,Android,tr,4010,392,128,0.0571
8f75d2f3-6cec-4dc0-916e-4381c8c80c79,54df9183-caf2-44b3-ba24-2daf2cd64860,monica00,Female,21,98752,2699,26-11-2017,FALSE,Istanbul,Books,Fight sense similar newspaper number real professor method pass picture evidence machine issue around staff provide outside many. Fall visit religious product point nice.,170,#readmore #reading,FALSE,25-03-2024,Android,es,4817,507,139,0.0553
14c16785-2f2b-4309-980c-615b412c37e6,3952b33e-1181-4251-959d-4cdeeec17e32,youngcharles,Other,17,56004,8951,22-10-2024,FALSE,Bursa,Fitness,Glass make east evening itself off feel trial society read why much should think. Candidate want air forward join truth.,120,#healthylifestyle #gymtime,FALSE,23-04-2024,Android,tr,2829,170,282,0.0586
9760a4e7-04be-4246-a073-5fd55efb9c3a,97afe8ca-452e-467e-8988-7aac8a67ee05,lewisnathan,Other,60,36116,3092,07-09-2017,FALSE,Istanbul,Art,Course my thus science kind order two music door knowledge early enough analysis standard meet people. American citizen follow change and team population.,154,#artistsoninstagram,TRUE,04-02-2025,Tablet,fr,1856,242,124,0.0615
b6b644af-f1c1-4d38-af94-011716267f8f,6970e066-d4d9-4e7f-9119-e0543bd8c364,dwayne56,Female,22,1401,4488,02-06-2016,FALSE,Izmir,Photography,Exactly soon weight close us fear themselves group more organization computer. Cost bill green allow.,101,#dslr #photooftheday #snapshot,FALSE,19-06-2024,iPhone,tr,70,6,3,0.0564
e74e3a3d-3ca6-4b24-b0b1-03ecf34b33c4,6546ca72-c640-48e6-a72e-7abe336e9621,michelle17,Other,28,18725,8114,19-03-2017,FALSE,Izmir,Books,Later above national decide test information fact interview toward onto around local employee everybody. Same old price thing international control.,148,#literature #bookworm,TRUE,03-05-2024,Tablet,de,969,100,50,0.0598
5a53efb7-05c1-4eec-9e79-0e66e45fcff5,aef0a4ca-abc3-4aad-9b84-2499dfc88e13,tgarcia,Other,56,89280,5124,01-02-2024,FALSE,Antalya,Music,Analysis senior risk staff if fine go small report represent reduce point total and skin few. Miss develop describe capital name research.,138,#nowplaying,FALSE,01-12-2024,Tablet,de,4499,427,223,0.0577
2f49249e-94c7-48fa-91d0-bf26c35e47ef,be9e3b80-ebb1-47b4-a83d-90e8cdcc5669,walkerjennifer,Male,21,70403,9521,27-01-2020,FALSE,Madrid,Art,Ability spring middle firm a television cold full take cover million black then all continue family government letter white begin hear. His trial space our.,156,#artlife #digitalart #artistsoninstagram #creativity,FALSE,10-11-2024,Tablet,fr,3478,298,215,0.0567
85dc7c1e-6035-4561-84ad-2b1c1940d63e,a06e7e06-745c-4bf9-a28d-6fe6ad3274be,champton,Other,52,52010,527,20-07-2016,FALSE,Bursa,Art,Side break tree personal right already green building believe spend specific development up in. Bank item produce baby account activity.,136,#digitalart,TRUE,18-07-2024,Tablet,tr,2648,189,142,0.0573
a01b5e28-e439-4ff6-ad35-9f9ad675c614,8af29948-a38a-4119-9b65-7cc6495b3415,gregory51,Other,58,78378,3450,15-08-2023,FALSE,Paris,Gaming,Way our daughter clear structure when next resource sit very hand make treatment. Outside base while detail.,108,#gaming #esports #twitch #gamerlife,FALSE,29-01-2025,Tablet,tr,3993,260,393,0.0593
f315c301-ff2c-482d-b48e-0b384b01ce05,2cad5c84-2a57-41d1-846f-d7675bdfc3b2,wmartin,Other,57,45931,4051,07-08-2022,FALSE,Izmir,Finance,Avoid crime office clear care none walk sign enter program. Long put very likely guy.,85,#crypto,FALSE,21-10-2024,Tablet,en,2326,297,46,0.0581
264f60ee-28c8-479f-bc4f-a311cca5a031,601182d3-2cb8-4ec1-b69b-49545aeba420,mcknightbrandon,Other,18,4076,8857,03-04-2021,FALSE,Ankara,Books,History respond effort according human attention truth water consider increase. Result power true yes.,102,#bookworm #reading #readmore,TRUE,04-11-2024,Web,de,212,30,20,0.0643
294f6df2-8a8a-4d6e-ab91-f4eeeae91940,c6b56e5b-5c53-4750-8c43-d12d8c0c4ceb,oliviameyers,Other,37,64680,8409,10-05-2021,FALSE,Antalya,Finance,Wall investment make behavior body never answer poor my tonight project. Tell report sister themselves.,103,#stockmarket #money #investing,TRUE,13-11-2024,iPhone,de,3253,377,185,0.059
51324bc3-0069-4620-a44c-215567db2764,375c1ddc-3eff-4825-9e86-0b8b72a09082,isaacsingh,Other,36,64383,8613,02-04-2015,FALSE,Berlin,Technology,Unit crime consider ground themselves meet manager result career investment character boy expect production outside never reach red you spring suffer. Region plan number identify natural whom grow gas.,201,#innovation #gadgets #future,TRUE,23-04-2024,iPhone,fr,3155,323,279,0.0584
50f0a8c3-96c9-4451-b1fc-de11c65aba57,343ff6da-ba07-4a38-87c8-d484d8655355,tammy99,Male,20,79126,3132,01-02-2019,FALSE,London,Health,Cell any describe instead million if ever billion ready. Shoulder education section southern style theory reduce.,113,#healthtips #fitlife,TRUE,13-12-2024,Web,en,4038,523,399,0.0627
72fbdc91-aad7-483b-b623-ea7ca0355787,e60940cf-8cdf-4c4e-8916-763032053bbd,mikewaller,Female,59,11396,6047,16-04-2016,TRUE,Berlin,Gaming,Matter bill although similar subject event nor enjoy not good star activity quite sure forward training may including capital war energy huge order. Range point trip give president.,181,#twitch,TRUE,25-09-2024,Web,fr,595,59,30,0.06
d94df3d8-d1a2-4a2f-8764-afa04883ad3f,e0c02192-3611-409e-9d31-35d8296599f4,ramireztony,Other,30,37721,7345,17-12-2019,FALSE,Antalya,Photography,Center work back central peace administration per lawyer teacher practice traditional condition. Purpose phone explain image hospital.,134,#dslr #travelphotography #snapshot,FALSE,22-04-2024,Tablet,en,1865,137,82,0.0552
79f75b48-15b6-4106-866e-8ad376d199a0,973a7c01-eead-494e-bd5d-23b2bcfbce7d,anthonygilbert,Other,39,3740,9433,23-11-2019,FALSE,Izmir,Food,Southern crime believe visit whose many modern picture but writer public heart million old add whom while hold participant land. Be serve hit shoulder music itself.,164,#homecooking #yum #foodie #instafood,FALSE,12-01-2025,Tablet,en,171,11,12,0.0519
4abb96c4-8d1d-4b6d-a3fb-778afe1ee195,e53c3813-1113-4cbc-8894-18cffa308460,nathanwheeler,Other,53,8388,795,28-03-2018,FALSE,Ankara,Politics,Final miss establish wait then organization place skill including. By hard church.,82,#news #worldnews,FALSE,29-09-2024,Web,en,442,28,4,0.0565
9950225d-efee-4e58-b074-9ac9fd9f42de,c60ad6f6-fb97-473f-8f92-677ddaec9d27,rmoore,Female,55,4628,5181,14-03-2023,FALSE,New York,Photography,Start far citizen to state market car beautiful visit focus event which future game sea story a. Seat mission people outside these laugh.,137,#travelphotography #snapshot #photooftheday #dslr,FALSE,30-04-2024,Android,fr,237,33,4,0.0592
9afd1273-9368-4913-b9ab-ab154ef61dcb,ba3da61f-2cd6-4510-95d8-0a249c38c0aa,robertroach,Other,57,257,7119,02-12-2023,FALSE,Berlin,Finance,What argue significant across growth rule direction current because rest middle he including forget whether perhaps explain change change. According be chair there.,164,#money,TRUE,03-07-2024,Android,en,14,2,0,0.0623
869ffaa8-bb81-4399-a6af-deeecbb02b16,5410d7af-e0a3-4b0f-949a-8d368c143a93,fosternatasha,Other,16,98683,1929,05-04-2019,FALSE,Madrid,Photography,Threat difficult board sport training political avoid television space Mrs so mention. Reason song culture successful letter.,125,#photooftheday,TRUE,07-02-2025,Web,es,4995,262,325,0.0566
8e632fd5-00a2-496c-9414-9b65b08914c8,f3e9201c-6cb3-4723-92e3-3de485fed3bc,regina42,Female,54,49451,3005,21-01-2019,FALSE,New York,Pets,Option name ready field series benefit boy us challenge behavior man wait tend top military maybe president whether sound note. Technology class impact year.,157,#dogsoftwitter #petlover,FALSE,07-10-2024,Tablet,es,2512,343,83,0.0594
0cd7505f-2dc8-4ec4-8206-f96f1cc46dc3,6614adb9-f465-4e92-9c83-57d77e7c7fc4,johnwang,Male,40,29518,3071,13-09-2019,FALSE,New York,Music,Senior itself describe forward mean later executive want get camera degree reduce maybe wear century. Station chance financial security campaign focus force.,157,#musiclover #nowplaying,FALSE,15-04-2024,Web,en,1581,127,154,0.0631
5e881125-634c-48e5-8a2f-33ea3d2ec7e8,de07fef4-2455-44c5-9a95-7f441944bf7e,melissa67,Other,52,73588,6207,16-07-2015,FALSE,Paris,Books,Wide quickly serious network former world edge half network money member line according energy however itself trip remember mother music. Federal religious still land reveal can personal.,187,#bookworm #reading #literature,TRUE,19-07-2024,Android,fr,3703,394,103,0.0571
92b9934b-edfa-49f8-8c1a-196d2654934c,38b6e174-5cef-4a75-8b87-652358f0465f,sarah53,Female,36,54991,7804,18-10-2017,FALSE,Izmir,Travel,Authority success Democrat treat new page bill since remember how believe. Lose far together.,93,#vacationvibes #explore #wanderlust #travelgram,FALSE,20-04-2024,Web,en,2671,137,204,0.0548
40b1698c-523d-4db7-b5e6-59a19b0664d6,0aca357e-b4f5-4700-9674-00d08848f783,martinaaron,Female,55,1320,9274,09-11-2021,FALSE,Ankara,Fashion,So enjoy about standard address hold everyone experience central small our use. Remain find use degree organization partner.,124,#lookbook #style,TRUE,21-09-2024,Tablet,es,71,8,1,0.0606
50daf773-01c7-436f-a790-58d6957977d9,28ab36dc-1f41-49d0-a55d-13390aac6da9,steven72,Male,20,46140,7823,31-01-2017,FALSE,Istanbul,Food,Specific raise gun dinner drug everybody oil late performance success level begin seek. Social few family outside many.,119,#foodie,TRUE,31-12-2024,Tablet,fr,2279,217,61,0.0554
40b66f1c-9b3c-4839-ad5a-2bebde7a640b,a932ab14-605a-4196-91c0-d11eafb82b57,arianadiaz,Other,53,81885,4243,06-08-2020,TRUE,Bursa,Art,Red sport response phone safe model begin usually memory approach report us third break of check parent design join truth. Camera total on and turn Democrat civil.,163,#artlife #creativity,FALSE,31-05-2024,Android,fr,3973,323,234,0.0553
611a670c-3dea-4870-906b-a772778a0d52,ef97596b-18ce-441a-85c3-e7fdd2c6925b,melissa38,Female,52,65693,3235,26-12-2019,FALSE,Bursa,Art,That focus news upon keep face deal. Wonder rule there there.,61,#digitalart #artlife,FALSE,10-10-2024,iPhone,es,3259,280,54,0.0547
04758a11-cc00-4b57-b6e9-e39cea72cbba,1cd3b0ad-f204-4988-aeaa-1a46d44196cc,theresalong,Other,54,41899,5303,26-12-2020,FALSE,Izmir,Finance,Something new finally likely teach eight. Adult idea in your several I about.,77,#money #crypto,TRUE,10-09-2024,Web,fr,2130,126,146,0.0573
ffa6e427-df6d-4bb4-b879-51c00bde9df0,97b8c49f-1fe3-4de8-897e-bf37599a6a0b,sarahfoster,Female,23,68672,2930,30-06-2022,FALSE,Berlin,Pets,While cause talk near choice tend Congress reach much building stock defense task indeed when close new energy key interview. Out culture action federal single.,160,#catlife #dogsoftwitter #petlover #adoptdontshop,TRUE,25-11-2024,Tablet,es,3480,268,39,0.0551
73b49bdf-1365-4dfe-b14c-6d359dd75531,3be9c3ce-7ac4-4fa9-ac76-5b4d892a36d3,hooveranna,Other,53,15312,3816,20-10-2019,FALSE,Bursa,Education,Your issue coach set too husband whom allow event good discuss consider education trial day future specific everyone there none. Whom price wonder sometimes.,157,#edtech,TRUE,03-08-2024,Web,es,765,107,51,0.0603
748eb827-9750-41d4-8bc2-c0efcbdf0489,be059ed8-f9ae-4e5b-a81b-a1988a32899f,simsjohn,Male,42,86752,5460,27-01-2021,FALSE,Madrid,Memes,Child end brother their see life radio listen. Film report visit.,65,#funny #memeoftheday #lol #relatable,TRUE,20-01-2025,Web,de,4373,285,54,0.0543
7e3cce86-493c-4a5b-bebf-e82f47d3e8e0,832a2e62-bb20-4c78-921c-7768279b3681,cookemily,Other,46,42473,4790,07-08-2020,FALSE,New York,Fashion,Education wear believe ready risk often understand scene star southern report of election available east off culture bit. Cover ready from market major leave.,158,#fashionista #lookbook #ootd,TRUE,07-10-2024,Android,tr,2114,289,89,0.0587
bed9d266-6d58-41f7-9d49-1e84bdf4198a,1ae5cada-bdf9-4051-8f33-a826b9ba1342,robertpatel,Other,18,38163,1947,09-03-2022,FALSE,New York,Politics,Live hand decide small interesting decade simply become either. Authority get similar yet age natural name fear.,112,#worldnews #politics #election2024 #news,FALSE,03-09-2024,iPhone,es,1859,173,27,0.054
54579cb9-862d-4c7f-88c6-46282572c215,8de288ab-4370-4665-8ba0-b635d72158d7,anthony76,Male,52,25833,6858,21-05-2024,FALSE,Ankara,Fashion,Talk court part actually specific support boy tend almost avoid difference blood final whom film contain current will material. Serve end one actually.,151,#fashionista #lookbook #ootd,TRUE,20-03-2024,Tablet,fr,1312,121,70,0.0582
675925d6-b0f7-4306-8d00-c13b71322f7f,24fd8ca8-68d3-46ec-9bbc-ce8a9d74f23b,beth76,Male,39,24004,4620,10-03-2022,FALSE,London,Art,Week best value since traditional economic least paper find pick song owner what garden town difference product ago lawyer voice herself. Hit consider already push brother.,172,#digitalart,TRUE,25-01-2025,iPhone,tr,1141,112,34,0.0536
c4a9ecd0-f17f-4913-9d94-ec001739e9a1,7e42c6b9-2981-4948-9abb-58d7d2990e91,robynmiller,Male,40,72967,4557,23-02-2021,FALSE,Ankara,Politics,Seven leader it difference community hair sometimes nothing. Wonder time treat per light professor.,99,#worldnews,TRUE,06-01-2025,iPhone,tr,3675,480,42,0.0575
14e4b2a3-9f18-4b62-8a56-e29bb1f57e61,b3b324cc-03f6-4893-a70e-b83eea294d4b,jesseguzman,Other,28,3578,8978,06-10-2024,FALSE,Madrid,Memes,Gun radio peace church theory level budget race final peace street level material personal. Role sure above whom.,113,#relatable #funny #memeoftheday,TRUE,31-08-2024,Android,en,209,14,14,0.0662
2da12b9c-175a-4bd4-910b-ca22b136d1c8,d51b2c88-cf0c-4c78-8849-c12139d3bebf,xlopez,Male,37,51445,179,12-02-2023,FALSE,Paris,Fitness,Future meet reach test rather information as until model purpose listen. May worry long stop turn option.,105,#workout,TRUE,05-02-2025,Android,de,2562,240,121,0.0568
f7893b50-de71-4cee-93e3-51dc1192572c,2d3680b9-d00b-4f0a-97ba-ef0040b1a44c,vwelch,Other,55,65509,6405,06-11-2023,FALSE,London,Memes,We trouble year improve even many collection customer majority. Price those she go hour the enough.,99,#memeoftheday,TRUE,28-07-2024,Android,en,3262,472,264,0.061
141a60ba-fb10-4dbc-9e87-df3b7d096b50,ef002a4c-3dd0-46ee-ad8c-10bc6d66f737,james58,Female,55,67825,7550,09-10-2020,FALSE,Madrid,Gaming,Know scientist his else on enter kind bad government pick scene every kitchen education floor already. Education simple drop manager.,133,#gamerlife #esports,TRUE,08-11-2024,Android,es,3374,348,267,0.0588
14777287-ca7f-4962-a4a2-7f8710545cca,5a20d5e3-e20a-43f8-ad5d-78a16ce15a95,uhunt,Other,26,83028,9449,22-07-2016,FALSE,Bursa,Finance,Next evening story modern huge these. Else there down source glass network walk significant.,92,#investing #crypto,FALSE,23-09-2024,Tablet,es,4246,400,284,0.0594
97d07620-86d0-4379-bee1-ff448582e14a,a1eb84be-090d-4b20-9b41-6b6670e9c9cc,noahwhitaker,Other,57,13523,4105,17-09-2023,FALSE,Istanbul,Finance,Account director democratic role head idea country return building imagine here wish modern recent everybody sit listen learn area sort. Beautiful ability they despite specific.,177,#stockmarket #crypto #money #investing,TRUE,19-12-2024,Web,fr,653,92,8,0.0557
853ee6eb-79fe-457a-9e0b-ea7721cf6947,b11bff5f-d8aa-48aa-a296-e4a62b9c8f83,tyler13,Male,45,76641,8442,18-04-2017,FALSE,Paris,Pets,Stuff fire animal scene center guess discover mouth place it dark fact house exactly interview reality young. Tell seat easy surface weight tough.,146,#petlover #dogsoftwitter,TRUE,04-06-2024,iPhone,es,3859,373,167,0.0574
58cf36d0-3ead-4213-aca5-32661d506b0c,174852c4-707f-4148-a3bb-100c9934f156,morgankaren,Other,18,30799,2989,17-02-2024,FALSE,Bursa,Gaming,People enough friend chair approach western offer stand attorney theory again pick job lot. Body them foreign hot with energy thing.,132,#esports #twitch #gaming,FALSE,20-09-2024,Tablet,fr,1589,168,22,0.0578
aef999eb-6a1d-4364-9d98-7664d10529f6,2343b0a8-76b3-42ec-95d6-a965f4063ac3,ujackson,Female,32,88309,6651,23-09-2021,TRUE,London,Gaming,Plant dark cultural door strong interview enjoy Democrat focus television he relationship list operation talk age speak gas serious political contain all. Ahead idea month free series art be.,191,#twitch,TRUE,11-02-2025,Web,en,4616,636,453,0.0646
71ab2aac-3c62-479a-a08f-310813950997,bff28484-6a68-4265-88e5-2671a0e02ea9,andrew41,Female,28,28357,5586,24-06-2016,FALSE,Paris,Education,Quite build civil consumer third human believe despite body could left hair popular minute father. Record whom training eat.,124,#knowledge #learning #edtech #students,TRUE,26-08-2024,Tablet,es,1466,89,26,0.0558
45551038-e87d-400b-9b01-9fc8b340c5d1,ab239f4e-301c-4a68-9232-6f5b60482be0,heathchristopher,Male,29,85262,3646,14-04-2020,FALSE,Madrid,Health,Knowledge free really sing activity official serve physical send suddenly guy though. Environment many whole month seven quite.,127,#fitlife #mentalhealth #healthtips #wellness,FALSE,15-07-2024,Android,de,4318,585,165,0.0594
664430a5-9d8f-445d-b0db-725224754adb,89ead242-b574-4533-b5e1-15b2cf60f74a,dingram,Female,53,2448,1078,09-11-2016,FALSE,Paris,Art,Most especially why south direction military shoulder leg item tend process real account fact energy can continue. Pass country term never.,139,#artistsoninstagram #creativity #digitalart #artlife,TRUE,01-02-2025,Web,es,131,14,1,0.0596
28b275a6-cb39-4d07-9ec3-1528ac6d6bec,ec1337f4-f24d-4186-8c6a-a72d72d0528e,linda23,Female,33,66021,1800,21-06-2019,FALSE,Izmir,Technology,Each production hope worry early way into season for person stock way yes. Nearly probably too.,95,#future,FALSE,02-01-2025,Web,fr,3227,219,142,0.0543
b141d211-2b4c-4211-a40e-7c48662bb877,43f3bbfc-5bdc-4a9a-983b-77b879e411e1,tara02,Female,37,32254,4748,23-03-2021,FALSE,Ankara,Fitness,Democratic customer control personal leave thought job suddenly station choice people sit buy gun deal treatment also candidate way probably I. Despite where state close early.,176,#fitlife #workout #gymtime #healthylifestyle,TRUE,12-02-2025,Web,fr,1682,176,52,0.0592
9336ee08-3de5-4080-a46a-c1e7bd3569c5,a4b233b5-1d29-401a-8d31-a7036593b083,colleen90,Female,16,52452,7166,24-03-2023,FALSE,Izmir,Food,Good why without ahead others or sort every some art conference leg under ago certainly window participant Democrat next. Above factor customer professor mother record.,168,#yum #foodie #instafood,TRUE,08-01-2025,iPhone,tr,2670,309,46,0.0577
c981a68a-419c-40fb-b646-4b7245673dd7,0551046d-4cd5-40b9-9f8b-857d78b2cad6,kelly98,Other,60,67813,4504,18-04-2023,FALSE,New York,Pets,Value call training feeling themselves site allow down whose travel get most remember design might. Series magazine language daughter specific wait.,148,#petlover,TRUE,17-05-2024,Tablet,fr,3310,478,300,0.0603
b9d5dcd3-6ad5-4c83-9acb-bb52b6cf03b4,aba7c576-981a-420e-afde-5d85b222b05a,sandratanner,Male,32,20948,3775,18-02-2024,FALSE,New York,Education,Store forget quite door stop hear be church certainly question share that job ever. Only test better gas.,105,#students #edtech,TRUE,21-02-2025,Tablet,tr,1065,101,90,0.06
d76961f0-99ad-4b0b-810b-282d0f2a060a,d5dea883-4dbb-4be3-a3ea-3dd1a8b002df,knewton,Female,25,12661,497,23-12-2021,FALSE,Madrid,Music,Half level industry month moment rich from full American approach message. Institution risk store foreign field score law.,122,#vibes,FALSE,29-04-2024,Android,tr,609,76,10,0.0549
45e79f1d-d778-4921-a220-5dc7653600f3,824b262f-7cdd-4b56-909c-02fb14109d70,lmoreno,Male,51,26593,8208,27-04-2020,FALSE,New York,Pets,Address remember family never one boy require foot air occur pressure explain Republican American true ago. Other guess six over son various.,141,#catlife #adoptdontshop #petlover,FALSE,10-08-2024,Tablet,es,1258,78,84,0.0534
993631f8-0995-4e78-a00e-e7344d4153e6,40d79876-cdeb-4eeb-ab9f-2533465214ad,jimmycollins,Male,24,5876,5156,29-08-2016,FALSE,New York,Fashion,Meet back artist series care check just form language student physical value even off conference exist. Call method chance eye.,127,#fashionista #ootd #lookbook #style,FALSE,02-11-2024,Android,fr,282,38,7,0.0557
d94fef3e-4af4-4702-91c6-93b29c64eea9,c60ad6f6-fb97-473f-8f92-677ddaec9d27,rmoore,Female,55,4628,5181,14-03-2023,FALSE,New York,Health,Lot like although management represent them throughout outside. Natural financial read indeed to.,97,#healthtips #mentalhealth #fitlife #wellness,TRUE,13-03-2025,Tablet,en,223,21,13,0.0555
2e48fb1a-1956-46f8-96e1-640834d3d601,611efce6-f8e6-4b2b-9a2d-47b24eadf498,johnsonlacey,Other,21,16236,8646,21-07-2020,FALSE,New York,Art,Job car question game instead suddenly brother form only gas air collection late. Enjoy safe again feeling site treat worry.,124,#digitalart #artlife #creativity,FALSE,26-09-2024,Web,es,803,50,44,0.0552
9fdfd61c-e67d-4875-a7f0-020bbb4ef332,8192d784-efb7-43d9-9956-2d2107ea345f,ecisneros,Other,19,64864,9189,09-08-2023,FALSE,Berlin,Politics,Quickly however culture artist executive happy both. Dark billion trade PM any fund whether from.,97,#politics #news,FALSE,21-06-2024,Android,es,3259,283,70,0.0557
e994ceff-09e3-43e8-9f6a-025c9a7c5c2a,abe10d19-7b10-448f-a439-5d7d3321601f,michaelallen,Male,46,60842,6962,04-10-2016,TRUE,Izmir,Gaming,Good performance from store type soon when. Yeah what professional data some until.,83,#esports,FALSE,23-09-2024,iPhone,de,3074,413,54,0.0582
8d03cfc7-d1cc-4d1d-8bb7-833d4f3c90f3,bf8c4dc5-58d1-4b92-9e78-519c6994b9ed,christopheranderson,Male,28,95760,3343,24-07-2020,FALSE,Izmir,Gaming,Increase approach star partner serve feeling sound oil air individual response family bag become treat quite next she behavior. Lead discuss hospital himself animal visit race drug.,181,#twitch,TRUE,15-04-2024,Tablet,es,4848,390,141,0.0562
bf5e17bb-bcdd-4a93-aa5b-595feaeab581,0785e548-514f-4d7e-875b-738fe146e148,abrown,Male,26,2234,7280,17-02-2018,FALSE,Paris,Music,Already office white military media go quickly woman almost. So necessary others behavior hard daughter.,104,#playlist,FALSE,05-04-2024,iPhone,de,111,9,2,0.0546
d251ef63-fd96-4d41-b3b5-af16d0082926,d7b53375-38fc-4185-84ea-2ccacd80f647,larsenharold,Female,48,28756,3462,24-04-2024,FALSE,Berlin,Education,Image any particularly couple question down describe. Item matter amount travel program threat myself.,102,#knowledge #learning #students,FALSE,22-11-2024,iPhone,fr,1391,135,126,0.0574
c6db2f72-a3ce-4965-9200-ccf8cef7e6ed,94ca6eb5-1a64-4568-89ad-c4fd0c2d174c,ocampbell,Male,48,94282,8509,02-03-2020,FALSE,London,Travel,Million want yes artist mother deep father weight last between sense significant. Identify security event successful career account.,132,#wanderlust #vacationvibes #travelgram,TRUE,18-06-2024,Tablet,en,4737,476,54,0.0559
a5121dbb-c32e-4137-9456-0d994fb7eaac,8d0cd39b-1d33-4e13-b4c0-daeda87e472f,rodriguezstacey,Female,57,43885,2872,29-06-2016,FALSE,Ankara,Pets,Mention behavior family sea if factor everything road including ever air leg next short. Seven out its dream.,109,#catlife,FALSE,05-11-2024,iPhone,es,2202,309,42,0.0582
d6562b95-dda6-4a5e-8020-37b5e99464fe,63624002-98a1-449b-bc3c-93d25c45055c,igonzalez,Female,43,88070,9546,15-11-2018,FALSE,Paris,Pets,Million raise near kitchen take evening note find money professional fill wear himself. Describe soldier pattern friend begin force space idea.,143,#adoptdontshop #petlover,FALSE,28-11-2024,Android,fr,4370,386,57,0.0546
1e7be6ad-96ae-4df1-98b1-7c508314c0bc,79153c25-8a5f-4e22-ba09-2995bed19361,cmitchell,Female,60,93662,1952,20-11-2017,FALSE,Izmir,Finance,Cultural evidence walk phone society on action new north heart. Home industry you mind when business worry consider.,116,#money,TRUE,13-05-2024,Tablet,fr,4571,473,144,0.0554
6a4f95e0-b927-4c33-94fa-a086da8533fc,48cdaeea-67a2-4f64-aec8-6cb437ef2c23,martinmaria,Male,38,27794,1076,05-03-2016,FALSE,Paris,Education,Sit certainly professor practice window population entire nice case tough difficult debate magazine newspaper establish wonder push ask method man feeling. White many each up skin foreign his.,192,#knowledge #students,TRUE,24-01-2025,iPhone,de,1280,85,35,0.0504
95b424ba-5d5a-4cc4-be36-8f36615d76a2,d204dea4-3c4e-46aa-bb48-03bac7ff02ca,frichardson,Other,36,53065,2342,17-07-2018,FALSE,Madrid,Fashion,Put last human standard trouble wonder stay leave history quality approach good attack same trouble PM look interesting police wait. Democrat increase difference level happen.,175,#lookbook #ootd #fashionista,TRUE,30-04-2024,Tablet,en,2638,221,82,0.0554
a9655225-d88b-4e1a-bf4d-1ed12d0fce52,00681cda-59a2-4c81-bcb8-4329d9ea6d7f,margaretboyd,Male,20,42642,4148,26-04-2018,FALSE,Madrid,Gaming,While great third son concern article character wonder member kitchen lay. Tend case economic bar.,98,#gaming,FALSE,29-10-2024,Android,tr,2141,216,183,0.0596
eb6a7b60-25b3-4495-9eb9-aaaf56fd3471,aaea85df-4d90-4081-8def-e76db192afb0,bwilliams,Other,43,39220,1024,01-11-2022,FALSE,Paris,Food,Occur month provide price source. Hear big difference these natural anyone.,75,#homecooking #instafood,TRUE,23-04-2024,Tablet,tr,2003,265,63,0.0594
8abc47fb-bd39-45d3-9695-1f2a7d76ad56,30684a7e-73d9-4027-b091-5a8f5a7aba47,antonio40,Female,33,77170,2672,05-08-2023,FALSE,Istanbul,Music,Enjoy could control control none test little interest report daughter take public reality answer evidence. Daughter benefit I turn season.,138,#musiclover #vibes #playlist #nowplaying,FALSE,02-10-2024,iPhone,es,3791,288,108,0.0543
53bee3b2-d331-4299-8c6d-b2e1f1946685,20dde538-3d0c-4b09-9b97-086391d09b4a,ramoskayla,Female,59,28792,7517,07-01-2024,FALSE,Antalya,Food,Wife say make although character owner more glass too pressure street far story image peace again. List reflect goal per.,121,#yum #homecooking #foodie #instafood,FALSE,26-04-2024,Web,fr,1455,195,36,0.0586
188b8751-b2b9-4e4e-804d-4d17f657341f,0aa0b2e4-c1cc-43ca-82e6-0b8d8036a579,lfrench,Female,18,62424,1268,21-02-2020,FALSE,Antalya,Books,Soon democratic tough mean create. Walk according low rule score.,65,#reading #literature #readmore,FALSE,09-08-2024,iPhone,tr,2997,416,237,0.0585
31c5dfec-2156-48f7-b522-fba8964725fa,545ebf6c-7790-4570-82c9-86dc0b61e541,colin14,Female,25,48714,7292,10-05-2022,FALSE,Istanbul,Pets,Determine into action seem today within board near lay fund very statement book your dream. Analysis early participant kitchen.,127,#catlife #petlover #dogsoftwitter #adoptdontshop,TRUE,24-06-2024,Tablet,tr,2466,279,207,0.0606
87f89467-968e-4e7f-84f2-4e23d3401842,02a70f02-a3db-41b0-9d61-f3bc0e56f1ae,guerraapril,Female,37,58654,4997,22-05-2020,FALSE,London,Memes,Conference interesting goal task compare cut beat including. Fund against several economy for full.,99,#lol,TRUE,30-08-2024,iPhone,de,2967,174,204,0.057
4a0c6cd6-6dfe-4c46-a3df-b04347b92c3a,eabd8663-ee37-4795-b4aa-c3667c1ba704,dominicturner,Other,25,70571,4596,10-08-2023,FALSE,Ankara,Education,Vote thus purpose if through section century right both account. Tough suddenly true type near among.,101,#learning,FALSE,30-10-2024,Web,en,3501,420,171,0.058
980e0ab9-5a2a-47d0-b4bf-54dd54416e30,38f372c2-f139-48de-8eef-8d4d78c02f4c,douglashill,Female,54,55926,4675,20-02-2023,FALSE,London,Music,Five whatever significant will bar mission support law read dark Congress. Half somebody off director recent.,109,#playlist #nowplaying #musiclover,TRUE,17-06-2024,Android,tr,2705,146,127,0.0532
6e28ed41-6500-491a-a7cc-c917eeef0f9e,c5812272-740d-4a44-9371-d6b8e8a4a2ff,pterry,Other,25,12809,9875,17-03-2020,FALSE,Izmir,Gaming,Picture have morning safe red why. Former stage to ok could team.,65,#esports #twitch #gaming,FALSE,19-12-2024,Web,fr,644,66,41,0.0586
d8ea8e81-fe19-41e4-9834-a8801c4b97f9,0876a24f-e58a-4794-827e-fbd4185353de,nwolf,Other,47,79582,4739,05-10-2019,FALSE,Bursa,Music,Dinner challenge computer raise include month free up former book agency result. Attention simple town follow fight.,116,#nowplaying #playlist #musiclover,TRUE,01-10-2024,Web,fr,3971,309,213,0.0565
853610ae-9e94-47ab-8fa0-dcc3363fdfda,d1bf18fc-f32b-405e-bfe2-8805038eb30a,john88,Female,26,76856,9150,05-04-2022,FALSE,Izmir,Memes,Single better parent couple hot half easy wonder data. According lot sign record cover.,87,#relatable #memeoftheday #lol,FALSE,17-12-2024,Tablet,tr,3847,231,216,0.0559
effeae41-8b2a-466c-9e74-aa0515518a4b,9519dddf-bb2d-40c9-90c3-413870441d46,bwhite,Other,48,1344,2597,13-03-2024,FALSE,Izmir,Books,Able standard tonight build side enjoy late large policy. Benefit leg stock section.,84,#readmore #reading #literature #bookworm,TRUE,07-09-2024,iPhone,tr,53,2,0,0.0409
8161a4a5-41e7-4408-9cd0-32ad909a59c4,943b3af0-615e-483f-824c-4b3fefb249e6,cindy61,Male,51,26996,3444,21-10-2020,FALSE,Bursa,Technology,Born contain region them college together strong difference defense treat standard seat. Last subject much herself.,115,#innovation,FALSE,01-05-2024,Web,tr,1321,95,103,0.0563
b127462b-b591-491e-ac4b-7c74c2e359ef,88aaf6e7-efd0-4461-bbc7-a9ab9e35197c,mhickman,Other,59,12757,9084,11-12-2024,FALSE,Ankara,Gaming,Her know already page management science whose similar dream shake attorney. Rate return throughout operation.,110,#twitch,FALSE,14-01-2025,Web,es,671,52,37,0.0596
8f27c99a-48ce-4878-8a5a-e23a3086dfd7,0cc6ad70-c126-44cd-a46e-58ba44bd0eb3,hstokes,Other,37,22064,6961,10-01-2017,FALSE,London,Memes,Paper nature easy practice maintain deep threat explain matter mind require election. Amount go response picture up.,116,#relatable #lol,TRUE,20-02-2025,Web,tr,1069,157,64,0.0585
9c26b637-7a96-4728-a7e2-b76f6c58db55,9edb1f5d-6130-447b-b100-0202e1aecf24,chloe58,Male,60,35046,7745,27-05-2015,FALSE,Berlin,Pets,Stock without free dark subject level professional system wrong ten according end. Thank light thing fly.,105,#petlover #catlife,TRUE,16-05-2024,Web,tr,1772,240,167,0.0622
4cb339c3-db8b-433a-b689-0fef384a5af2,3f4d3842-379b-41e1-816c-8a6611d4e67a,christy45,Other,54,22760,5921,31-01-2016,FALSE,Istanbul,Travel,Late ok standard improve set within store price skin standard. Building job team after.,87,#explore,FALSE,04-05-2024,Tablet,en,1143,79,112,0.0586
878108bd-41c5-4e99-8e53-6e81c7d126fe,f9794d01-2b18-4066-9628-d822342fd0e1,daniel60,Female,55,35411,5671,24-04-2017,FALSE,Madrid,Health,Wrong though small job about power operation such about new. Any their yes matter image collection agency.,106,#healthtips #mentalhealth,FALSE,15-03-2025,Tablet,en,1730,104,73,0.0539
2f4665a4-1fe9-47db-816c-c133213a4d71,360ccd11-95ef-4153-927a-a9f3c925e333,itorres,Other,41,13791,9217,04-08-2024,FALSE,Bursa,Fashion,Left statement surface size be provide less recently media thing beyond none interview prevent same training fill agreement make dark. Which gun receive none born or.,166,#style,TRUE,23-05-2024,Android,tr,642,34,18,0.0503
9cefe989-06bf-4231-8944-7dc1c11d3506,1d2b517b-a087-4f92-acee-45c4aa879a37,zwhite,Other,19,4189,233,07-01-2024,FALSE,Istanbul,Fitness,Already tend top build daughter husband talk role notice school least executive most prove company. Any ground interesting.,123,#workout #gymtime,TRUE,04-01-2025,iPhone,de,199,16,8,0.0532
eca0d274-2123-4a8b-ba04-1235613b61ab,e7d27ac1-5a6a-4de4-aeb2-6eb4370a0cc2,erivers,Male,55,23644,5620,19-07-2022,FALSE,Madrid,Art,These reveal indeed list guy building candidate both risk. Meeting want example later draw.,91,#creativity #digitalart,FALSE,18-02-2025,Android,tr,1226,104,40,0.0579
a523b19b-6c28-4117-bf81-b5c8c9df8a63,8cb0110c-4c33-481e-86d5-98367462c6ba,allisonscott,Male,32,30687,1945,16-04-2022,FALSE,Ankara,Health,Up project war pressure fill Mr health page opportunity seem concern certain already bag customer. Throughout international official chance special born.,153,#fitlife #healthtips,FALSE,23-04-2024,Web,es,1563,234,33,0.0596
0a70ce73-994b-4e18-abc5-4d2cb20fbdd9,0b7f87f7-b422-4b9d-8be9-9a5b49830f52,kristine73,Female,39,25768,8668,20-02-2016,FALSE,London,Books,Inside one country hard question defense baby share long describe fly hotel car something rich local discussion forget former. Ready apply our everybody nature make.,165,#literature,TRUE,22-09-2024,Tablet,de,1272,145,43,0.0567
34b2ec37-d6b8-4043-ba7a-ac1ecd375549,71a9e110-679b-4030-9aa3-27d7c28c494c,torrestravis,Male,48,35904,1914,13-11-2016,FALSE,Ankara,Memes,Buy control citizen opportunity professor culture second business discuss wind song case determine key least issue town account. Nothing everybody return such health.,166,#funny,TRUE,08-01-2025,Android,tr,1849,217,124,0.061
dcfdf013-a37a-423f-b1aa-3a11cc14dab6,c20d469c-387b-483a-8bbe-7b7e327a7523,barbertonya,Other,53,33568,6458,30-06-2015,FALSE,Bursa,Health,First whole realize manager lot suddenly bad feel avoid by. Deep political deal easy understand.,96,#mentalhealth #wellness #healthtips,FALSE,18-04-2024,Web,es,1671,201,75,0.058
b48b8484-d4d1-472b-8eac-8c07bd8af170,2c124ebd-7ab5-4043-87ef-420f95b146a1,nicolejohnson,Female,59,87253,2901,13-11-2020,FALSE,Antalya,Health,Ready manager all onto tonight least anyone even alone skin herself. Late good individual think either current.,111,#mentalhealth,TRUE,27-04-2024,iPhone,en,4360,301,195,0.0557
9208f515-d946-44e7-9563-1fc748d11789,50e0e7cf-3e13-4ab5-bdbe-a0118f74a6bb,louis43,Male,28,19862,5664,27-06-2016,FALSE,London,Politics,Movie three social with southern Mr foot hundred service direction two poor evening soon art response. Feel teach single.,121,#worldnews,TRUE,05-11-2024,Web,es,1041,77,29,0.0577
6718aca0-8eca-42ef-beac-b27d18734831,fe8f2031-59fe-4466-ad00-1da8d4ff038b,mcclainmelissa,Other,27,74814,9199,30-09-2015,FALSE,Paris,Politics,Employee cover everything once boy whatever blood modern audience nation policy indeed throw performance box. Several television only hard.,139,#worldnews #politics,TRUE,22-07-2024,Tablet,en,3700,454,182,0.058
a4b45f4d-361b-4f9c-9e57-e968a8a91707,5f146cdf-8c70-495b-b7bf-a9714567bd1f,gmaynard,Female,28,18087,8664,21-08-2023,FALSE,New York,Music,More someone thought back become respond also country leader. Apply begin within include success these.,103,#vibes #musiclover #nowplaying,TRUE,21-05-2024,Tablet,fr,953,141,59,0.0637
14d29da1-be0a-4cca-b708-7d1c21b53856,83f3082b-a454-4833-ba75-742cdf14aed6,barbaraolsen,Other,16,74731,364,01-02-2025,FALSE,Paris,Travel,Cost strategy free follow indicate class treatment which store game economy hope remember college professional now about student. Seek early far everybody.,155,#wanderlust #travelgram #vacationvibes,FALSE,15-08-2024,Android,fr,3758,374,230,0.0584
440afd5f-0d5f-42c5-9bb8-b032402d4229,fb95dcac-2b5a-4cc9-bbf3-15518c6a0d8d,jeffrey92,Male,48,36558,3698,27-08-2021,FALSE,Paris,Fitness,Truth soon unit street else rate result anything anything social unit. Table baby kid yet group hospital front.,111,#gymtime,FALSE,17-04-2024,Web,de,1858,197,155,0.0605
c317ef0b-632b-4062-b650-1c605fc56a3c,592e07f8-6375-4306-a4fd-507508cf0c18,ortizamanda,Male,30,66319,1835,08-02-2018,FALSE,New York,Fitness,Plan scene science a color fact blood full attack. Among parent job professor beat rule traditional.,100,#fitlife #gymtime,TRUE,02-07-2024,Web,en,3353,400,36,0.0571
b205a708-4d53-4122-a28f-32f82f6abf8c,fdf06007-28d1-4e6f-bb9c-76cc8fae3da2,jford,Female,18,46177,5826,30-11-2015,FALSE,Paris,Pets,Court purpose itself growth sound cell future wait son. Forget issue service floor.,83,#adoptdontshop,FALSE,04-05-2024,Android,de,2259,304,89,0.0574
0c917f81-ee2e-48c0-a979-a14a68eb9d7c,7d23216f-a6cf-44c8-b3fd-010e62cc2416,ypatterson,Other,45,43173,9729,03-06-2016,FALSE,London,Books,Positive between health list color arrive forget scene fight condition beat once break rate practice. Now treat establish both.,127,#reading #bookworm,FALSE,01-05-2024,Tablet,de,2215,305,28,0.059
d2badf4f-ecfc-4969-ae93-157290e27c65,4f951a33-b38d-48df-a4f6-05ad7ecaf621,srogers,Male,47,65740,4343,20-02-2016,FALSE,Izmir,Health,According base spring which really however officer couple building take include child town stock star air late three charge. Total position reduce job woman message minute idea.,177,#healthtips #wellness #fitlife,TRUE,17-11-2024,iPhone,de,3243,190,79,0.0534
8d25fdce-a2f1-46d8-b02c-950d03772a86,7ac6e21b-80c8-4e88-8d68-8deace8a19c4,brooke94,Male,20,85923,7742,08-09-2022,FALSE,Antalya,Pets,Myself real chair cost son by product lead property we weight tree fine event police buy training finish somebody. Nice agent believe course.,141,#catlife,FALSE,06-10-2024,Android,fr,4286,514,140,0.0575
14013b8d-5365-4325-92ba-2b9528d5a6fb,42be129d-fec3-4299-a117-3d89c680afe9,johnsonchristopher,Male,33,23057,7250,27-11-2018,FALSE,London,Finance,Third design grow stock move color who face myself value win road challenge risk same edge company hotel street. Drug sister act cause east strong serious education.,165,#crypto #stockmarket #money,FALSE,21-06-2024,Tablet,en,1139,65,46,0.0542
1c282e18-da93-4aea-8f61-cf365d59d383,79153c25-8a5f-4e22-ba09-2995bed19361,cmitchell,Female,60,93662,1952,20-11-2017,FALSE,Izmir,Food,Interest son spend listen ahead significant people rule prepare play produce operation movement policy. Remain travel few will red time.,136,#yum,TRUE,29-09-2024,Web,fr,4607,442,283,0.0569
b270dfaa-e651-44a9-91ba-4c20d9b429e4,7a51b265-f134-49e4-b045-297e40c271ee,marybartlett,Female,52,94289,7589,29-03-2023,FALSE,Paris,Finance,Tell avoid large full soldier successful appear drop despite along social take affect pull sound our television whom certain sometimes. General consumer get those.,163,#investing #stockmarket #crypto #money,TRUE,05-09-2024,Web,fr,4746,358,116,0.0554
748975a5-e946-472d-bce8-44a0dc57caf1,822bdc1e-8f4c-41f0-bb11-94020e1a908e,brooke28,Male,29,99840,6028,16-03-2018,FALSE,Bursa,Gaming,Or debate concern your its rich send require ok five continue new billion necessary some memory course high court provide coach strong near interview again. Ever practice discussion.,182,#gamerlife #twitch #gaming,FALSE,05-03-2025,iPhone,de,5052,337,372,0.0577
3050d704-103c-4873-8b00-b86ff97e14fb,d4bd7c76-a5a7-4200-b70d-c9a31b427912,kelly15,Male,50,38838,6049,20-08-2023,FALSE,London,Technology,Significant discuss minute own often audience ball interview official cost ball course economic religious result get spring work you about look. Rich necessary similar.,168,#tech,TRUE,13-07-2024,iPhone,es,1906,200,136,0.0577
e005229d-8aad-4392-9646-55b69c352f5b,1617f6da-da9a-4a16-9d7c-b1a58e794375,hendersonleslie,Female,20,16442,5655,18-04-2016,TRUE,Bursa,Fitness,Executive official partner tree cup get help indicate when by audience national activity foot often authority sit either evidence grow security clear he four beyond stage. Remain score partner go benefit.,204,#fitlife #workout #healthylifestyle,FALSE,27-08-2024,iPhone,en,791,67,12,0.0529
2b7add0d-e710-4bfc-99f6-e4f91d304a1e,f1515032-3292-421c-b0b9-d0dc195fc54e,andrearivera,Male,31,91442,1248,22-07-2024,FALSE,Antalya,Art,Process great TV region true ago improve final blue discover team use director series safe. Wall friend air.,108,#artistsoninstagram #digitalart #creativity,FALSE,14-04-2024,Android,de,4540,551,441,0.0605
2febecd3-ac44-4265-84d5-6507cc1cd17b,0814bc35-e533-4bce-9924-e85a42248277,anthony02,Male,50,62226,3652,13-12-2024,FALSE,Paris,Gaming,Down third town cell end information reduce successful skin letter. Year cup what.,82,#gamerlife #esports,FALSE,08-12-2024,Android,fr,3100,248,68,0.0549
72f06145-a243-46a3-a354-e5afa18342ed,5adf3843-7db5-454a-b794-adfd6d37f8f5,steinphillip,Female,30,2127,817,12-07-2021,FALSE,Berlin,Music,Describe stay born middle kid thought their staff president. Seek government team push score surface floor.,107,#musiclover #playlist #vibes,FALSE,12-05-2024,iPhone,fr,110,5,3,0.0555
1d6cf191-98b4-42ab-b819-96f390405e74,d9b44a8b-113c-4762-91f8-7e261654733d,davisalexa,Other,42,98801,7370,05-05-2015,FALSE,New York,Travel,Audience claim see way institution serious marriage stage audience figure subject. Draw write today you mean.,109,#vacationvibes #wanderlust #travelgram,FALSE,21-05-2024,Web,tr,4863,570,455,0.0596
fbb44c4d-8922-4a95-81d6-9af3494d96f5,ab6db73a-7d60-4c42-aec0-f63fd49e82a2,jeffery94,Male,32,59696,5359,29-04-2018,FALSE,Izmir,Memes,Approach it short sit ok else store ago sport mouth meeting affect relate fear weight resource quality truth. Attack check away education.,138,#memeoftheday #funny #lol #relatable,FALSE,17-10-2024,Tablet,en,3011,200,113,0.0557
217bc685-5437-40b8-bbc9-885c4c7588b7,0aa0cd0a-ac20-4cdf-b160-2b4d026645ab,robert11,Female,60,68225,6152,17-08-2017,FALSE,Ankara,Gaming,Language care energy institution interesting nearly mouth. Court service example paper long trip action professor.,114,#esports,FALSE,28-03-2024,iPhone,fr,3478,174,37,0.0541
c86cf14f-1a51-4fe5-a010-c6931161a830,79bcc41e-a820-4d13-ac7c-f20651299902,bvaldez,Other,26,51316,8105,12-10-2017,FALSE,London,Health,Could find many defense daughter figure bit in at and again successful ability activity factor current doctor. Free seat number card result service.,148,#healthtips #wellness,TRUE,15-05-2024,iPhone,de,2578,343,185,0.0605
eed19742-0f3b-4250-b088-1b2d04b423c7,01f28994-fe90-4ac4-badb-d38ccb750a21,uperez,Other,40,12150,2100,15-10-2018,FALSE,Paris,Politics,Quickly others ground sense yet less prevent major some baby mission share through. Wait never resource town statement make live.,129,#election2024 #news,FALSE,06-09-2024,Android,tr,584,54,12,0.0535
5d1ba2ff-36ac-496b-9f27-2a003595f266,7e436152-2ee8-46b8-b8e9-95e3eda0028a,jeffrey85,Female,41,3998,3424,16-04-2019,FALSE,Istanbul,Photography,Ten design lose prevent can defense Mr mouth off pass poor son among media different ever bring education. School improve member stock population so.,149,#photooftheday #snapshot #dslr #travelphotography,FALSE,04-02-2025,Tablet,es,190,15,12,0.0543
e5e59446-0fc6-49b9-a213-134e7a9c232e,f1e1d885-a53f-41f9-9a15-43123a7cd109,sarahibarra,Female,55,73485,2582,16-05-2019,FALSE,Bursa,Memes,Exactly Mrs together air which official idea find. Easy plant blood.,68,#memeoftheday #relatable #funny,TRUE,23-02-2025,Web,tr,3679,365,48,0.0557
b3fc00fd-2d9d-415b-abdb-bc739798521b,341efcdf-0843-4cb0-abdb-fc652e174e7e,victor76,Other,53,35314,8966,19-05-2020,TRUE,Bursa,Art,Source member people trade black worker point draw hospital cell gun everything figure. Short on large purpose first.,117,#artlife,FALSE,01-04-2024,Tablet,fr,1655,115,145,0.0542
3e6a070c-5a4e-4e77-9d74-310700957178,dac29b48-3211-42c2-813f-201eeb23cf89,danielleandrews,Other,18,53478,6060,01-08-2018,FALSE,Berlin,Health,Direction finish inside lay cell approach life play should culture next evidence area. Grow power rest sense purpose environment.,129,#healthtips #wellness #fitlife #mentalhealth,TRUE,18-03-2025,Tablet,fr,2667,152,50,0.0536
d7b9263d-2db9-4ac9-b35d-9957850a9f27,a755c2ca-d964-45c3-a453-607c9236508a,torresjason,Male,24,70898,2521,30-01-2025,FALSE,Izmir,Art,Late voice might order including life whose themselves Mrs sort. Popular today career wind.,91,#digitalart #artlife #artistsoninstagram,TRUE,30-04-2024,Web,es,3513,320,171,0.0565
5956028f-f705-477a-a756-e20b162fe5ea,7b60c382-4fb0-4f27-83a2-30422f47b260,rogersruben,Male,31,26409,591,17-02-2024,FALSE,Berlin,Books,Science lay cause program understand. Shoulder peace manager.,61,#reading,FALSE,15-04-2024,iPhone,tr,1228,140,84,0.055
bb4b16fe-bd48-46fe-bee0-b5cf44df3573,d8be521a-b345-4d0c-abec-8d89077fef6f,shawn01,Other,29,16325,9677,21-04-2023,FALSE,Izmir,Travel,Site far black kitchen protect Mr administration want believe. Weight world necessary.,86,#vacationvibes #wanderlust #travelgram #explore,FALSE,25-08-2024,Tablet,tr,828,82,23,0.0572
fabed816-df8c-4de4-82b8-8f6493b00e46,88981d9a-a364-4e5e-afa7-93529c633773,kelleyrenee,Female,28,53662,139,24-05-2023,FALSE,Istanbul,Politics,Bank industry week chance item show feel water marriage receive. Nature like boy administration brother leg single.,115,#politics #news #worldnews,TRUE,17-06-2024,Android,es,2676,271,180,0.0583
89bae23c-6e67-4084-91e5-dce95b93c3a4,bc815882-e937-4bf8-97d7-f06eedb5d9b3,dsharp,Male,60,79409,7724,04-01-2021,FALSE,Paris,Books,Church leg another expect family skill ahead each final heavy. Significant not party lot throughout over.,105,#reading #literature #readmore,FALSE,28-01-2025,Tablet,es,3968,500,242,0.0593
20aeb574-1301-4756-a42f-38de4b2001a1,dd508faa-28a2-431f-a458-d898fd70e79f,fvasquez,Female,59,36045,2303,19-10-2017,FALSE,Bursa,Memes,Senior police arm something dinner work sort kind organization scientist. Of end success claim level executive month black.,123,#memeoftheday #lol #funny,FALSE,18-03-2025,iPhone,de,1750,148,36,0.0537
5a61b433-73db-4896-83eb-ffee62a499b8,e8b4088d-b000-4a7c-bacf-62dfb98375c7,kellymueller,Male,49,24788,3987,06-05-2019,FALSE,London,Education,Arrive memory should eye career base. Two ready spring best skin.,65,#students #learning #knowledge #edtech,TRUE,23-05-2024,Web,es,1219,174,115,0.0608
1f70f0d8-99ca-4473-b5e0-7e7d2aeb5ce0,bdeb42a2-980d-44e0-b7bd-c466addb7163,randy20,Male,43,79871,2193,29-01-2019,FALSE,Berlin,Food,Happen ball stage arm early drug serve establish rock choice thousand. Fast win soldier site former here firm.,110,#instafood #yum #foodie,FALSE,22-02-2025,iPhone,en,3934,199,374,0.0564
03ffc686-3574-4d7e-8b8b-54321717506d,c2d57ddc-315b-4f08-b9b8-db4b14f526d6,laurakaufman,Other,46,24828,7886,23-09-2023,FALSE,Ankara,Finance,Day authority from body at option turn agree. Agree activity bill say.,70,#stockmarket #crypto,FALSE,27-11-2024,iPhone,es,1352,70,36,0.0587
184d206d-c7bc-4be9-8963-ac2043f3577f,eb434286-0969-4738-800e-bdbd2922ea63,sanchezangela,Female,26,79709,8627,09-05-2017,FALSE,Izmir,Fitness,Data six guess campaign away push enter position interest until. Security half customer enter carry.,100,#workout #healthylifestyle #gymtime,FALSE,14-01-2025,Android,de,4017,281,375,0.0586
9bf0d8ce-5082-4981-a31e-f7e19238cd5a,67627bfd-1691-456e-8ffc-53a55176ef3a,tammy76,Female,35,24625,2716,13-12-2021,FALSE,Izmir,Technology,Build strategy board rate property perform resource find same including reduce move surface forget decide shake you first will husband camera. Hard move especially partner stage prevent whose consumer.,201,#innovation,FALSE,02-06-2024,Web,es,1276,180,59,0.0615
2abc3912-5b83-4250-a081-da1983d76119,edad3009-4c4f-4437-ba60-6067196c4b0b,miranda13,Other,25,93972,6452,24-04-2015,FALSE,Paris,Books,Crime new or stay memory really we say pick then. Meet air agreement south.,75,#readmore #literature #reading #bookworm,FALSE,20-07-2024,Android,de,4737,463,177,0.0572
f04e674d-85f7-44bd-be32-e7451273de6d,fa957845-8b2d-4834-846b-cefc0fc4e8c0,michael77,Other,54,12496,7500,27-10-2017,FALSE,Ankara,Health,Their respond meet one think piece late deep else so far capital. Exactly red manage lot.,89,#wellness #fitlife,TRUE,08-07-2024,Tablet,fr,678,80,19,0.0622
b1c15ea0-2269-4bca-9a12-e8973301acd4,4a0e8de8-4d02-4dc9-9835-26d8e66ad9f6,hernandezpamela,Female,56,3251,7878,11-08-2017,FALSE,Bursa,Technology,Not enough onto almost interview southern any across nothing them under hope national call score leader south sort market. Direction though young goal prepare face source again.,177,#future,FALSE,28-04-2024,Tablet,en,162,8,10,0.0554
f1bbe7e6-e511-4d33-9f7f-72c7d0f9c4a0,12af530b-3ea7-4277-b106-df9a02d995ed,monicaoliver,Male,50,82739,8914,16-12-2024,FALSE,Istanbul,Finance,Building though effect life teacher education. Room owner analysis sense art street.,84,#crypto #stockmarket #money,FALSE,13-11-2024,Tablet,es,4220,572,175,0.06
5fb6522a-36a4-411d-9e08-26d80464316c,e523acce-10a6-4918-9ea4-258b04cdf877,bellcarrie,Other,41,55899,8858,14-07-2024,FALSE,London,Health,Center place education all nor however carry. Religious father buy hour.,72,#wellness #fitlife #mentalhealth #healthtips,TRUE,11-04-2024,Tablet,fr,2824,416,66,0.0591
69881e65-2d46-4177-b3e6-4e5bbc8566b9,a63025ca-e260-4081-ad6f-8db4873c1f88,kimberly44,Female,58,84590,3506,31-10-2015,TRUE,Paris,Music,Capital arrive stay see without since father purpose. Meet most way visit least of choice under.,96,#playlist #vibes #musiclover #nowplaying,TRUE,01-09-2024,Tablet,de,4172,336,73,0.0542
c2a87eb3-e85c-4f5f-8585-eef3bee934f7,91218a54-e634-41e9-8b29-2fde445c1bad,david16,Female,50,34183,2314,14-09-2018,FALSE,Ankara,Travel,Skill material travel now rise from sometimes page security great perhaps successful. Then community rise rise manage them race.,128,#travelgram #vacationvibes #wanderlust,FALSE,18-02-2025,iPhone,fr,1696,111,68,0.0549
26bab2a2-ed7a-4faf-99e7-0510d2500876,e42d3ccf-63d9-4f94-b626-bae056c3d03a,craigmitchell,Female,53,77758,1119,18-09-2024,FALSE,Bursa,Politics,Keep blood direction sure use evidence age degree whole hour program can hold left truth. Report short everybody American rock.,127,#worldnews,TRUE,18-08-2024,Web,de,3797,405,103,0.0554
bb1987be-d1c5-4091-b3b9-c092d40d684d,1b97b74c-7ba7-4bbc-9cac-fc4617c32145,kara01,Male,53,20880,1184,03-05-2019,FALSE,Istanbul,Travel,Professional between clear help measure whatever who go visit. Mother owner also simple.,88,#wanderlust #explore,TRUE,11-07-2024,Android,fr,1086,105,13,0.0577
d661e2b8-7301-4f46-9deb-cf4c5a1aa7ef,61f207be-c4c9-4470-83e8-f7eb9f84c041,gina51,Other,28,74843,7846,22-04-2024,FALSE,Istanbul,Pets,Onto college watch moment responsibility care sister tonight make some consumer person five enter treat director police they. Rule card key white part.,151,#petlover #catlife #adoptdontshop,TRUE,12-01-2025,Tablet,tr,3754,410,89,0.0568
73b949a9-78c5-4997-8955-2fcf0dc66816,e527588b-e956-4616-9bf3-f28969a462ea,osbornkelly,Other,20,70068,663,18-04-2024,FALSE,Madrid,Technology,Cost station general American case ability kid close either thus phone west recent history. Project him so story describe market guess.,135,#innovation,TRUE,05-08-2024,Android,tr,3583,266,273,0.0588
04684def-550b-40fb-b031-b2e667b356b5,54e088f9-0388-438a-9e8a-58c7f0ad62f2,rebecca24,Female,29,70116,3713,06-11-2021,FALSE,Bursa,Pets,Eat wide green above nothing create new develop professor nothing. Appear performance subject level sure toward.,112,#petlover,FALSE,29-04-2024,Tablet,tr,3476,506,230,0.0601
90261af4-cc0c-4c61-abc9-e81a3fc0570c,17a8a2dc-cd7b-492c-8e8e-836226716cc1,walkerandrew,Other,37,6920,7089,31-12-2019,FALSE,Istanbul,Memes,Partner writer threat every beat find future throw short range law treatment. Paper stop recent moment include respond.,119,#relatable #lol,FALSE,20-03-2024,Android,tr,364,54,16,0.0627
1fc420a6-5964-48a4-be09-ce96166984f3,d9b44a8b-113c-4762-91f8-7e261654733d,davisalexa,Other,42,98801,7370,05-05-2015,FALSE,New York,Finance,Arrive character agree pretty local the want building once sell. Girl early you record now.,91,#investing #money #stockmarket,FALSE,13-01-2025,Web,en,5006,655,391,0.0613
f93cd92d-0162-4b07-b26c-163b095c3b25,0550d1f2-7179-402c-af5e-b5ea349c2b18,ijackson,Male,37,82534,8336,01-01-2021,FALSE,Ankara,Education,Capital decide spend specific trade throw might. Watch boy guess smile ahead cold add.,86,#knowledge #edtech #students,FALSE,18-03-2025,Android,en,4193,323,50,0.0553
ee7c53c6-c667-43b3-a89f-082571a7767c,ec1337f4-f24d-4186-8c6a-a72d72d0528e,linda23,Female,33,66021,1800,21-06-2019,FALSE,Izmir,Finance,Moment arm its able painting voice let activity western safe business determine agency kitchen personal institution power middle sit foot. Full yard onto offer best friend father.,179,#crypto,FALSE,04-02-2025,iPhone,fr,3308,389,322,0.0609
10089f24-509f-4b62-b2ba-df28e2a358cd,71a9e110-679b-4030-9aa3-27d7c28c494c,torrestravis,Male,48,35904,1914,13-11-2016,FALSE,Ankara,Memes,Compare easy include fact hotel knowledge maybe western bit treat explain. Always soldier try prepare.,102,#memeoftheday,TRUE,03-07-2024,Android,en,1773,238,99,0.0588
1dcab01a-e584-4efa-b6b0-b754c4744d8b,c84a6b4d-7137-4760-ab2d-38e219531c48,jacksonpaul,Male,36,19061,2139,17-11-2023,FALSE,Paris,Fashion,Tree radio read trade certainly main history production upon painting cut off expert international these way. Last why kid thus nice theory.,140,#ootd #fashionista #style,TRUE,29-08-2024,iPhone,en,944,102,94,0.0598
28e7a282-22a1-4965-ab3b-e7065712fbc6,f363e376-c84a-4a84-8509-3d5277afa3fb,paul54,Other,58,99396,2988,26-04-2023,FALSE,Izmir,Memes,Member street very together water mouth land per whatever beat house specific join political within face before language door often Mrs throughout. Lawyer appear whom everything defense.,186,#memeoftheday #funny #lol #relatable,FALSE,10-02-2025,Web,en,4947,739,494,0.0622
1b3d8dd0-03f1-4b59-a413-bb339c761322,8ab591bc-7162-4432-99bc-e26fd0f21e7d,laurenwest,Male,38,93132,9112,12-08-2020,FALSE,Paris,Education,Issue entire put our your unit else east. National establish able always pick cut.,82,#edtech #knowledge,TRUE,31-07-2024,iPhone,tr,4602,274,394,0.0566
7dbb5182-5a67-4949-8e0d-b288a2a0080b,d96d7b10-c913-48ef-becc-55f63075565f,mendezmark,Other,30,68335,5050,05-09-2015,FALSE,Ankara,Gaming,Soon study health skill condition it recently operation series street similar wait. Property we city well white.,112,#gaming #gamerlife #esports,FALSE,15-01-2025,Android,es,3367,395,213,0.0582
65f77ed1-c634-4e98-86aa-6aa9d29568a8,09370195-e432-454f-814b-9e11c30d5a2d,brucefrancisco,Male,48,17507,7601,18-03-2016,FALSE,Madrid,Food,Brother hair through wrong writer child eat agree sister leader media office skin boy doctor relationship consider simply herself. Oil six take.,144,#foodie #instafood #yum,TRUE,22-02-2025,Android,de,884,64,27,0.0557
da287507-83bd-4ce9-83ac-82b7094007ba,7c77fb2e-0956-4f25-8615-3d12653f2473,pgibson,Male,46,22547,9441,08-08-2022,FALSE,Paris,Fashion,True specific defense president animal west air top environmental start wish start if pressure by middle its view environment. Your kitchen result kid whole say soon international.,180,#lookbook #fashionista #ootd,FALSE,29-03-2024,Android,tr,1139,65,36,0.055
80f85285-a889-4006-bafe-f32236b39ecb,2dcb8342-4bb0-44f2-a00e-ab73d05dd74e,bakereric,Male,44,26589,8340,06-11-2021,TRUE,Madrid,Health,Evening help story skin easy knowledge year six run bag test major final wear culture nice bar rock stay tough draw treat learn. Themselves trade throughout remain.,164,#healthtips #wellness #mentalhealth,TRUE,24-01-2025,Web,en,1317,82,123,0.0572
558bf9e0-dab8-4c16-8648-f75eaaeedd41,d43314a1-a912-4408-bfac-186b4416f32a,carolcarney,Female,45,96207,6352,12-01-2020,FALSE,Izmir,Health,Strategy school effort hear maybe investment model fact much material. Ever major gun doctor.,93,#fitlife #healthtips #wellness,FALSE,13-04-2024,Web,de,4814,718,99,0.0585
0759c238-a397-4aa3-9459-0d15e187186a,a186bdb6-948e-415e-944d-0d309dced546,johnathan92,Male,47,96526,8532,20-11-2020,FALSE,New York,Health,Board safe me like industry remember rather common plan carry research office one song. But none agency leave.,110,#fitlife #wellness #healthtips,TRUE,02-02-2025,iPhone,en,4802,322,441,0.0577
e5eb5137-0c39-48a1-85d0-7a31334627ba,21ef6321-4cf1-4538-9feb-190dc01d3c2e,alicia77,Other,37,78971,2314,11-04-2023,FALSE,Bursa,Music,Deep wide product according responsibility way else sister information type lot guy. Book week practice here according.,119,#playlist,FALSE,20-07-2024,iPhone,en,3963,404,346,0.0597
a8dee826-abe1-42ac-b111-12ab04ffed53,8921ae25-cccc-42a6-a9dd-f34077cab9cd,virginiaguerrero,Other,35,80217,6590,14-03-2024,FALSE,New York,Pets,Nature study officer throughout I standard financial key husband turn standard watch sell human head listen item husband. Lose hour no call matter.,147,#petlover,FALSE,31-12-2024,Tablet,en,4030,534,59,0.0576
45f4505a-c43c-414f-b189-1fc228d785e3,61ad7d6c-d307-48ca-9d84-81c96507616d,ssanders,Male,24,55097,5239,10-07-2019,FALSE,Izmir,Technology,Sure cause job forget fly continue make artist of Mr manager. Order may you life.,81,#innovation #future #gadgets,TRUE,14-07-2024,iPhone,es,2808,283,157,0.059
6cdb5a14-f5af-45df-b16e-aedc727c4972,b224251f-728a-4d13-b042-19b64837cf08,masonlacey,Male,45,18972,6773,08-12-2015,FALSE,New York,Food,Center above baby record gun American three color step level quickly population it rate alone. Song cause increase whether dark also.,133,#yum,TRUE,22-05-2024,iPhone,de,1023,122,41,0.0625
7b11e9e3-7036-4781-b6c9-31ce1805ff71,aaf0248e-cb14-4101-9c9c-d1680389aa68,meganjames,Other,40,13104,3574,30-08-2016,FALSE,Istanbul,Photography,Either area become recent yourself star dream star to. Two song meet protect.,77,#photooftheday #travelphotography #dslr #snapshot,FALSE,22-08-2024,Web,de,630,56,39,0.0553
c74c7888-da67-478d-889d-b7df11e86ffb,f6dd2af7-e5f6-4b65-94e4-02cdd3cbb524,chaveztonya,Male,23,23644,8494,09-02-2025,FALSE,London,Memes,Edge mother gas marriage he recent green notice bit. Everybody include leader education.,88,#memeoftheday,FALSE,12-09-2024,Tablet,de,1197,160,69,0.0603
c24cf1af-3e3f-44cd-9087-9f4fa3db39de,574c02da-1a8b-4657-94a0-f92adcf222e2,karen98,Male,33,21402,1478,15-06-2024,FALSE,London,Food,Decision authority laugh occur national practice lead understand prevent foreign why western trial it theory prevent. Space my south green those.,145,#foodie,FALSE,14-10-2024,Tablet,tr,1056,121,83,0.0589
721d9de4-14aa-482f-bf3f-e56966b0f8a4,5465777c-1cbb-4c67-9812-991ae850a963,nicholas38,Male,32,32849,4970,13-02-2022,FALSE,Paris,Fashion,Professor attention president type force radio tough realize outside seek year simple trouble it enough interesting owner plant inside we. Cultural soon range Mr case modern gun bring.,184,#ootd,TRUE,04-11-2024,Android,en,1641,245,40,0.0586
b8728c9b-8196-418f-8c11-eaff67cdb0c6,22270db1-0ec3-4c4a-8ca1-35a112703be7,karen42,Female,55,75163,5069,30-08-2016,FALSE,Berlin,Travel,Course loss risk paper worry bed there capital write stage manager baby serve quickly you fine result put camera across music produce. Beyond campaign simply soon.,163,#travelgram #explore #wanderlust,TRUE,22-11-2024,iPhone,es,3719,495,137,0.0579
cf11857d-84c3-4a19-b6ef-995a6ae44e33,89ff7ba2-329d-4d9b-8fb9-012d76db4fad,dhanson,Male,52,63991,8087,19-11-2023,FALSE,New York,Education,Occur plant together room him step spring rich. Read character behind from impact place.,88,#knowledge #students #edtech #learning,TRUE,19-06-2024,Web,fr,3254,421,197,0.0605
e0acd8f8-86b0-477f-b5ef-3f31a067edea,584f8111-2730-44c7-96d3-6999f6dd6705,dakota84,Other,52,73018,2584,12-09-2019,FALSE,Madrid,Fashion,Deep question already choose country capital campaign drive Mrs west address approach manager finish talk series study assume event city center executive father send get maintain hard. Defense term walk middle talk policy think part.,233,#style,TRUE,16-09-2024,Android,es,3617,394,172,0.0573
26f7a063-bb38-4acd-ace7-0a718f04dd91,c3ef975a-c434-487f-9b4d-ae108bbe5c75,ian22,Other,42,19971,3788,17-12-2017,FALSE,Paris,Pets,Cause establish few skin beat. Activity machine protect community question reflect drop up.,91,#catlife,TRUE,07-01-2025,Android,en,1019,61,43,0.0562
63eaff04-f86e-4d2b-9c80-07f67bf03264,e71f47f7-eddd-4bbc-aa84-addf3caa7312,iperez,Other,49,76389,3624,02-10-2015,FALSE,Istanbul,Books,Listen poor majority great either huge join kitchen live. Front finally unit explain visit.,91,#readmore #reading #bookworm #literature,TRUE,28-05-2024,Tablet,de,3804,191,278,0.0559
f00a3f1a-4b8b-4f8c-b685-2d232596d0f9,f035b9bc-5bd2-413c-90e2-8dbe38c2f03d,malikbrown,Female,45,98480,8519,20-05-2024,FALSE,London,Gaming,Image black through east describe sign seat camera entire leg anything catch attention arrive politics. Those store development economic anything.,146,#gamerlife #twitch #gaming,TRUE,20-05-2024,Web,fr,4852,694,276,0.0591
ab171af2-65eb-4197-892b-a6e5146c25fe,7c77fb2e-0956-4f25-8615-3d12653f2473,pgibson,Male,46,22547,9441,08-08-2022,FALSE,Paris,Travel,Peace scientist win popular form Congress explain land country relate strategy attorney capital ten ten determine try read body. Get drug recent guy left turn.,159,#explore,TRUE,09-07-2024,Web,es,1093,117,70,0.0568
f5b18a77-c720-4a7f-98e1-401cc88e531f,98f7aab0-a18a-4ee6-bc59-743276012515,katherine20,Female,60,18130,7954,10-09-2015,FALSE,Izmir,Gaming,Base school instead pull work almost. Task return foot become about everybody.,78,#twitch #gamerlife #gaming,FALSE,25-06-2024,Android,en,925,124,34,0.0597
f6e62103-afc4-4f1b-904d-4ad829d65303,cf6eec7a-e0d3-4238-90e0-b532fe1f12c7,waremegan,Female,38,56005,3994,16-01-2018,FALSE,Antalya,Art,Hour theory hot face decision civil sing space industry behavior challenge real wonder remain place leg. Close threat kid response.,131,#creativity #digitalart #artistsoninstagram #artlife,TRUE,20-06-2024,Tablet,en,2810,147,273,0.0577
1013d380-9244-4b33-b287-3c22a3276bf3,13d22cbc-2368-46f0-beb5-bf4604eb50a9,vpark,Female,20,20791,8805,01-02-2021,FALSE,New York,Gaming,Church meet suggest medical think land nation protect blood own design music head always analysis analysis art. Deep wish garden room interest whatever.,152,#gaming #gamerlife #esports,TRUE,16-03-2025,iPhone,de,1071,146,17,0.0594
3aea1957-b76f-4c2c-b092-7d70a38c867f,0869cf83-9005-43c2-b6f5-50f258c806ea,alewis,Other,56,27727,3542,17-06-2023,FALSE,Paris,Food,Those exist hard including look need finally leg agreement eye sound point detail Republican star government smile set including tell expect state. Free security same four.,172,#homecooking #instafood #yum #foodie,FALSE,16-09-2024,Android,es,1472,193,32,0.0612
651db62e-bf27-41e7-b6b9-63777c821be1,10bbb401-e59b-4ce9-ad9e-781531e02724,ujones,Male,43,80364,7505,12-01-2020,FALSE,Berlin,Gaming,Manager finish write attention writer hand skin successful matter notice hit region not tree impact smile actually size policy. Relate language fire consumer successful.,169,#twitch,FALSE,31-12-2024,Tablet,en,4084,400,327,0.0599
c9209200-72d0-4732-9b15-e4352402f909,9996f670-001d-477f-a6bb-09fb55b89015,chavezjeff,Other,54,62198,6880,26-04-2017,FALSE,Antalya,Music,Middle PM because nor contain thought for run full lose onto happy result. Political discover however and audience century involve.,131,#vibes #musiclover #playlist,TRUE,11-06-2024,Tablet,es,3063,415,221,0.0595
35eda02d-19f8-4eed-8f12-b066831247c3,c2709fcd-31c8-4aec-8461-26fe36efc1a6,ericporter,Male,60,4801,7263,29-03-2019,FALSE,Madrid,Finance,Continue suffer animal back so choice opportunity central administration. Gun serious find without couple.,106,#stockmarket #money #investing #crypto,TRUE,18-05-2024,iPhone,tr,245,31,23,0.0623
a9a70f32-b6fa-490e-9b2d-68bad8509e5e,809a9b05-832a-4344-bc36-f628aa24fb52,zcooper,Male,39,49944,7096,10-07-2018,FALSE,Bursa,Food,Parent hard beautiful writer project very nothing today news agent source quality. Special cup approach nation Mrs defense your family.,135,#foodie,FALSE,29-09-2024,Android,es,2554,261,176,0.0599
cc40b53e-29f5-42be-97b2-412fa92a6837,a791fa88-c77d-47c8-984b-20703d83e81c,daughertypreston,Other,19,14575,6160,24-07-2023,FALSE,New York,Health,Leader perhaps anyone with media financial human wonder help final no issue range above whose plant. Million measure these sea town.,132,#fitlife #wellness,TRUE,26-03-2024,Web,de,717,61,63,0.0577
c736e15e-f204-4ffb-9b4e-33579e592f45,e01ce274-9238-409b-8b8c-f547c00e7258,ocrawford,Female,33,56794,2044,04-07-2017,FALSE,Madrid,Health,Force often free plan close live continue herself seem chair southern. Force same city each.,92,#wellness #healthtips #fitlife,FALSE,16-07-2024,iPhone,fr,2886,198,255,0.0588
4b3d59bb-89a2-4eeb-a42d-0ad385e616db,df472ca6-7e87-43df-9428-35317f9eb1a9,johnsongeorge,Female,59,90095,2223,07-03-2020,FALSE,Izmir,Health,Two star paper close which road establish computer sit quite. Point themselves within indicate black.,101,#mentalhealth #wellness #fitlife #healthtips,FALSE,04-08-2024,Web,tr,4575,356,105,0.0559
984bc600-4087-4864-9ec1-623857b4f078,e693d971-6f40-4ffc-925a-a080f5388caa,michellejenkins,Female,45,9465,366,15-06-2017,FALSE,Ankara,Technology,Visit fear rock hit national woman. How maybe nature serious second receive what.,81,#tech,TRUE,14-11-2024,iPhone,fr,484,58,14,0.0587
1d9b881a-9e7c-4b5f-9073-d0dc20b7236d,0d3dfe47-ec78-492d-b701-45374cbe4e9b,pbridges,Male,56,49077,5179,29-06-2019,FALSE,New York,Fashion,Even economy thus effort affect early very service put. Growth minute interview religious indicate beautiful project event.,123,#style,FALSE,13-02-2025,Web,fr,2471,184,232,0.0588
2bb54ad0-4616-47fe-9f09-5db51c922b37,d2d7ae43-bfbf-4a2b-b18d-562144c3534e,johnhurst,Female,50,78341,1224,08-04-2020,FALSE,London,Education,Window direction pretty than name name building often course light one source population so data whole own size place particular southern before pull citizen. Baby Democrat may.,177,#learning,FALSE,09-08-2024,Tablet,es,3932,547,54,0.0579
a7f3c9c0-6212-444f-bfb2-f5b7ba9f82fc,2673d059-5af7-430e-a1a5-3bb72f8b4ef2,nancysmith,Female,22,44627,8633,09-04-2017,FALSE,London,Fashion,All phone drive between charge available crime sport. Pm rate quickly fact above network.,89,#lookbook #fashionista #ootd,TRUE,19-04-2024,Web,fr,2265,121,173,0.0573
86888659-30d9-4e85-bb26-e98c004e4295,88bf8b27-2566-42ad-a672-8567bf9f78da,jeffrey28,Other,33,89453,5623,12-08-2023,FALSE,Paris,Food,Machine contain business organization interview cost street consumer. Page today we best significant magazine.,110,#foodie #yum #instafood #homecooking,TRUE,22-07-2024,Android,fr,4414,395,385,0.0581
a96dc33f-9ca4-48ae-9507-6bb5a04739ef,b8595179-124e-4987-b6e4-4bcbd4ccd30a,carlos24,Female,36,21318,241,27-06-2016,FALSE,Madrid,Health,Tough recently add recognize real prevent police sell bad leg than successful third. Voice sure morning either.,111,#fitlife #wellness,FALSE,12-06-2024,iPhone,de,1076,97,98,0.0596
fa97594a-99da-4c60-8131-c3b0433fa1f2,c183e230-8ae0-4e80-aede-e2d08e6015c1,stefanie06,Female,21,41409,2246,25-07-2019,FALSE,London,Books,Travel loss head authority expect manage itself boy let phone today ready laugh card cell whose town. Apply perhaps prevent run mind.,133,#readmore #bookworm #reading #literature,FALSE,17-02-2025,Android,de,2033,166,129,0.0562
36d04bce-adff-4152-881a-a0bb62115e2a,2702f8c8-8350-4d66-ab37-9aca68cfd74b,nicole66,Male,36,30254,3781,17-05-2020,FALSE,Paris,Fitness,Value dark phone nothing box study cold herself race agent technology that Democrat enter away do. Cost late civil challenge than this.,135,#healthylifestyle #gymtime #fitlife,TRUE,23-04-2024,Web,es,1523,178,51,0.0579
f5a0ae47-c9d8-4901-a008-eb9adb0b33ac,e37ac619-fbf1-4778-9e3a-e1c7738eac64,wallerjames,Female,37,55428,3018,09-12-2022,FALSE,Berlin,Music,Born job nor rise close west seat cold hit quickly big serious husband measure both item type. In career our conference benefit country however.,144,#vibes #nowplaying #musiclover #playlist,FALSE,27-06-2024,Web,es,2802,362,230,0.0612
41f1400f-c813-4c12-bd02-5f900c9ee8cb,81fffb6b-1835-4ffa-98e7-d7b34cd3edbd,helen91,Male,30,49885,6962,24-11-2024,FALSE,New York,Food,It doctor administration commercial pass federal low southern wall decade. Executive purpose guess.,99,#yum #homecooking #instafood #foodie,FALSE,04-06-2024,Tablet,fr,2484,259,237,0.0597
77a562ed-4d68-469d-b53b-01f226a77b89,08285886-1692-4a92-b3d6-27a60a634bf2,brentrichardson,Other,42,93712,8314,23-12-2019,FALSE,Paris,Pets,Part exactly avoid professor agree. Somebody able else floor natural include.,77,#dogsoftwitter,TRUE,26-09-2024,Tablet,en,4596,637,92,0.0568
db3ea00a-7608-49c1-8d1c-001d645cafd0,cce48a9c-8b8b-4805-87d2-d9b5077b319c,rebecca85,Other,39,9851,1280,10-05-2022,FALSE,Antalya,Memes,Artist site mean job particular anyone according pretty dinner agency last evening family American. Discussion foreign time base total kind lawyer.,147,#lol,TRUE,06-11-2024,Web,fr,507,69,6,0.0591
d43a7f9e-5dd0-40f9-954f-70b0f7024839,cda78a71-2464-4a37-87db-999e101786cf,egarcia,Male,47,54346,3943,08-04-2023,FALSE,Antalya,Education,Drug rise nature north brother ready traditional candidate guess bed citizen step. Agree time sure move authority.,114,#learning #edtech,FALSE,14-11-2024,Tablet,fr,2682,138,121,0.0541
ee26b548-2fcb-49ba-bd53-1ac1329a2276,bade57b2-6212-424a-bf9c-8fa26e55ec12,hthomas,Other,24,81326,1454,14-11-2016,FALSE,Istanbul,Health,Always ahead field husband ask purpose point story task listen back become any hotel must voice tax note treatment news weight piece become thus. Stop language produce agent play.,179,#healthtips #mentalhealth,FALSE,16-10-2024,Android,de,3961,565,105,0.0569
cfff5cf8-b958-41fc-8926-19d09cba75f8,0799af1f-23ea-4359-94ad-dfc6995898f7,wwilkins,Male,50,81185,4723,27-06-2022,FALSE,Izmir,Art,Vote my price build artist buy you. Start friend imagine somebody I.,68,#artlife,FALSE,06-09-2024,Web,de,3996,296,154,0.0548
005eecd0-d140-4b6d-8f75-bede7af6b3a4,42d5bf5b-6d30-443e-aab0-c22873d51f02,oreese,Female,30,26308,1254,16-11-2019,FALSE,Madrid,Education,Top once full environmental human ahead low nothing so last fill avoid tonight thank level sometimes can check day above region glass. Figure measure class leave carry.,168,#edtech #learning,TRUE,17-02-2025,Web,es,1285,189,121,0.0606
2b2626c8-4378-4639-ad49-04c0d53d4b0e,839a2b5e-eb90-45bd-b64c-e2ccf8d593c4,randybailey,Other,25,32802,1999,20-01-2018,FALSE,Istanbul,Finance,Rock arrive true player popular consumer environmental nor listen dog remember material without. People then couple pick.,121,#money #investing #crypto #stockmarket,TRUE,29-07-2024,iPhone,fr,1564,87,142,0.0547
412a4582-1971-43b6-9ee4-dca3e74a5aeb,dbc3f651-74ec-475e-a7d6-591c4b581c9f,wallspatricia,Other,38,29623,7119,10-07-2023,FALSE,Bursa,Gaming,Through phone clear top air spring drug me program crime paper more she experience experience career. Eat newspaper five serve somebody get report.,147,#esports #gaming #gamerlife #twitch,TRUE,09-11-2024,iPhone,tr,1408,154,61,0.0548
fab3c2db-a5cb-4387-be2f-ff05cf12b338,b46743c7-4ff2-4ce3-8dc6-1f6cd234fa5f,yvonnemiller,Other,40,42979,1407,05-11-2021,FALSE,Ankara,Pets,Network need product if smile choose eat wind term. Tax time voice piece argue.,79,#catlife #dogsoftwitter,TRUE,29-04-2024,iPhone,tr,2111,251,46,0.056
6ed3f822-cad6-427b-a650-809021dbfc9a,214a9a96-c3f9-4dc3-9b79-51ff5bdb9d70,smithjared,Female,17,85040,3802,29-10-2021,FALSE,Berlin,Fashion,Interest early single bring reality card hear ready eight ready gas win indeed husband. News consider describe hair allow every hair.,133,#fashionista #ootd #style #lookbook,FALSE,24-01-2025,Web,en,4341,566,342,0.0617
b32335c4-1d31-4a44-8af8-668ffb481518,9ca7ed7b-390a-423e-bf35-2abb7fb15f79,katie81,Other,40,75006,4677,20-01-2016,FALSE,Paris,Pets,Science this wall data that value base black fund threat. Fall nothing long eye she.,84,#dogsoftwitter #petlover #adoptdontshop #catlife,FALSE,20-04-2024,Android,tr,3756,524,205,0.0598
89ff48f4-075e-4244-8e50-563272a043a1,d3dbed0f-8ab0-4ad0-a560-785c25c8a8b3,bensonstanley,Other,57,76740,2083,09-10-2015,FALSE,Bursa,Fashion,Never responsibility conference personal feel down body happen claim born without impact sell politics. Top produce explain only.,129,#lookbook,TRUE,24-02-2025,iPhone,es,3807,311,232,0.0567
d9313b24-b920-4d47-861a-fd0f8e490814,f7d42cb7-e23c-4727-b686-597b923a3e0c,matthewyoung,Female,34,83997,7913,30-07-2024,TRUE,Istanbul,Books,Wrong community kid daughter Democrat traditional peace think hear population speech growth take article firm budget happy want. Someone detail everyone third.,159,#bookworm,FALSE,27-05-2024,iPhone,de,4210,523,285,0.0597
54da9139-5fed-40d3-89ed-cec9b315416e,6823ca25-8e72-4f37-af98-b1a6b9be1187,ubutler,Male,28,207,2590,31-10-2023,FALSE,Izmir,Music,Any when spend newspaper employee science young. Right begin economy.,69,#musiclover #playlist,TRUE,14-07-2024,Android,tr,10,0,0,0.0483
150c34dd-14ed-4816-a4f6-843a0c4a069c,09534c8d-c26a-4d8c-9a24-8537c4f2eb55,vargasjoshua,Female,37,31428,6208,07-11-2024,FALSE,Izmir,Memes,Sea movement quite without vote final seat write player TV place actually inside. Home rise help ten phone drug knowledge finally.,130,#relatable #memeoftheday #lol,FALSE,28-04-2024,Tablet,fr,1578,175,54,0.0575
957460fc-1a0e-4d51-b0f4-39c6e7d2d35f,6c68c047-48ab-414e-9ee0-0dd846d5f3bf,harrissierra,Male,32,10484,3583,20-07-2017,FALSE,New York,Politics,Sometimes somebody million make what pick history across. Support entire base ok.,81,#politics #news,FALSE,28-04-2024,Android,de,500,73,18,0.0564
6482de0e-3daf-431f-a4a6-96e396cd5b18,c3d0e631-19e3-4583-b0d0-bb71bb49333d,ubaker,Other,38,16235,9647,12-07-2017,FALSE,Izmir,Food,Too five catch yard bank analysis travel seven cost work. Newspaper specific must smile.,88,#instafood #yum #homecooking #foodie,FALSE,17-02-2025,Web,de,785,101,45,0.0573
193b78ea-9e4b-4e98-925c-4929b6b6c3a6,65fb5271-571c-497d-848d-2fa783e320d3,griffithleslie,Female,38,12059,6740,01-05-2024,FALSE,Ankara,Education,While police both common never thousand enough reduce nature cell already left house herself page PM. Measure end allow article attack be study.,144,#edtech,TRUE,11-05-2024,Web,de,565,43,28,0.0527
e6a4c569-2a03-40f2-ab53-80e042c58b4b,29e78ffe-f639-43c4-b75e-877a3dbdee56,rrivers,Male,39,34583,1361,11-10-2021,FALSE,Paris,Technology,Hot politics development major east such true attack woman often college relate successful science remember outside. Wish process recently degree send majority share.,166,#tech #innovation #gadgets,FALSE,01-10-2024,Android,es,1762,113,123,0.0578
b27764cf-ba98-4056-b715-3ce2db76f65e,8daf976e-b7e3-4c77-91aa-eeb9daadc463,jessicafox,Other,35,30852,9758,21-12-2019,FALSE,Ankara,Fitness,Or agreement fire long light star political. Hope its light result between.,75,#healthylifestyle #gymtime #workout #fitlife,FALSE,10-08-2024,Web,fr,1561,118,103,0.0578
7cdd8850-17f4-45dc-9ed0-b60e4b91aecb,98dda474-a63c-4ae8-a5ed-30c71a087b69,johnny21,Other,33,1803,599,17-08-2017,FALSE,Madrid,Photography,Despite evening pull billion above exactly suggest now window game speak score themselves most should plan people white international address pay deep film life. Admit main suddenly something beautiful become.,209,#travelphotography #dslr #snapshot #photooftheday,TRUE,10-07-2024,iPhone,tr,107,13,6,0.0699
b6e104fd-6f8c-45ec-8977-cc9cd0872d03,325ba81c-99b8-4acd-a4c6-673bbb3293ea,qgomez,Other,32,60311,3060,07-05-2019,FALSE,Izmir,Travel,Hope professional here stuff experience billion age size take generation fall maybe. Plan focus health from song political like law.,132,#travelgram #explore #vacationvibes #wanderlust,FALSE,28-12-2024,Tablet,es,3000,440,266,0.0614
46558fb1-44ee-49b4-9807-07894b9f8bbd,d57010fc-d57c-4b3b-9a57-21b01ed37956,andrew83,Male,28,14422,3166,18-12-2018,FALSE,Izmir,Music,Former statement reveal individual radio guy similar learn difference then. Nice see risk road seek.,100,#nowplaying #playlist #musiclover,FALSE,26-07-2024,Android,tr,724,70,70,0.0599
7830a5d9-63be-403d-826c-a8c0768ce8fa,b81bfa12-f58c-4508-bc27-f9b7883488db,mcclurechristopher,Female,16,54907,4911,26-02-2019,FALSE,Antalya,Travel,Color wall voice season stop information soldier suffer anything. South significant system system open play compare.,116,#vacationvibes #travelgram,FALSE,04-07-2024,Web,en,2748,228,158,0.0571
5de0f752-ebd8-4c5b-9641-7292af823ac7,d391ab33-1b37-4d3a-a328-81ba9dcbb962,anthonydavies,Other,29,27180,4686,10-04-2019,FALSE,Bursa,Pets,Rate suggest into theory decade person many question once very pattern central star professor. Especially join arrive energy bed now.,133,#dogsoftwitter,TRUE,20-04-2024,Android,fr,1299,73,117,0.0548
41646549-6345-4808-910f-01a3553c197a,cf0f8ffd-bd22-4812-bdcd-ab43c97a8d58,hodgejames,Female,20,33609,3477,31-12-2022,FALSE,Berlin,Photography,Executive increase science like floor student myself attorney year put part lot. Free past individual fine rich.,112,#travelphotography,TRUE,04-01-2025,Web,de,1627,188,78,0.0563
cfae9ce9-a751-43b0-8256-1f4415b937a1,90935fd9-da54-4fcf-9ea6-fa5a42e0a1e8,sbaker,Female,58,22974,989,02-04-2017,FALSE,Antalya,Health,Against arrive government against so daughter those baby money marriage many large miss practice top you. Probably reality American bill west.,142,#wellness,FALSE,14-04-2024,Android,fr,1178,117,96,0.0605
24acc968-293a-4b17-98b0-b8228aff6c01,0535923a-ef96-4e5d-aa55-f317c81e97c2,yrichardson,Female,40,86194,1086,05-02-2021,FALSE,Antalya,Health,Be this his yeah dark stock sound discuss mean health example more feeling information source involve professor quality. Painting current development treat music room range at.,176,#wellness,FALSE,31-10-2024,Web,tr,4127,617,343,0.059
f4140759-bcf7-405e-a9a6-3cffe0f0e124,e0131e5b-c687-4631-96b8-d0cf9a5dc486,joshuapowers,Male,48,93974,1816,31-12-2021,FALSE,Ankara,Music,Upon magazine with use material leader less drive indeed she lay find. Federal pay around economic while book.,110,#nowplaying #playlist #vibes,FALSE,26-07-2024,Web,tr,4650,354,207,0.0555
09d1d890-fe40-4fec-aa6a-617c7b42efca,5954e777-c613-4113-bd44-1e5d02f72f7b,donald64,Other,46,61709,1120,19-05-2018,FALSE,Izmir,Pets,Dark sign return blue anything high daughter fire day state Mr rule career reality country watch bank. Quickly work find pressure fire section.,143,#adoptdontshop #petlover #dogsoftwitter #catlife,TRUE,31-03-2024,Android,tr,2995,263,94,0.0543
2b57ca0f-175c-4206-9226-ca38793784f1,4bf6879d-bec4-4e3e-9d86-50f1873795b1,smithbradley,Male,45,68374,4882,25-06-2024,FALSE,Ankara,Memes,Age heavy admit catch somebody add key response floor yourself second father spring local church usually toward information experience worker same effort. Law these through law.,177,#funny,TRUE,10-04-2024,iPhone,tr,3428,244,59,0.0546
69693f65-96e1-4a97-a81a-1d862c2dcfc6,9906f04e-0d69-43bc-92cc-3c2fc1bc77c3,crystal65,Other,24,82696,768,11-12-2020,FALSE,New York,Travel,On approach note stay truth general project citizen scientist simple guess per law shoulder claim. Congress enough worry nice thus option three.,144,#wanderlust #explore #travelgram,FALSE,23-12-2024,Web,de,4116,388,295,0.058
30ca431e-a4d3-4c42-9c9a-43289658bf7f,ff070468-de58-4070-9094-4d46cacb7067,andrew41,Male,33,66608,9115,13-02-2018,FALSE,New York,Photography,West feel owner weight himself rise person attack religious once finish staff prevent fall. Item should certain station accept.,127,#dslr #photooftheday #snapshot,TRUE,28-06-2024,Android,en,3347,243,216,0.0571
e586c971-c5c5-4a6f-9dc0-0e70eba03ce2,e99f7e69-85a5-43f3-9ce1-e0923579031b,wmartinez,Female,29,59351,2812,01-10-2018,FALSE,Izmir,Art,Why college their within these scene heart Mrs form. Three skin maybe like maintain reach share.,96,#digitalart #artistsoninstagram #artlife #creativity,FALSE,07-05-2024,Tablet,fr,3061,332,207,0.0607
ac3fc4fc-560f-4996-b033-ccb683caa86b,5271c3bc-757f-4de2-b9d2-fe0f68b7d1de,candrews,Male,55,98140,9916,02-05-2022,TRUE,Antalya,Photography,Heart voice security pattern send interest century politics gas and. Traditional recently arm reality.,102,#travelphotography #dslr,FALSE,03-12-2024,Android,de,4810,486,375,0.0578
060bc685-0fe5-456c-aaf7-f25faae67561,474b7a72-0e29-41a3-b776-f6d8b3412500,reyesleonard,Female,49,7234,3928,14-08-2021,FALSE,London,Fitness,Left too allow play drop red interest pull black best professional actually. Onto camera rate because those glass food.,119,#healthylifestyle #fitlife,FALSE,27-05-2024,Tablet,fr,355,39,11,0.056
e0e8fedb-2b57-4f3d-98a8-be621bdf891b,21987668-6202-4c03-a9cb-165d6d694d67,pkent,Other,30,51836,2366,25-07-2023,FALSE,Ankara,Gaming,Generation positive response represent project cut by no hundred reach maybe turn where quite institution. Minute meet girl sea body foot.,138,#gaming,TRUE,07-02-2025,Web,de,2657,233,248,0.0605
d42c6ef6-4ab0-427b-9474-3259a52531e9,d8b8a274-4314-4faf-8548-54fd13138d62,davidgilbert,Female,58,39018,1206,22-02-2019,FALSE,New York,Books,Quality ball instead nice old feeling amount dream various. Hold imagine add notice have.,89,#reading #readmore #literature #bookworm,FALSE,05-05-2024,Android,es,1991,243,79,0.0593
fea4d44f-7aff-4c61-abe3-f19492d87a76,7180d174-8543-4251-9c28-df41adb5208e,coltonrichardson,Other,40,68885,6371,18-06-2018,FALSE,Madrid,Gaming,Bring trade despite only indeed could capital trade use member health parent attack campaign we political involve nothing suffer throughout newspaper service. Often network moment number still physical.,202,#esports #gaming #twitch,FALSE,25-08-2024,Android,en,3344,214,192,0.0544
5b258b2f-758f-41d6-b09a-c9cfefa636b9,f74a8bc2-d023-4a93-9ea1-3eb7939b37b0,pbarajas,Male,37,29485,3665,26-08-2021,FALSE,Istanbul,Music,Be interesting difference girl manager anything remember home themselves writer Congress girl. Rule instead card above building lot if.,135,#musiclover #playlist #nowplaying,TRUE,11-03-2025,Android,tr,1433,156,26,0.0548
fdb8d634-f6e4-4f8c-b850-0c3401f5e87e,da57c866-4b42-49d7-9de8-4a83bd8a725c,camposmichelle,Female,16,20830,4365,25-10-2017,FALSE,Izmir,Food,Book hospital win send bed stay. During you prepare student guy generation.,75,#instafood,FALSE,29-01-2025,iPhone,tr,1027,118,101,0.0598
e97f3b63-bcfe-442d-bc2a-96e2b14babff,321d56cb-45ad-418c-bb88-6096e46cae95,judy19,Male,23,22982,1460,16-11-2022,FALSE,Madrid,Finance,Above small community activity country individual deal say make health per eye short minute song ability fear. Study report describe.,133,#money #investing #crypto,FALSE,03-01-2025,Android,tr,1163,155,86,0.0611
f385dddf-1d08-4e4a-adb5-de0288176fde,081f9164-078e-445f-a403-ef80b88bcba3,terrykevin,Male,52,19987,5028,11-04-2017,FALSE,Bursa,Photography,Light adult sell final model remember. Ten would debate soldier camera.,71,#travelphotography,TRUE,26-12-2024,iPhone,tr,959,95,41,0.0548
ebf243c4-d5aa-4262-8fc7-cf0da9f6c5b9,fbee073e-5cbf-4dc1-9306-d2cd10b64558,melissa01,Male,47,94359,3338,03-05-2017,FALSE,Istanbul,Music,Skin stuff ball news real character whole strong. About successful tax pull rest forget program.,96,#nowplaying #musiclover #vibes #playlist,FALSE,27-08-2024,Android,tr,4839,609,250,0.0604
749e6365-36bd-4d87-bc82-c63f54cebfe9,802c2f89-136d-40cb-a6a6-5e7469e14e27,marybrady,Male,29,5859,6785,10-11-2019,FALSE,London,Health,Product no customer power professor ask bill pretty clear several level. Air vote point interest hotel hot result pattern.,122,#healthtips #mentalhealth #fitlife,TRUE,22-09-2024,Android,tr,298,44,8,0.0597
8c235015-a9ff-4f7f-81ac-7ccfa18e4690,52af8c43-069d-4dc1-8451-78f0f4f13998,brandi46,Female,42,65498,7062,25-07-2022,FALSE,Berlin,Books,Medical practice citizen weight for middle from court with. Particularly response property over write air different.,116,#literature #bookworm #reading,FALSE,07-08-2024,Android,en,3214,390,309,0.0597
846f439f-aed7-481e-9b53-c6576294bccb,fea238b1-3932-4b92-b5ed-8838be88f5c4,rachelschwartz,Female,56,6887,5055,09-11-2024,FALSE,Bursa,Pets,Generation read program blue cut report science call ready well form later better. Garden spend stock rule approach idea lawyer article.,136,#dogsoftwitter #petlover #adoptdontshop,FALSE,20-01-2025,Tablet,fr,339,46,11,0.0575
2874f55a-c9de-4a93-abbb-668595bf0130,487193bc-993d-4582-8f72-ee1a35356c25,qmiller,Female,56,77114,7001,18-09-2020,FALSE,Madrid,Technology,Call teach huge charge support performance. Page matter civil rich what draw me.,80,#innovation #tech #gadgets,TRUE,24-05-2024,Web,es,3832,452,341,0.06
49ff94e2-5f46-44d9-9289-14eea9284506,ee146425-add3-4b71-a616-e852297f3411,juliephillips,Male,29,22759,3207,23-02-2016,FALSE,Paris,Books,Trade available building onto kid including off early rise impact goal. Stuff case total coach card water.,106,#reading #bookworm,TRUE,05-01-2025,Android,es,1119,109,23,0.055
e4e1a282-fb07-492a-af6f-6c0b325850b8,12af530b-3ea7-4277-b106-df9a02d995ed,monicaoliver,Male,50,82739,8914,16-12-2024,FALSE,Istanbul,Memes,Board nothing foreign especially upon project agency tax. None no enjoy single.,79,#relatable #funny #memeoftheday #lol,TRUE,01-06-2024,Web,es,4126,549,302,0.0602
4981a155-a3e7-4844-9f24-72f644b6e957,d472a854-c8a3-4a86-9358-19d4dd51ce78,laurahenderson,Male,56,66642,4939,18-04-2016,FALSE,New York,Politics,Science floor lose speak important house return down my such gas. Administration say think almost thus surface.,111,#politics #worldnews #election2024 #news,FALSE,15-12-2024,Tablet,fr,3356,202,287,0.0577
a5dce9d0-f8cd-48b7-9f8b-dddf9720de29,76182944-71e8-4dfb-8742-c35ce4afd687,robert07,Female,16,32220,1987,08-09-2020,FALSE,Berlin,Photography,Organization result seat middle center decade recent win six half very. Series himself address bring sister beautiful PM air.,125,#photooftheday,FALSE,15-08-2024,Web,fr,1625,102,39,0.0548
27ce1ae1-69e0-4451-bc45-57106acf7416,d600c107-3f88-46b2-9ffd-db1b1678697c,maryramirez,Other,23,79515,2733,01-02-2024,FALSE,Ankara,Health,No force discover alone most movement yet just. Protect ahead teach.,68,#fitlife #healthtips #mentalhealth,TRUE,14-06-2024,iPhone,fr,3902,339,114,0.0548
fdb2f17a-01a7-44f8-b091-c02aab590956,5061d320-8b87-400b-8406-9049bac6a43f,heather06,Male,20,13601,7802,23-10-2021,FALSE,Istanbul,Fashion,Nearly near want citizen serve official interview system investment. Kitchen want current kitchen far.,102,#fashionista #lookbook #ootd,TRUE,25-06-2024,Tablet,es,703,44,19,0.0563
fe007aed-0c16-47dc-9486-bcb345582db9,321d56cb-45ad-418c-bb88-6096e46cae95,judy19,Male,23,22982,1460,16-11-2022,FALSE,Madrid,Food,Difference time gun low least beyond pick able if tax make expert. Open major almost end stand.,95,#foodie #instafood #homecooking #yum,TRUE,06-06-2024,Android,tr,1079,86,21,0.0516
99d9115e-e2f2-4404-8c1e-3e39c4b24d24,c25473af-31f2-4e7e-b541-e9537cc2edd2,thomasrichard,Female,47,4922,9979,12-12-2016,FALSE,Bursa,Memes,During hotel rise accept watch yes establish international near mouth second drop produce. Military me move around claim defense.,129,#relatable,FALSE,25-04-2024,Tablet,en,227,17,22,0.054
c7d27350-c1cc-4dba-865e-fd05bf0152ca,9f475eb8-33d2-4d41-9ddb-5a33e9e8d516,csmith,Male,60,12797,6895,06-05-2019,FALSE,Antalya,Finance,Whose song institution think campaign evening manager meet any allow foreign appear add. Single history story part.,115,#money #crypto #stockmarket,FALSE,17-09-2024,Android,tr,625,66,29,0.0563
994c45df-478c-4b99-ad8a-194ecbfe0e2d,b0275da7-9782-47e3-978d-0e07801086ee,tcooper,Other,33,75418,1381,18-08-2021,FALSE,New York,Pets,American audience oil area threat alone decide media. Election kid serve discussion finally many.,97,#dogsoftwitter #catlife,TRUE,22-06-2024,iPhone,en,3806,317,47,0.0553
9b0b3a09-acf5-4ad3-a672-28510ba0b8d0,5c1e86d5-8142-4d69-92a1-5556485f77e5,edwardrandolph,Female,42,38845,6678,16-08-2015,FALSE,Istanbul,Photography,Send discussion off wide never everybody decision off. Watch her attack despite body where.,91,#photooftheday,TRUE,02-08-2024,Android,en,1987,107,175,0.0584
c9c7f9d3-f10b-4052-80eb-5ff8c447db58,d966d003-4365-4934-826c-b5429af28995,qwarren,Male,46,75096,7496,19-08-2019,FALSE,Madrid,Pets,Call produce PM pressure report grow attack beautiful total prevent. Sense over teacher add family.,99,#dogsoftwitter #petlover,FALSE,02-12-2024,Tablet,en,3720,387,115,0.0562
850c0d35-23f1-4e02-9ac6-0b4855c656d7,43a01971-8e28-4666-bcc7-bfc0d422c1c5,cgilbert,Male,20,97280,6009,18-07-2018,FALSE,Berlin,Fashion,Executive stay finish large person star already raise set cause newspaper report quickly would home. Already plan story success model visit.,140,#lookbook #style #ootd #fashionista,TRUE,03-03-2025,Web,de,4869,650,55,0.0573
f7cb24ca-5509-4e5f-950e-9be7f53938cf,a98130ba-b643-4cc9-ae3a-418b83217160,uwilliams,Male,45,32409,3805,06-12-2021,FALSE,Istanbul,Music,Thus sit story admit defense partner wind nearly. Leave face record create month member imagine.,96,#playlist #vibes #nowplaying #musiclover,TRUE,21-05-2024,Tablet,de,1568,220,42,0.0565
f136ce58-0216-4ca6-a93c-2de9c934c2bc,a594ccd5-808c-42e8-a404-4d01f7a06725,makaylasanders,Female,32,74947,4209,06-05-2022,FALSE,Madrid,Politics,Professor plant their standard relationship Congress sell drug cold above. Give final bag for.,94,#politics #election2024 #worldnews #news,TRUE,14-06-2024,iPhone,de,3739,255,356,0.058
194c9e4a-15cc-41fa-85fe-564633d7c5a8,4ae7de75-4f1c-43c8-ba75-6adc8fa218a5,annalewis,Other,56,12861,5847,30-07-2024,FALSE,Paris,Fashion,Station black spend meeting argue just last success manage. Carry region them professor need care almost direction.,115,#style #lookbook #ootd,FALSE,13-03-2025,Android,tr,633,88,25,0.058
c4cfb7c6-7be4-48e6-92cf-b7164da20671,5acce39c-c4d0-4b57-bbd7-f07d1ff34341,zcollins,Male,46,71920,6338,11-09-2023,FALSE,Bursa,Memes,Most work know sound especially group person traditional draw structure decide actually just morning book. Entire others production company.,140,#lol,TRUE,23-07-2024,Tablet,fr,3660,239,335,0.0589
912eae6c-6035-4462-bf91-0968b0414cbb,2e01c9ce-c9a0-4062-9c52-5648f41572f7,elizabeth45,Female,23,25845,7290,08-01-2023,FALSE,Bursa,Gaming,Seek let country if office increase way recently behind seat first laugh she green rest win father specific statement mother. Cause information such page whose religious.,170,#esports #gamerlife #twitch,FALSE,31-01-2025,Web,de,1322,137,58,0.0587
67b28031-8370-476f-b652-9cfa0a855765,c78c2999-c3d7-4b78-a325-f77d066dded0,idavid,Male,27,34135,7862,25-07-2021,FALSE,Paris,Fitness,Half bit understand standard fire item throw skin myself general floor into save manager also. Art including tend wrong across part.,132,#gymtime #fitlife,TRUE,06-06-2024,iPhone,tr,1697,87,159,0.0569
c93c5ed9-f01d-49f7-b2d7-a49af803b31c,0535923a-ef96-4e5d-aa55-f317c81e97c2,yrichardson,Female,40,86194,1086,05-02-2021,FALSE,Antalya,Memes,Same yeah teacher development its reflect concern machine meeting into eat personal second tonight. Dark drop deal music character feel.,136,#relatable #lol,TRUE,26-02-2025,Tablet,tr,4362,336,330,0.0583
51a8dea9-d26d-4358-92f9-f9a13aaeada9,251d059a-470e-4d18-bddd-841e3b20c2b3,wilsonmichael,Female,28,35335,1171,22-04-2019,FALSE,Antalya,Music,Catch shoulder later fund first thing front like most well card. Movement account policy sound which.,101,#musiclover #vibes,TRUE,08-12-2024,Android,de,1771,238,167,0.0616
40a4872a-ec7c-46f6-91b2-b3e63b5b2bb8,7defeae1-12c5-4940-9f00-66653bcf28f9,bryanmcdaniel,Male,18,182,5701,04-08-2018,FALSE,Paris,Health,Less help professor section hope claim upon memory place oil leg save loss rich conference. Plan agency range general year.,123,#mentalhealth #wellness,TRUE,18-09-2024,iPhone,es,7,0,0,0.0385
c7193d47-7bb8-4b45-9ecd-e7c6a92b1be3,0a55f2aa-b6ca-496a-bbad-adc291d92647,andersoncody,Male,43,57171,7386,27-01-2024,FALSE,New York,Gaming,Serious sell reason including benefit yard country but particular condition occur. Bed some white value reduce.,111,#esports #gamerlife #twitch #gaming,FALSE,13-05-2024,iPhone,en,2852,296,136,0.0574
ec970671-6d95-4eac-83f6-de2c5d7e02ab,f806dac7-1b4a-4dc2-9969-b1ef77bf1498,jamiegarcia,Female,41,58529,7636,15-10-2015,FALSE,London,Food,Send a voice your hot give rate economy run treatment. Ever happy ask much clearly much.,88,#instafood,TRUE,11-10-2024,Tablet,tr,2843,312,246,0.0581
f0a1db42-9590-4108-b575-8a89e40cc961,9730e794-10d1-4233-a98c-1f05f9be9473,mooregina,Female,40,56333,126,26-11-2015,TRUE,Bursa,Gaming,Beat she anything discussion I agreement toward citizen character little for few partner. Worker often sense week growth.,121,#gamerlife #twitch,TRUE,27-04-2024,Web,en,2754,400,264,0.0607
48ba738b-f9a7-4b32-b03e-bbb4da94a652,1e9a3474-e41f-4d4c-8cb9-4bfa27b8365d,yhoffman,Female,18,66623,7281,09-11-2019,FALSE,Izmir,Technology,Stock mean research pressure begin challenge school happen modern common music trade finish factor person. Just anything quite station wall.,140,#innovation #tech #future #gadgets,TRUE,26-05-2024,iPhone,fr,3372,382,238,0.0599
f7e1341a-1d5a-4f47-93ba-9cdeadd6e17e,53008d24-d74c-4f42-af62-5f9074f06cf5,melaniechang,Other,17,56820,6887,29-01-2025,FALSE,Ankara,Photography,After color gun keep minute social policy house usually professor hotel. However each system family.,100,#snapshot #dslr #travelphotography #photooftheday,TRUE,05-04-2024,Android,tr,2822,408,82,0.0583
da13e7df-c88c-46c7-ac7a-1a8bce1408ff,d123fe77-098f-4b07-9713-b095ba62b8cd,amy01,Other,49,87160,4175,03-06-2015,FALSE,Ankara,Photography,Light season whose charge show. War red if participant middle.,62,#snapshot #dslr #travelphotography,TRUE,28-01-2025,iPhone,tr,4350,450,293,0.0584
d8241a08-16fd-4e71-9e83-8700ff7319f0,86e93367-e650-4850-947b-0bc5f8f94e52,rosshunter,Male,44,55900,3794,20-01-2020,TRUE,London,Travel,Situation property example ball bed southern dream table religious teach. Director believe require.,99,#vacationvibes #wanderlust #travelgram,FALSE,12-12-2024,Web,es,2872,194,87,0.0564
5aa24638-7ab3-405f-9889-de4dea9d5567,50853e9c-a243-4ccc-a7ae-4ef038149408,ywolf,Male,26,71728,8598,02-06-2023,FALSE,Ankara,Memes,Hold dog heart condition seem. Model guy fish authority.,56,#relatable,FALSE,05-01-2025,Android,tr,3640,495,350,0.0625
f26a803b-5287-48f2-a358-599ca475653a,0c8accf1-0a89-4929-a363-91b433f361a8,juliahoffman,Female,60,86872,1361,05-04-2019,FALSE,Paris,Photography,Mouth former past unit week charge time goal shake bit. Memory money bag.,73,#photooftheday,FALSE,15-08-2024,iPhone,es,4380,239,186,0.0553
4c14f780-9cfd-4896-81ae-56ad84bb9dcc,cc577e7c-ef46-447d-8af6-43116b596c91,christopher68,Other,53,43374,9958,15-11-2022,FALSE,London,Education,Section science so consumer hope accept industry adult billion energy process current stop person training rest through care fine authority agency home. Nation explain would them determine still training.,204,#learning #knowledge #edtech #students,TRUE,03-09-2024,Tablet,tr,2134,123,28,0.0527
d79b7c1b-7280-4624-8802-bbba8479d75b,1beee914-bafa-4885-9ba0-c8f79427b900,gjones,Female,28,38188,1190,30-08-2021,FALSE,Madrid,Photography,Argue concern raise check deep modern crime entire effect structure leave song politics address less. Pattern hear college product.,131,#travelphotography #snapshot #photooftheday,TRUE,29-03-2024,Tablet,fr,1905,177,22,0.0551
f5a98cb6-af7b-4127-9ccd-acf08e4ff9fc,01980bd8-1e95-40cd-82f2-e59e33783404,haleyortiz,Male,44,8373,6112,10-04-2015,FALSE,Bursa,Finance,Police see subject its behind must doctor develop. Simply matter ball lawyer set.,81,#stockmarket #investing #money,TRUE,05-08-2024,Android,en,428,25,32,0.0579
de86c15b-93bc-4337-a0c7-74aa015a704d,08de679d-3f40-4adb-91aa-ce60e11a5fea,justin75,Female,46,81829,7702,10-09-2017,FALSE,Izmir,Fashion,Save at none son need coach send often church star conference when too. Ground president answer only.,101,#lookbook #ootd #style,TRUE,09-12-2024,Tablet,es,4117,354,340,0.0588
05dac15e-c38a-4d69-b86e-f292e09baccb,55a9bd63-b392-4ba4-937f-b32d6efb6c85,fclark,Male,52,8922,7053,23-03-2023,FALSE,Antalya,Art,Catch suddenly their natural build spring indicate involve free animal foreign. Local direction Republican everything.,118,#creativity #artlife #artistsoninstagram #digitalart,TRUE,11-03-2025,Tablet,en,406,40,25,0.0528
1888fdf1-620d-400b-871b-003b78ac3b0b,5b596efd-7d49-475d-a118-77695079fba2,samantha22,Other,52,26177,8871,16-10-2023,FALSE,Antalya,Photography,As thought far approach stand read collection animal sense main outside sport small dream discover whether fast. Loss hotel either other option.,144,#travelphotography #photooftheday #dslr #snapshot,FALSE,18-05-2024,Web,tr,1266,146,103,0.0579
bd50f06c-7101-4418-a1c6-be1c8b84b458,2d2e19a2-64d3-478a-a76b-44d6224d6d36,hthompson,Other,22,92842,2240,05-09-2016,FALSE,Ankara,Music,Serious say affect different ago improve effort benefit news pretty. Opportunity another floor after.,101,#musiclover #vibes #playlist #nowplaying,FALSE,11-04-2024,iPhone,fr,4644,257,129,0.0542
3ac2411d-cfe3-4136-b39f-bea7cb61e1a8,b17b4449-10e5-413b-ad36-d02232e9f697,icampos,Female,24,18073,2390,20-07-2016,FALSE,London,Memes,Visit memory many black once student brother by deep major bit pass. Education either occur discuss blue author by.,115,#memeoftheday #relatable #lol #funny,FALSE,19-03-2025,Android,es,828,100,72,0.0553
6c9e90da-4cc7-46f3-911c-a7565ca15da8,0ed0fd00-4b49-4c0a-804e-0e0a7ddb7994,james17,Other,43,41133,9444,10-10-2016,FALSE,Paris,Art,Take act customer eight house quickly mean everyone. How purpose main decade family everything her.,99,#artistsoninstagram #digitalart,FALSE,13-08-2024,Android,es,2086,310,196,0.063
1b0cd7ec-34ce-41ea-b73d-b22ec4b8ef48,eb434286-0969-4738-800e-bdbd2922ea63,sanchezangela,Female,26,79709,8627,09-05-2017,FALSE,Izmir,Food,Kind despite her around factor think like billion according. Myself cover might decision.,89,#yum #instafood,FALSE,23-11-2024,Tablet,en,3869,224,232,0.0543
95ac8b2a-8c83-4e6d-a6c8-ed14eff64d5f,a8c83956-1cc3-493f-af22-4daa68793484,hernandeztristan,Female,53,60520,6823,12-01-2021,FALSE,Bursa,Photography,Green tax so question one example fill ok similar bring adult. Part remember low kid car truth.,95,#photooftheday,TRUE,29-08-2024,iPhone,de,3003,152,106,0.0539
f347b0f0-5811-490a-a972-098aa9144223,6fe2a91f-0089-467f-9728-6cac17599fde,smithcandice,Other,44,63709,9209,09-05-2024,FALSE,Madrid,Art,Face next anything project better cultural like attorney fire energy positive attack full maintain though church stop water. Sense detail decide person within.,159,#artistsoninstagram,FALSE,21-06-2024,iPhone,de,3161,256,161,0.0562
7f36ceb7-56e1-40f1-8d1a-fd2b1be812ce,27011e25-b7db-48a9-a54c-eb08b9ad2fdd,johnsonmelissa,Other,21,11443,3733,05-07-2019,FALSE,Istanbul,Travel,Happen scientist think however miss Mr generation Congress south student they face ten behavior effect special major rest lay forget road. Public pressure task already set.,172,#wanderlust #explore #vacationvibes,TRUE,14-11-2024,Android,tr,583,30,6,0.0541
9e402154-4d88-4078-8231-883b4b4e40e0,2fc5d016-220a-45b5-a2a4-f885a815eb2e,qward,Male,35,96689,1063,24-05-2019,FALSE,Bursa,Food,Office indicate move owner half social with from look late participant. Sister all customer reach.,98,#foodie #yum,FALSE,28-03-2024,iPhone,en,4761,630,299,0.0588
d59f6ea5-40fc-484e-9f1f-43e695412a27,4bc12e18-050b-4809-84dd-314ac9e4979a,rodriguezmichael,Male,47,62141,5731,29-11-2015,FALSE,Paris,Travel,Like training husband tough role benefit anything tend after special relationship market this investment police three all talk treatment. Today me society lead.,160,#travelgram #wanderlust,TRUE,12-09-2024,Android,de,3133,267,210,0.0581
7e7d259d-d8b5-4759-b2af-757fbfd704cd,48403048-9542-4c75-9f7f-14df4a365d5a,george94,Female,54,12247,786,11-02-2018,TRUE,New York,Photography,Quality interesting type open hit media. Discuss easy shake budget.,67,#snapshot #photooftheday #dslr,FALSE,30-06-2024,Tablet,en,595,72,56,0.059
a9c1bbe0-d348-4e41-86b4-f3ed0dff9eed,bb77a23b-5e6b-4497-b848-9e5f665c7580,clarkmichael,Female,37,63656,2721,19-08-2020,FALSE,Izmir,Education,Teacher keep new research last tree wait his speak reason near at why subject only brother support. Perhaps summer meeting treatment clearly officer purpose.,157,#students,TRUE,13-04-2024,Android,de,3087,433,207,0.0585
f4639038-5e52-4fca-a420-1feec8ee2e92,eb947170-2bcc-4d73-979a-7523691dd09c,benjaminrussell,Other,58,45464,9324,22-10-2015,FALSE,Izmir,Politics,These ago morning beyond receive quality night friend happy let dinner relationship everything lay indicate buy fly not wife against start itself performance. Effort report suggest even figure.,193,#politics #election2024 #news #worldnews,TRUE,21-03-2024,Android,fr,2244,177,115,0.0558
bdb3efb5-3770-4ae2-8c7e-5216758b2182,cffd7a5c-ef45-49f1-bf62-d2d288e229f5,tklein,Other,33,92477,8579,23-11-2016,FALSE,Berlin,Fashion,Second even six hard and draw technology but risk fine. Know yeah main.,71,#ootd #fashionista,FALSE,01-11-2024,Web,de,4648,645,399,0.0616
44a7767d-489b-49f6-a5dc-c2963980bffe,a6d38688-42f3-49a6-a43c-64c6b276d83c,geraldray,Female,50,25211,4870,10-11-2024,FALSE,London,Fitness,Model claim run me together see figure law deal environment yet represent office scientist chance tell boy system turn. Ready speech impact station focus every run.,164,#healthylifestyle #gymtime #fitlife #workout,TRUE,09-08-2024,Tablet,fr,1227,107,57,0.0552
c7e86407-c35e-4fd6-b6b9-0e3a0530cb9b,b1077e20-9698-4ace-a471-7496297eeb0d,dbeck,Other,36,62463,541,05-10-2019,FALSE,Madrid,Music,Top left night without project risk western machine at art red could only receive great research area involve southern least next crime husband. Little up red either.,166,#vibes #playlist #nowplaying #musiclover,FALSE,14-03-2025,Web,fr,3142,375,137,0.0585
1ba4248c-d224-4789-a351-dcb20204f4e5,6ae308f9-f8a1-4ca4-9a21-c717b285dcee,luke73,Other,51,31753,1419,14-03-2020,FALSE,New York,Health,Go west arrive family cut between radio suggest let challenge. Just wrong thing.,80,#fitlife #healthtips #mentalhealth #wellness,TRUE,29-10-2024,iPhone,de,1604,158,85,0.0582
579effb4-9b4a-480e-8524-8285938a6447,87f768e3-c8de-4543-9519-2e4c4a7318ba,emartin,Other,17,59376,6421,26-07-2022,FALSE,Berlin,Politics,Bill involve scientist for improve someone fast yourself learn. Result true reach decision natural beyond training.,115,#election2024 #news #politics #worldnews,TRUE,25-08-2024,Web,de,3020,221,275,0.0592
830696ea-27da-4cc5-ad05-ccee9bc67caa,f9e210a8-4482-40d2-b53e-7b03d4055099,taragonzales,Other,20,34915,5933,18-07-2019,FALSE,Antalya,Education,Huge usually collection this alone scene find week how worker discussion at member yet evening lot friend approach executive southern writer mention. Radio job again.,166,#edtech,FALSE,14-12-2024,Web,de,1755,163,106,0.058
2e791963-54d9-4b02-9da1-733c63200181,7c7d78d9-7274-48eb-a973-3abb02fd9b76,elizabeth18,Other,30,85598,8817,09-06-2024,FALSE,Istanbul,Food,Floor somebody go production continue travel down ahead perhaps wrong. Behavior career society public spring.,109,#instafood #yum,FALSE,21-12-2024,Android,en,4345,582,44,0.0581
41a76d44-3b78-4b2c-afb6-f17a0348df44,4d38be76-d488-42e8-8235-2829cf4e5df2,mariadalton,Other,23,40016,1409,23-09-2018,FALSE,Paris,Memes,Himself itself wife expert above doctor play everyone physical present reality in. Everyone friend red war may its available.,125,#funny #relatable,FALSE,19-10-2024,Android,fr,1942,139,130,0.0553
0a134b5f-b186-4abc-93ce-54c52653ce05,9e8ffaee-e090-4a25-93f1-389627b6101d,kellyibarra,Male,41,3960,4708,18-03-2016,FALSE,Bursa,Fashion,Hand threat dream whom allow four. Cost difference simply kitchen newspaper.,76,#fashionista #ootd,FALSE,18-03-2025,Tablet,fr,224,28,19,0.0684
b8d5571b-0be2-40f9-be20-32cc0e5c46f8,926b4c49-a282-4b43-a1a3-6ff12d8926cb,vallison,Male,27,74429,3342,22-01-2025,FALSE,Izmir,Books,His ground strategy card book budget key year girl half. Across who choose watch already huge manage.,101,#readmore #literature,TRUE,23-01-2025,iPhone,de,3699,196,236,0.0555
04daa75f-9b1c-4340-975f-7ba55a8c9676,375c1ddc-3eff-4825-9e86-0b8b72a09082,isaacsingh,Other,36,64383,8613,02-04-2015,FALSE,Berlin,Technology,Eye camera course up only study whose national its community. No others them east issue alone.,94,#gadgets,FALSE,26-11-2024,Web,fr,3209,398,97,0.0575
ce34c1a1-2050-40f5-abff-f49bafbcb878,0a11e502-567f-4d18-86df-c9ce6e90e930,davisjennifer,Female,41,70109,7889,14-12-2022,FALSE,Madrid,Travel,Friend generation hand lot seven onto sense reason guy tend customer there economy free. Strong common sort environment.,120,#vacationvibes #travelgram #wanderlust #explore,TRUE,20-02-2025,iPhone,de,3630,377,165,0.0595
d7b6b765-cad9-4cee-82b5-e9dcfb5652a0,de24faa5-3505-4be7-bb19-ed2e9fad434c,owelch,Female,45,11513,805,23-10-2024,FALSE,Antalya,Music,Southern free position protect person manage reach born visit indicate become. Raise baby chance record trouble.,112,#vibes #nowplaying #musiclover,TRUE,13-01-2025,Web,en,543,38,23,0.0525
7c048cd2-ea51-4236-b1cc-1f5072bc36cf,a4499f1c-9ac1-437a-a22d-880fc060825f,alexwall,Male,20,11230,8315,11-12-2022,FALSE,Paris,Health,Eat speech camera push energy these last scientist member woman. Blue month board.,82,#fitlife #wellness #mentalhealth #healthtips,FALSE,01-11-2024,iPhone,en,595,59,26,0.0606
21af207d-05f0-49fd-b51c-00f8857df8ce,204c4dce-629a-4d00-bf65-a662fbca5ebb,elizabeth57,Other,52,30105,9669,19-08-2024,FALSE,Antalya,Art,Authority next evening similar new they probably east should way network. Special thus middle maintain.,103,#digitalart,FALSE,14-03-2025,iPhone,en,1480,203,67,0.0581
5ef49ca7-58b1-4f37-9cf9-986946ceb72c,d4639075-ce75-427c-a570-9ea8874651ec,smallkenneth,Female,24,85306,9377,28-04-2024,FALSE,Bursa,Travel,Economic road miss adult middle southern part activity table training meet national environmental cover executive style future almost stuff both return. Fund wonder report.,172,#wanderlust #travelgram #explore #vacationvibes,TRUE,30-07-2024,iPhone,de,4346,333,173,0.0569
cfb472d4-186f-4984-abdc-a60ae3d6d2d9,142649ca-b5ed-415d-821e-6904b11b994c,jacquelinemartin,Other,26,7467,1125,11-02-2021,FALSE,New York,Travel,Result price special option also continue black door attention in increase field against case player claim what fact involve large. Simply certain boy relationship right get.,174,#travelgram,FALSE,09-10-2024,iPhone,es,406,27,12,0.0596
9e2079f4-a2e2-4fb2-81f7-74e6ce34c1c7,c0d604e8-4222-48f8-bab6-84349da61869,david94,Other,30,63231,1517,25-04-2015,FALSE,Berlin,Food,However city lead speak perform statement situation enjoy top. Out suggest home technology chance each.,103,#homecooking #foodie #instafood,FALSE,19-04-2024,Web,en,3205,312,117,0.0575
ad315c22-a6fb-40bc-ad59-49b82cc9d62b,5de050b5-1ef8-4c9c-b06a-ce7c7c262d49,hmcneil,Male,22,54487,6406,20-12-2023,FALSE,Izmir,Gaming,Seat hard why government resource the service hospital make team mention benefit age. Perhaps support field until now send fact.,128,#twitch #gamerlife #esports,TRUE,28-04-2024,Android,es,2784,163,274,0.0591
710b6743-e4f8-48ad-827f-a4875ba849af,3fb87c20-178b-4165-b41a-7236b26bcc29,eric33,Female,56,25507,1818,10-02-2016,FALSE,New York,Pets,Establish always history then relationship nor follow some candidate camera difficult line challenge even road word true history. True including throughout prove.,162,#adoptdontshop,TRUE,26-10-2024,Web,de,1306,168,101,0.0617
0a0d8c87-c867-4750-8edd-bd920fcd9d31,030b073f-67f2-43f2-b2af-27e72b30fc06,robertrivera,Male,30,54694,9918,22-02-2017,FALSE,Paris,Finance,Spring usually guy edge name budget second reach talk customer early. Million hard plant.,89,#investing,FALSE,14-03-2025,Web,fr,2680,236,82,0.0548
8d8f0406-5a24-44a8-a632-27c6e24d09e6,0ddb4011-70b4-4566-97f7-259c9de77674,christopher84,Female,37,34215,5192,28-06-2017,FALSE,Paris,Finance,Subject push listen most north until by commercial item him herself cultural. Professor our special weight itself clear.,120,#money,TRUE,21-06-2024,Web,tr,1608,152,58,0.0531
46db49a1-4401-4c0f-82bc-b4d55e6f4765,8d805480-b1b0-49ae-963b-3c02df5d50f3,samuelfarrell,Male,22,35478,1324,24-09-2015,FALSE,Berlin,Politics,Much bar community future town but day science region yourself whole play like night security week claim while up sure. Thus adult team market.,143,#news,FALSE,08-12-2024,Android,de,1720,255,30,0.0565
b5798344-51b4-4004-9037-e20413e877ba,b04cbb97-fa33-43fe-ae9f-50229bdb068b,patrick04,Other,44,34202,8427,29-03-2018,FALSE,Paris,Gaming,Inside nor guy trial card hit serve experience lawyer. Project everyone yes stuff example east.,95,#esports,FALSE,17-04-2024,Tablet,fr,1753,201,114,0.0605
03b40207-e79f-4f89-abec-13a5c9607c82,49a9071b-3c19-4b41-9793-32fabe513303,williamsjesse,Female,57,89191,1513,22-01-2024,FALSE,Bursa,Fitness,Sea control draw record still issue. Whom task PM thousand instead main.,72,#fitlife #workout #gymtime,FALSE,03-01-2025,Tablet,es,4461,289,425,0.058
70b77377-626d-4742-ac18-c03c90ecf291,4b34786e-f8a0-4251-995a-f1a5bd63de7a,brittney88,Male,45,92843,994,09-04-2024,FALSE,Paris,Travel,Likely position career appear unit bag their far necessary meeting east life newspaper hour society politics. Light little per generation develop term section.,159,#travelgram #explore #wanderlust,TRUE,07-07-2024,Web,en,4690,502,329,0.0595
9ca7c93e-9233-4b21-aa7b-272725a20c6c,b30847dc-8ef0-4b2d-978c-3b86f076c096,ryanbenjamin,Female,35,19421,9934,28-05-2022,FALSE,Berlin,Gaming,Card deep difficult pattern care campaign. Local show lay edge knowledge fund close.,84,#gamerlife #twitch #gaming #esports,TRUE,30-04-2024,Android,tr,979,111,45,0.0584
d265cf6b-ffb0-4e1e-a715-879c006b6927,eef219b6-6586-479e-b9f0-db620d0133b1,javierdiaz,Female,43,95471,845,28-11-2018,FALSE,Istanbul,Memes,Moment general behavior very example finally yet dinner her most old. Represent move my measure fear specific.,110,#funny,TRUE,26-03-2024,Android,de,4732,378,326,0.0569
f365bcf1-3d59-44ee-9913-77b84bc2b107,606c5254-1563-4cfb-b28c-cb0b6ce646c4,alexandramyers,Female,39,50385,5497,14-02-2024,FALSE,Ankara,Gaming,Left too personal this sign east professional social find sell argue himself reduce reveal each operation moment drop population. Change wind fish.,147,#twitch #gamerlife,TRUE,25-08-2024,Android,en,2547,308,193,0.0605
a4790bf2-cce1-45d3-aa39-4a2b9ee3c8e9,359f4d38-64ac-4d49-a89f-f6834b17db5c,adam30,Other,39,94603,4414,28-12-2018,FALSE,Ankara,Pets,System require region listen wear. Second knowledge laugh professor attention year.,83,#adoptdontshop,TRUE,27-10-2024,Android,de,4757,646,149,0.0587
1a1f561a-893d-4587-906c-f38745a88e43,40c40070-c68b-44ee-a1f3-5322f214e930,christineriggs,Female,27,83584,3870,15-09-2019,FALSE,Istanbul,Technology,Skin democratic increase try their thank for responsibility sister foreign size career win boy night security. Director plan which appear.,138,#innovation #gadgets,TRUE,15-11-2024,iPhone,fr,4106,381,221,0.0563
1a0259b0-aade-49d8-9b2b-914d2dc45d07,d470e68b-1586-4eee-ba15-fad7f25fb162,cobbkaitlyn,Male,33,56579,2122,28-08-2015,FALSE,Berlin,Music,Leave management number case push measure site here store factor whether want there quickly now remain network place. After nearly population age.,146,#nowplaying #vibes #playlist,TRUE,31-03-2024,Android,fr,2748,138,34,0.0516
1143cb15-c4b2-4350-92c3-bb80184e3287,d1ae692f-7a1c-4752-92dd-2e279a2eadc7,acevedonancy,Female,46,55984,3840,28-02-2016,FALSE,London,Fitness,Score concern stage property other house floor focus follow future effect. Short seven north huge better recently provide source.,129,#workout #healthylifestyle,TRUE,02-12-2024,Tablet,de,2849,246,134,0.0577
cd921ca3-b331-42dc-afca-a9ef09ec2361,b08522e3-aa5a-4aa3-8766-a3e7f4e9d794,kristen31,Other,31,90256,516,07-10-2022,FALSE,Antalya,Finance,Account require piece good reason too evening probably low pull political. When interest region campaign father might table wear.,129,#money #investing #stockmarket #crypto,TRUE,01-08-2024,Android,tr,4523,439,294,0.0582
93bb4ad9-78f8-4cab-bbca-6cd8697b792c,e52f5436-146f-4ae3-8975-cb6354914de8,joel28,Male,35,41900,782,23-12-2018,FALSE,Ankara,Politics,Lead only choice forward conference describe travel day wall foreign war leg. Quite marriage defense tough skin candidate sometimes.,132,#election2024,TRUE,12-01-2025,Web,tr,2110,259,89,0.0587
f85f2716-bf84-49e8-9c80-9b727e9cbfcb,0d743846-bf11-4f9e-bcd3-9abc17dd2973,katherine02,Female,24,32360,6169,28-01-2022,FALSE,Berlin,Pets,Mother lot answer program across remember opportunity out either like local picture rate consumer. Ahead small be produce office along success.,143,#adoptdontshop #catlife,FALSE,20-08-2024,iPhone,es,1601,102,60,0.0545
e2747a32-5f2b-446b-a4e2-ebc931ec4299,49d60a27-9bfb-411e-b318-397dfdef14f1,reedross,Other,42,15625,9983,09-07-2021,FALSE,London,Fashion,Thought without page marriage protect listen soldier today seek least seek color should happy institution prevent each writer. Design give culture.,147,#style #ootd #fashionista,FALSE,16-03-2025,Android,fr,785,91,14,0.057
0e2514e3-739d-42a1-a4eb-804e15d6938a,12230b33-2b92-43ab-b3a4-af848db33438,lloydrebecca,Male,54,64725,5977,02-11-2017,FALSE,London,Music,He certain gun mother road threat majority floor action wide service. Product compare read present.,99,#playlist #musiclover,TRUE,13-07-2024,Tablet,tr,3282,290,80,0.0564
17110e3b-3de2-4a9f-98a7-b894a1f453df,918e37ec-b228-42cd-82b2-f51397bd73b1,greenwilliam,Male,58,44011,6214,16-01-2024,FALSE,Antalya,Finance,Subject environmental rise see whole author quite because participant police parent. Prove door side house team trouble.,120,#money #stockmarket #investing #crypto,FALSE,27-07-2024,Android,tr,2235,255,162,0.0603
ee74bef6-c608-4143-9280-8e051b2712f6,d58aab1b-3be3-4ab6-8056-c941b6a88c98,patriciacarr,Male,42,43549,9828,10-04-2021,FALSE,Izmir,Music,Recently eight oil seven on as painting front thousand husband your article. Cut certain understand society approach quickly.,125,#musiclover #vibes,FALSE,18-08-2024,Android,de,2295,151,112,0.0587
31391188-7b68-4edf-80d0-4e96260eaba9,70852698-5da4-4241-9a03-1ee2a364eeee,haley57,Male,49,96108,2904,28-12-2019,FALSE,London,Travel,Argue member thank whole special suggest area feel travel. Bed scientist hair tell.,83,#vacationvibes #wanderlust #travelgram,FALSE,06-01-2025,Web,de,4770,401,106,0.0549
2f1296b7-482a-4689-be99-de672ccd679f,a19095da-1d39-449f-8fe4-e6e15a6bd353,jjones,Female,42,93450,8647,04-05-2019,FALSE,Antalya,Pets,Them reach live place provide east indeed use lot pick clear soon first see. Key light article guess might once.,112,#catlife,TRUE,13-01-2025,Tablet,de,4633,351,164,0.0551
c36df5e3-59cb-4f10-b262-601b5328fbc6,0b14f1a5-552d-47f6-9074-2a078cbb93d7,contrerasangela,Other,31,54064,4421,23-12-2016,FALSE,Ankara,Education,Listen worry really turn his she us. Factor near wind wait act prevent.,71,#students #learning #knowledge,TRUE,28-10-2024,Tablet,es,2696,227,169,0.0572
0e88aff3-ac2f-4d5c-afdb-5b29044c6b93,1559b14f-33f9-4a98-add6-3ad4776e7c95,christopher69,Male,58,71019,154,22-10-2021,FALSE,Madrid,Music,Describe receive bit wonder hospital occur likely energy after ask its nation movie away matter base career parent. Money common personal hear.,143,#musiclover #nowplaying #playlist,FALSE,25-12-2024,Android,es,3635,411,124,0.0587
54314f8c-766e-48a7-a280-184d62100e40,d48b7997-4fc4-4934-9ddb-9009a0949232,brandon69,Other,24,62025,7735,24-02-2016,FALSE,Istanbul,Pets,Good including be job write half newspaper choose detail happy third real. News property thank together crime six.,114,#catlife #petlover #dogsoftwitter,FALSE,17-05-2024,Tablet,tr,3084,303,286,0.0592
fa131ec6-4590-44c5-85b4-7f69a99ad61d,703f21a5-400c-484a-943e-781f8fcf5837,nbell,Male,46,10169,8016,01-05-2022,FALSE,Paris,Fitness,Natural thank concern up something ground century take money marriage hear throw go town. Feel wall improve professional sure material.,135,#healthylifestyle #fitlife #workout,TRUE,27-08-2024,iPhone,de,521,48,21,0.058
c26167ef-7ccd-49b4-b790-061c41e6ddec,50880738-5e2f-4e1e-9b80-7146010fb16f,tjimenez,Other,38,17531,1993,05-09-2023,FALSE,New York,Music,Put fly lawyer character mind bill act who your. Rise any national various lose idea.,85,#playlist,FALSE,18-07-2024,iPhone,es,887,61,75,0.0584
6028d47b-844f-4e5a-a935-726e5d64d842,ce02d037-fb0d-4909-a825-04021c8c9534,heidijames,Female,55,95357,782,22-12-2015,FALSE,New York,Education,Seek section full book activity morning board no politics threat statement main man whom effect itself. Deep most sign nature interview create himself plant.,157,#edtech #knowledge #students #learning,TRUE,17-08-2024,iPhone,es,4832,449,199,0.0575
d45d4cd0-3ba4-452b-bfff-45144e210c44,5fd4e52a-52bc-46bf-bfbb-ed9cf78eebcc,michelle63,Male,42,35999,2803,10-09-2021,FALSE,New York,Health,Drug despite feel know everybody off wind cup look thus challenge soldier use involve throughout maybe. Understand general consider machine deal though material explain.,169,#wellness #healthtips,TRUE,19-07-2024,Tablet,fr,1811,245,101,0.0599
2a6c3015-dd70-4dcf-8d8c-833a72d002e1,421c1007-c45f-4330-b872-17637e2b3d80,nelsondavid,Other,41,82820,2950,19-12-2023,FALSE,Ankara,Fashion,Follow clearly outside across traditional about list seem ago long training. Interview organization especially we main door wife.,129,#ootd #style,TRUE,13-08-2024,iPhone,en,4167,450,90,0.0568
3e36bc54-07b7-4480-82cd-3c98a0031a5c,793d8ebe-da78-4ade-8163-6f4022fba17e,nichole66,Male,20,33829,4593,08-04-2017,FALSE,Paris,Gaming,Occur seem very oil paper behavior seem machine result home half pass. Money model south media other quite total.,113,#gamerlife #twitch,TRUE,21-02-2025,Android,en,1701,143,56,0.0562
22b5ff8e-483b-401b-98e6-85eda5fecb6a,5cc4eebb-7275-4214-9886-6f0a74697788,jennifer83,Male,17,541,5413,18-02-2023,FALSE,New York,Music,Laugh each son partner education energy when reveal usually ask itself such floor fund economy. Low down policy bag develop ever lawyer.,136,#nowplaying #vibes,TRUE,10-08-2024,Android,de,28,2,0,0.0555
7b182256-914b-499e-b051-7339b08cfd3a,d454fffb-55a7-4c62-aada-3c3c0490d1da,anthonystevens,Other,30,84063,8298,19-05-2023,FALSE,Istanbul,Technology,Total authority tax per until series strategy light health or protect summer determine room. American single truth food activity expert school just.,148,#innovation #future #gadgets #tech,TRUE,14-08-2024,Android,tr,4237,283,343,0.0578
83895725-9397-48ae-9426-59144f22dc0a,bc2ea3f9-8530-4476-9eb2-73f95ef50934,stewartkyle,Female,55,21399,4952,28-12-2021,FALSE,New York,Education,Nearly expect follow note occur everyone understand fact. Teacher school light wonder.,86,#knowledge,TRUE,01-06-2024,Tablet,fr,1047,101,13,0.0543
d4d84b18-f3fc-423c-818d-9d0a227dfe30,ab7f9f47-bacb-4feb-abad-85687cd95f31,johnwilliams,Other,55,12956,6727,19-06-2024,FALSE,Bursa,Fitness,Doctor visit travel simple several from dark theory crime require partner line usually start provide after how specific mean room. Organization trouble moment nice.,164,#gymtime,FALSE,10-01-2025,Android,es,648,35,28,0.0549
dc26e7e4-674c-437d-893a-7cd87d1457f6,8192d784-efb7-43d9-9956-2d2107ea345f,ecisneros,Other,19,64864,9189,09-08-2023,FALSE,Berlin,Finance,Foot likely prepare need sing skill worker let vote easy onto. Lay ok spend right test suffer in.,97,#investing #crypto #money,FALSE,27-10-2024,iPhone,tr,3126,325,64,0.0542
61a542e7-78f2-4632-8d0a-bc31c899dbed,c48be00e-f693-45bc-b052-e171a4856613,gloria73,Male,58,70701,7343,21-08-2024,FALSE,Berlin,Technology,Price yet me for friend action these area politics everyone hair another region over church particular win writer significant agree bank upon. Discuss consider wear if challenge might generation history.,203,#future #tech #gadgets #innovation,FALSE,26-03-2024,iPhone,en,3588,526,129,0.06
bcbec1be-fac0-4c37-b5e3-c131d9021166,163f5148-2825-4363-8c45-8996e2eca2aa,harry08,Male,41,42472,8481,15-05-2017,FALSE,Istanbul,Memes,Perform provide scene international building learn floor once style. Clearly soon firm bed these skill.,103,#funny #relatable #memeoftheday,FALSE,12-02-2025,Android,de,2165,172,201,0.0598
2195668d-62cd-46f2-b2bf-386f818e24bd,e806e51f-a559-45f9-b9ad-27bd08cdc6a9,sophiali,Male,34,96738,7526,30-09-2019,FALSE,Antalya,Technology,Leave alone media may according forget firm customer nearly able cultural hot peace local join describe people he show scientist wind glass something system. Paper large ask campaign blood hold.,194,#tech #future #gadgets,FALSE,22-06-2024,Android,es,4825,393,298,0.057
721e9762-3d75-4399-bf68-de73e71fb8f6,2d228003-f4f5-4688-941d-a4d539ffc480,yanderson,Female,58,53987,8551,23-12-2016,FALSE,Madrid,Art,Last agreement use low want view difference notice sport side born without rise color be list look able though read not stock more most. Impact end TV.,151,#artistsoninstagram #digitalart,FALSE,07-06-2024,iPhone,es,2673,379,129,0.0589
434204c5-3f9a-4ed9-9d7d-b225454b5caa,04f9fbdd-de35-480b-9d93-fd539fdc0e01,harrellholly,Other,24,59074,4997,22-07-2020,FALSE,Izmir,Education,Sing several up interest class movie international project animal human lose yet glass green six same send force beyond able. Loss probably government activity although foreign.,177,#students #knowledge,FALSE,03-02-2025,Tablet,en,2865,321,257,0.0583
e39986cd-9715-4644-b506-9fa7cab0adbf,c10df646-a740-48c5-afed-9527d4a749ed,jorge20,Other,38,29757,5163,04-02-2022,FALSE,Paris,Education,Prepare scene nature ago music floor foot language deep machine factor growth line chance money check wait administration experience. Arrive level wear several oil bring.,170,#learning #knowledge #edtech #students,TRUE,14-08-2024,Android,es,1499,164,26,0.0568
f686ca68-40eb-4ba1-baef-0bdc489a69a4,3c3f8f24-db21-42ba-910c-352ae49eaa6c,hlester,Other,33,90469,1683,20-08-2016,FALSE,Izmir,Books,Mission budget short state beat play. Him join discuss expect relate key pressure and.,86,#reading #readmore #bookworm #literature,TRUE,05-04-2024,Web,en,4551,512,238,0.0586
5d0095bc-997a-437e-b05e-02516fcc8e55,236eae44-136d-4da4-9542-5e1e6b38f678,daltonkathleen,Other,50,6593,7101,13-05-2023,TRUE,Madrid,Politics,Friend feeling we network case phone age them number race unit his parent film drop join give receive time. Watch turn different pretty deep design fall.,153,#politics,FALSE,13-05-2024,Tablet,tr,337,27,32,0.0601
c6097ec5-6865-43d2-a460-f78d69c12749,e267d877-aeea-40e8-a8db-b1462ef992bb,andrew65,Female,47,52015,9205,18-01-2023,FALSE,Ankara,Fitness,Fight foot member season machine model determine glass site significant that property end positive. Piece report husband easy parent side role employee.,152,#workout #gymtime #healthylifestyle,FALSE,10-06-2024,Web,tr,2531,140,50,0.0523
a49a052f-b5e0-4238-b579-ae71e11b4123,4883e536-fda8-4690-8d95-950b98da1795,austinallen,Female,54,34343,5141,13-07-2023,FALSE,Paris,Fitness,Trade report adult reduce their right test myself say many close first. Act offer body join north.,98,#gymtime #healthylifestyle #fitlife,FALSE,30-09-2024,Web,fr,1764,198,132,0.061
7d3656a9-8eb7-4fd7-b20d-39c26d25955f,bef5cac5-e116-40c2-b512-6d57782354ad,washingtonsamuel,Other,54,59872,7024,25-03-2020,FALSE,Madrid,Politics,Decision marriage add operation why thought wide where treat bill. Discover phone family.,89,#election2024 #news #worldnews #politics,FALSE,09-11-2024,Android,en,3005,277,178,0.0578
62dcb195-4b76-4f50-a11a-21f961c2411b,1acb7844-76d9-4919-882c-221680059d5c,brianmorrow,Female,53,15708,4969,20-04-2015,FALSE,London,Books,Quickly near half big education end impact yet hard discuss choice glass instead camera. Order laugh common term skill want.,124,#literature #bookworm #readmore #reading,TRUE,01-11-2024,iPhone,en,757,80,11,0.054
914b05a0-c460-4d4b-a212-e3382ce8ebe4,cc5b7794-1a01-441a-a875-c5d7451362e9,nancyballard,Other,58,78929,2463,29-10-2020,FALSE,Bursa,Health,Until social police walk major hair new piece positive pay later. Tough present become front many usually already.,114,#mentalhealth #fitlife,FALSE,05-07-2024,Web,es,3916,523,122,0.0578
30f1aeb8-7ad5-4eed-a9f0-29d36d2e7974,341efcdf-0843-4cb0-abdb-fc652e174e7e,victor76,Other,53,35314,8966,19-05-2020,TRUE,Bursa,Politics,Him want bar strong show language to. Already enter she have involve exist.,75,#worldnews,FALSE,31-07-2024,iPhone,de,1737,173,121,0.0575
9c223c41-8b32-4b51-8449-af5e0b14fc8b,79394ba7-f273-45d8-91d3-002196ff1b70,kristen44,Male,55,46480,9268,12-10-2024,FALSE,Madrid,Fitness,Science century total increase other rock hard beat pull of third structure use stand newspaper effect. Magazine investment again country natural court east.,157,#workout #healthylifestyle #fitlife,FALSE,19-08-2024,Web,fr,2295,319,208,0.0607
5bf9db9d-98ae-42a5-8772-3b977f9154e5,c2c5866c-2154-4d8d-ad5e-7b2c81e0160e,wrivers,Female,46,59390,5274,29-10-2015,FALSE,Izmir,Gaming,Save fine community little indicate relate magazine process building job suddenly throw about color really couple. Executive for game beat culture.,147,#gaming #gamerlife,TRUE,31-01-2025,iPhone,en,2930,327,42,0.0555
50c58406-fbe6-4af5-b5b5-2349e686dd28,824a05a6-7b0a-4d65-9d3e-61057fa84633,lewismaria,Male,26,76310,7092,10-06-2019,FALSE,Paris,Fashion,Rest story debate eight but reach general successful offer goal upon that pick significant term fund. I must police member event theory.,136,#lookbook #fashionista #style,TRUE,13-03-2025,Android,en,3897,429,285,0.0604
b4a68bbb-9cf1-4500-9b83-373924d29667,3464f6bc-3443-4311-9f77-d1fcf054b2dd,derrickbennett,Male,47,36549,4202,18-12-2018,FALSE,Paris,Finance,Recent just likely character could fill realize contain peace major view safe. Charge like later during there.,110,#stockmarket #investing,TRUE,07-05-2024,iPhone,de,1784,140,140,0.0565
b39e71ec-1a30-4bc7-9628-abf5665e3b72,1f193c04-e085-42cd-85e4-b22fd18f9ce0,esimon,Male,20,65200,2342,12-05-2019,FALSE,New York,Pets,Language return keep its pass treatment soldier teacher oil. Several Mr land relationship sell.,95,#petlover #catlife #dogsoftwitter,TRUE,01-11-2024,Tablet,de,3253,253,183,0.0566
aa73594c-ee12-4099-981d-4d01c2bfefef,00681cda-59a2-4c81-bcb8-4329d9ea6d7f,margaretboyd,Male,20,42642,4148,26-04-2018,FALSE,Madrid,Fitness,Wish face parent create authority indicate. Pm manager write stop seek idea.,76,#healthylifestyle,TRUE,01-10-2024,Web,fr,2073,232,89,0.0561
6f6718b4-4cae-4b2a-8655-338ae660e858,443f8067-6e6c-472b-9613-26f95d83cc48,stacy55,Female,51,70555,7451,12-12-2017,TRUE,Madrid,Music,Remember page theory travel form identify institution. Position decide cost course however top.,95,#playlist #nowplaying #musiclover #vibes,FALSE,21-12-2024,Android,fr,3568,385,149,0.0581
b76b525b-cbb1-4085-a019-7ccadf7e745f,926b4c49-a282-4b43-a1a3-6ff12d8926cb,vallison,Male,27,74429,3342,22-01-2025,FALSE,Izmir,Books,Them low others game few trip never. Develop current pressure somebody professor thought benefit.,97,#readmore #reading #literature,TRUE,26-03-2024,Web,de,3710,280,225,0.0566
f6c91901-151e-4ba1-8579-5e4cf8f52fb4,90a037e2-b128-4e4d-95b3-354e59c56752,haroldlee,Male,55,242,4161,05-07-2015,FALSE,Istanbul,Fitness,Huge evidence stand church interest Mrs than the develop more really trial popular half. Author government simple property drive.,129,#healthylifestyle #gymtime,TRUE,23-09-2024,Tablet,fr,15,1,1,0.0702
ea8f96d7-aa67-4b4d-8a3b-de798f844c19,a0e51849-defb-4770-901d-060d6838b0c6,jessica38,Female,20,36131,1090,17-10-2023,FALSE,Madrid,Finance,Training growth early speak team often be purpose simple activity inside contain resource good face also center tree president special financial weight need painting. Value where bit site.,188,#investing #money,TRUE,15-12-2024,iPhone,de,1820,105,94,0.0559
17b395eb-04c7-48f5-b55b-6baf529f980a,35506a9c-8bfd-482f-afd4-e3a760bdd683,rowlandemily,Other,22,21631,1337,19-08-2020,FALSE,Istanbul,Fitness,Than throw which between society each amount indeed assume morning almost. Term such three market prepare house.,112,#workout #fitlife #gymtime #healthylifestyle,TRUE,20-12-2024,iPhone,fr,1107,92,63,0.0583
4020295e-6a5f-4721-90cc-1ccd7a821350,109cb2b8-36df-44fc-aebc-290d87f293bd,lynchdiane,Other,44,21797,765,07-10-2019,FALSE,Bursa,Fitness,This ask nor partner politics contain what most industry hear wonder Democrat need. News special usually box among west.,120,#healthylifestyle #workout #fitlife #gymtime,FALSE,18-09-2024,Web,es,1171,158,69,0.0641
ec2e7a0c-c580-4d79-a76b-f457086cd763,d6b3a62f-6f37-4850-a7fa-511e128567b9,james08,Male,48,62909,7047,09-07-2019,FALSE,Antalya,Technology,Approach rather law type senior official crime act throw choice. Game so professor.,83,#future #innovation #tech #gadgets,TRUE,27-05-2024,Web,fr,3028,228,209,0.0551
a418c8fa-10e0-4647-aaba-1aa1521c20a7,96330cf1-30e4-4db0-8759-b6726ffbbc51,hollyalvarez,Other,45,81817,5347,06-10-2015,FALSE,Bursa,Memes,Someone lot plan world very manage message for president perhaps respond successful pattern as collection. Mouth threat vote check six.,135,#relatable #funny #lol,FALSE,08-06-2024,Web,de,4045,339,149,0.0554
28a1a40f-d0d9-4335-a0f5-b316dd5e2a13,6e2e987a-0710-40b0-aa74-2452b190d4b0,xmiller,Male,27,39258,9344,28-12-2021,FALSE,Istanbul,Pets,Career law quickly who foreign also father. Nearly week throw majority third.,77,#petlover #dogsoftwitter #adoptdontshop #catlife,FALSE,11-07-2024,iPhone,fr,2033,302,140,0.063
5575a0ed-06bc-4207-8308-05f160c708c5,e3c74282-1987-4cc6-9811-0c98f4df977d,valenzuelaemily,Male,34,14605,709,31-03-2022,FALSE,Paris,Fashion,Political media I find outside lawyer appear little pick store community. Send describe in out model.,101,#fashionista #ootd #lookbook,FALSE,21-09-2024,Android,en,712,47,54,0.0557
7e66665e-e083-46fa-9127-26f48cd9a91c,8667bc0c-a7d9-47bd-9dbe-77a5d34520d8,meganblackwell,Female,57,61020,8079,27-01-2017,FALSE,Ankara,Health,Growth police half admit story from during manage although themselves matter let all. Approach could kitchen certain picture back dinner guy.,141,#fitlife #healthtips,TRUE,03-11-2024,Tablet,de,3043,218,189,0.0565
35aef247-457a-4020-bb54-a2b26fa0b197,1ea7e561-d285-4411-8cf6-da1f30b3205f,zunderwood,Other,32,16299,7822,28-08-2023,FALSE,Bursa,Finance,Able cover door south hear inside inside adult any fine all though quality writer truth force according very coach company will approach note. Writer sea candidate hit.,168,#stockmarket #investing #money #crypto,TRUE,08-02-2025,iPhone,es,760,86,20,0.0531
bfb8a0a4-e9f1-4a74-be3d-90df16fa6392,cce25ea3-766b-4859-9f20-848de4049579,ywhite,Other,60,67018,3845,26-04-2021,FALSE,Istanbul,Photography,Discuss here fall tough well couple account little reality building soldier far let school animal. Page PM gun never.,117,#photooftheday #dslr #snapshot #travelphotography,FALSE,07-11-2024,iPhone,de,3182,191,69,0.0514
c17baee0-f3df-4b21-bd4a-304cdbae65b5,72530863-d159-46cf-8cfc-4a4b9a327eda,kellychristopher,Male,18,17947,587,21-03-2018,FALSE,Paris,Memes,Accept stop sport including kid speak point church individual. Half hard line it gun.,85,#relatable #funny,FALSE,30-06-2024,iPhone,en,944,78,66,0.0606
bf1b9ce9-29bc-40a5-8173-98eb1a767301,1094c125-d6c7-4cf8-ad35-db26ab5e7b9a,gutierrezmegan,Female,34,22169,4790,26-02-2019,FALSE,New York,Technology,Dream war change control up money serious. Yes approach increase score against far cold.,88,#tech #innovation #gadgets #future,TRUE,03-06-2024,Web,tr,1111,78,101,0.0582
0153a77b-a2e1-4966-a34a-1d7470748dfc,d5db3815-9e00-43b2-908e-715f0383900f,dmoore,Female,51,40481,1485,08-05-2024,FALSE,Madrid,Health,Third key explain professor oil happen be front. Campaign many radio upon.,74,#fitlife,TRUE,11-02-2025,Tablet,es,2004,300,192,0.0617
dfe95aaa-3e4c-4094-9d74-7cd90f46ee37,835529f5-68b2-4183-bbc4-0955e3dee2cf,zachary63,Male,58,60470,2466,28-11-2016,FALSE,Izmir,Politics,Really question girl hour business money want mission reflect such model southern break staff network economic local black tend. Behavior election rich break.,158,#election2024,TRUE,11-07-2024,Android,es,3132,196,304,0.0601
8a53c66b-0d83-4f07-a103-8bc580521dfc,4a51c971-eb58-44bc-9e47-103587a0b288,rachelmeyer,Female,17,53828,8665,05-10-2024,FALSE,New York,Gaming,Find hair figure indicate describe trip very kitchen type like success research. Of two radio I.,96,#gaming #esports #twitch #gamerlife,TRUE,22-07-2024,iPhone,en,2679,188,213,0.0572
2048efac-a23c-48d8-bf37-8d4c92582bb5,06ede0ab-fab2-4326-a0b0-e3b875e839d5,jacksonbrandon,Male,44,90942,6766,09-04-2019,FALSE,Berlin,Music,Toward fish apply goal science above effect throughout power some value idea. Left hit deal theory.,99,#nowplaying #musiclover,FALSE,03-05-2024,Tablet,es,4497,598,396,0.0604
1bc239ed-2d06-4933-85df-e372a1fa9278,2e418d66-0532-49a3-a273-368ecf36f9ea,carolynrobinson,Male,26,82232,221,14-10-2018,FALSE,Berlin,Fashion,Public later mother tax professor mission stock because class visit who like herself western. Employee air now program system upon.,131,#style #fashionista #ootd #lookbook,FALSE,08-03-2025,Tablet,es,4050,296,317,0.0567
0b22390f-2d56-4e3c-afe4-ca818a06a2ac,1e0c02ce-c765-4943-b7c3-19901f4315a4,jonesjeanette,Male,16,20490,3974,08-07-2020,FALSE,Antalya,Art,Fact candidate human arm thus join star chance fact but thank day several. Field produce would attorney.,104,#creativity #digitalart #artistsoninstagram #artlife,FALSE,06-05-2024,Android,tr,1021,70,19,0.0542
1c021ab7-a34d-4ea2-a86d-648071fbecdf,fdf06007-28d1-4e6f-bb9c-76cc8fae3da2,jford,Female,18,46177,5826,30-11-2015,FALSE,Paris,Finance,These list there probably wall certain travel month camera weight artist. Thus think call available bad turn.,109,#money #investing,FALSE,29-06-2024,Web,es,2324,151,170,0.0573
b26b90a9-1780-4e6e-ace5-9f9fa499d0a1,88aaf6e7-efd0-4461-bbc7-a9ab9e35197c,mhickman,Other,59,12757,9084,11-12-2024,FALSE,Ankara,Memes,Area million we our girl physical full chance everything ready hospital chair suddenly manager interesting foot seven do water sell establish society. Involve single population.,177,#relatable,TRUE,09-07-2024,iPhone,tr,602,53,41,0.0546
159123f9-b01a-47f8-8c56-62dd2a74bef4,dbc4ad2d-69a3-4814-b8b8-faceaea385a8,devonrogers,Other,30,30522,9678,25-05-2024,FALSE,Berlin,Technology,Benefit think live yourself president use politics. Political sea smile plan series.,84,#future,TRUE,24-03-2024,Tablet,en,1493,187,89,0.058
a6cf91ac-33d6-4222-9cbc-cd248b60930d,f9dba011-c9f0-4310-a8f0-5c76d6151ea0,abrown,Female,39,13933,7582,04-11-2021,FALSE,Paris,Fitness,Myself summer animal low into structure see laugh heart born song money worker ever receive follow teach everything exist. Study drive environment development worry.,165,#fitlife #gymtime,FALSE,05-02-2025,Web,de,728,96,64,0.0637
1e93495c-ef84-4a40-b8d3-e4b649319e2e,d3cc0e18-d221-4dc1-b21e-dc4bec41a7ee,davidmoreno,Other,16,77983,5447,04-11-2016,FALSE,London,Gaming,Light it owner alone professor maybe growth structure guy drop program success low television any work somebody Democrat affect treatment break force huge occur language popular scene. College again right price great out.,221,#gamerlife,TRUE,23-09-2024,Android,en,3903,565,303,0.0612
5305a590-ee90-4840-8dc4-d4a0fa7f43fe,7d9cea74-3ba2-422e-8f59-8b70521aacfd,andrew43,Male,56,67453,3052,03-09-2020,FALSE,London,Books,Check attack environment role hospital measure however day these paper through explain international player bed get especially speech return two player us high science mention. Ago with you seat approach maybe cut several.,222,#literature #bookworm,TRUE,17-05-2024,Web,es,3444,466,58,0.0588
ef75daf8-c876-4d37-a58a-69a5d804bbc5,6983b257-f0d9-4a0e-bb3b-bbbd087e1f90,steven31,Other,21,33633,8779,15-06-2022,FALSE,Berlin,Politics,Least old owner there chance step civil drop ball forget magazine case able. Mind general series investment interesting.,120,#worldnews #election2024 #politics,FALSE,12-12-2024,Android,es,1604,229,125,0.0582
1b770cb3-98bd-4038-834f-c37424b4c60c,2ab36d98-2cfa-4144-9b4a-fbff750e3363,shelby69,Other,43,65260,1109,09-10-2015,FALSE,Izmir,Books,Record when end country social market remain country cut practice discussion majority effort traditional big time. Activity education alone order.,146,#bookworm #readmore #reading #literature,FALSE,03-03-2025,Web,de,3270,408,45,0.057
5d9274a4-b5af-4b4e-bf91-4ce2b37eba34,c939dbca-e8a7-46a0-a44c-991a118dc3f1,linda33,Female,59,70734,2830,06-08-2015,FALSE,Madrid,Gaming,End hard meet assume remember explain garden within production you. Production suggest form weight.,99,#twitch #gamerlife #esports #gaming,TRUE,06-03-2025,Android,es,3530,249,37,0.0539
dfa9592f-49af-432b-98df-d2b6eb20253b,8d8fffad-8eec-4253-aff4-80a64f8461ac,padillajames,Male,46,3960,3715,06-08-2016,TRUE,New York,Music,Tell offer grow summer range man. Song relationship difference far situation major least give.,94,#vibes #nowplaying,TRUE,16-05-2024,Android,tr,215,19,9,0.0614
a9a96bd4-5d26-43f3-beb5-d05c786706b6,b2a1aa88-7541-408c-9ec1-088961f9fc10,millspatrick,Other,23,31378,7889,03-12-2023,FALSE,London,Pets,Minute phone institution race toward camera chance. Fly bill thousand available pretty.,87,#dogsoftwitter #petlover #catlife #adoptdontshop,TRUE,08-04-2024,Tablet,en,1565,127,150,0.0587
4775d3ac-64ca-48c8-a02f-caf0c62325fa,7ae9633b-b828-450d-b716-7b2e0774edff,ashleysolis,Female,60,59450,2785,02-09-2018,FALSE,Ankara,Books,Ahead foreign health share and than if officer west strategy speech represent theory. Deep state call direction.,112,#readmore,FALSE,25-05-2024,Android,en,2996,393,145,0.0594
2bb02dcf-4038-4801-8723-d4a695938a56,1b85caa4-04bb-42b1-bc06-b7b8399feed6,cheryl61,Male,52,38065,1046,12-12-2016,FALSE,Bursa,Fitness,Newspaper size model focus region source arrive should shake offer debate store. Eat activity money government.,111,#healthylifestyle,TRUE,23-02-2025,iPhone,en,1816,257,154,0.0585
fb4b37a0-2653-4cde-b442-5f4dd806468f,e43eb4ce-14c7-4163-a321-c8c2685659b9,ycharles,Other,51,15930,9802,22-04-2016,FALSE,Berlin,Travel,When day peace buy wear born staff scientist control. Power middle pay special decide attack.,93,#wanderlust,FALSE,30-04-2024,iPhone,en,824,119,65,0.0633
5b8a74f7-d239-4650-9650-2a1ce3352397,8e8cf8f2-e2d4-48e2-8cee-59cfed110b0b,troy74,Male,45,30202,5721,06-05-2024,FALSE,Bursa,Politics,Discussion understand successful feeling research name skill sound music culture point world join. Myself believe society knowledge provide.,140,#politics,FALSE,29-10-2024,Tablet,es,1473,159,124,0.0581
25525adf-7a2d-4d2d-b107-6d016824a8e5,14d5d7aa-b7d2-4cdb-9bbc-4ac067236aa7,marksteele,Female,58,60336,203,13-02-2020,FALSE,Madrid,Travel,How fill hand final keep major worker. Fly discussion green.,60,#vacationvibes #wanderlust,TRUE,27-11-2024,Tablet,fr,2956,287,197,0.057
747422bf-30be-45a2-8f1e-fa536f676793,0695a589-170a-4d12-a3cd-c77f80e73fbc,jeremy79,Other,31,30460,1933,16-09-2023,FALSE,Izmir,Art,Million take true necessary big buy memory property specific north second military focus south carry treat exactly loss wish shake which. Main government let yeah international far fly.,185,#artlife #artistsoninstagram,FALSE,13-02-2025,Web,fr,1554,130,45,0.0568
796ca336-b00b-49d9-bbbd-6838509fd572,97b748b7-976c-45d5-b58a-8dacc95dd441,teresastokes,Other,57,29663,6075,13-05-2017,FALSE,New York,Fashion,Describe almost sign high indicate through article three recently defense town bed of. Responsibility recent your writer.,121,#lookbook #ootd #fashionista #style,TRUE,04-11-2024,Web,fr,1447,187,55,0.0569
5f954cea-fdd4-43e9-8fda-e5b6b6e5eef9,dae49524-0fa4-4d82-80ca-7927021b9043,hthomas,Other,45,5465,8638,23-08-2015,FALSE,Izmir,Music,Front detail organization majority risk subject eight arm maintain performance win across way magazine piece deep. Best Mrs case anything address world.,152,#playlist,TRUE,11-08-2024,Web,es,296,27,23,0.0633
7fb522c7-8000-458f-b6a1-d07e697466c3,a0bf57ea-788d-4139-aee4-ceb556023e02,beckystanley,Male,39,89800,422,28-12-2019,FALSE,Paris,Art,Can live southern hospital stock large realize camera it establish long challenge these TV art. War strong offer paper friend through.,134,#digitalart #artistsoninstagram #artlife #creativity,FALSE,16-08-2024,Tablet,fr,4436,401,334,0.0576
9096ed32-add3-4427-abb6-410a5cc2d1f3,662f59e9-475d-420c-8c06-1af22968e31e,seanmyers,Male,49,13724,3952,24-09-2023,FALSE,Istanbul,Fitness,Person build agency late city today rock perform live spend wide age doctor receive reduce action without better. Send smile sure much song various enjoy focus.,160,#workout #fitlife,FALSE,24-07-2024,Web,es,598,42,44,0.0498
a2b432ce-e1ae-4575-8a4d-a46592a427ba,52292f31-04db-47ef-bb09-0f3d37087d93,nicole15,Other,52,99219,6943,22-05-2016,FALSE,London,Memes,Your season rest sister station language family control wide employee unit player tough wind TV type program information something exactly nor company bring. Position sometimes over others drug under.,200,#lol #relatable #memeoftheday,FALSE,29-03-2024,Web,es,4954,636,225,0.0586
d3ef32e4-79f7-403c-b8a9-6405d934eb8a,4535fc22-a7cc-4174-826c-c7291217391c,boydmichael,Male,49,86726,7156,24-09-2017,FALSE,Ankara,Travel,Difference election physical field almost scene much hold long number successful situation even. Grow mind accept any American family.,134,#travelgram #wanderlust #explore,TRUE,28-03-2024,Web,tr,4343,418,286,0.0582
12aa1ddb-7917-41dd-9abb-484587fee745,d9b44a8b-113c-4762-91f8-7e261654733d,davisalexa,Other,42,98801,7370,05-05-2015,FALSE,New York,Finance,Require effort grow perhaps his social fast whose special go guess affect year necessary painting teacher how care. Instead bar court always like former.,153,#stockmarket,TRUE,19-04-2024,Web,tr,4837,272,136,0.0531
41312179-6c86-4c28-9b32-516fbf2ad2fa,aee61560-a690-454a-a11d-4d1f1f47da6c,knightjohn,Male,22,77792,5665,02-04-2022,FALSE,Madrid,Technology,Write born property blood sport good race health news brother. Form against drive full again test upon.,103,#gadgets #future #innovation #tech,FALSE,16-04-2024,Web,es,3955,570,86,0.0593
f37ef717-39a0-4c4a-9f3a-b7bd6f240e6e,4c2f0809-2fe7-4cc3-9f42-50b7995779cd,jennifersimpson,Male,19,95777,4055,18-07-2018,FALSE,Paris,Pets,Either place raise loss sound task wife product there stand strategy big always while director statement red business learn line class film heart. Member turn everyone order executive seven.,190,#catlife #adoptdontshop,TRUE,24-11-2024,Tablet,tr,4724,505,94,0.0556
fdb797bc-8f78-458f-b582-c199635deb63,2e4cd1a3-0572-49a1-97ef-682968a253e2,uwilson,Other,47,61508,1893,26-07-2021,FALSE,Berlin,Fashion,Parent service edge final walk my continue thus attack because sometimes drug know camera walk raise everything. Value other report sit leader response without.,160,#lookbook #fashionista #style #ootd,FALSE,24-04-2024,iPhone,tr,3040,438,293,0.0613
c58e2556-5367-4edc-8f96-068c813fef36,50fead4a-de9b-4e0d-ba78-2c7a89714587,housestephen,Female,57,47759,8619,25-07-2021,FALSE,Izmir,Books,Trip federal morning TV yeah after above produce his surface tell. Today doctor wife oil popular.,97,#readmore #bookworm #literature #reading,TRUE,10-07-2024,iPhone,fr,2399,202,228,0.0592
4e0d7747-941a-4e75-a91b-80789bd9b849,88db0ab5-1c7a-45a2-8dba-2e2a737a8938,rsellers,Male,37,76910,4994,17-05-2017,FALSE,Izmir,Travel,Scientist song management adult whatever sell long program purpose local sort table like day most focus ever challenge born between Mrs but camera Mrs land kid. It reason hundred arm particular open over.,204,#travelgram #vacationvibes,TRUE,02-03-2025,Android,es,3904,560,237,0.0611
b5bc8e58-d83c-4a6a-8590-af179040e3f9,f363e376-c84a-4a84-8509-3d5277afa3fb,paul54,Other,58,99396,2988,26-04-2023,FALSE,Izmir,Fashion,Clear stuff call officer possible decision large ten many up administration soldier inside tax five. Ago hear present safe.,123,#fashionista #lookbook,TRUE,10-06-2024,Web,en,5087,579,198,0.059
34dbf771-be6f-4cb2-90cc-dbd8d3c5ed28,cc13707a-4f04-405e-86e9-375b652bc11d,brianajohnston,Male,17,74337,1613,12-08-2021,FALSE,Paris,Finance,Present station indeed another field everyone knowledge whole true yes even green late suggest war area wide you seek recent growth. Eight example policy six reality.,166,#crypto,FALSE,24-02-2025,Android,de,3647,216,64,0.0528
88617dbf-f548-4656-a07b-c578a98b2636,643b139b-bab7-44e9-a782-967cd56a794c,shelly20,Other,24,45782,8542,12-08-2017,FALSE,London,Politics,Fly speech car hope picture make wear environment second especially from front protect list walk vote pull. Drug full even contain remember.,140,#election2024 #news #worldnews #politics,TRUE,27-07-2024,Web,tr,2333,332,165,0.0618
583a5cae-a993-479c-b748-fa8f9e56f5c3,a7b0c10f-254c-4b97-a031-2eec5067861b,yvelasquez,Male,37,13241,8850,16-02-2021,FALSE,Berlin,Fitness,Yourself together weight sister rate civil up. Candidate person receive central home force medical.,99,#gymtime #workout #healthylifestyle,FALSE,22-10-2024,Tablet,es,693,40,59,0.0598
9acf9724-d30f-45c8-86d1-78d8955f3186,e6e6463d-8127-459b-b0ea-794ceffe4237,vmullen,Other,34,21246,9797,10-06-2021,FALSE,New York,Books,Art response ok evening voice citizen thing work stage age important interest particular all player sing itself themselves enough common toward outside. Cultural growth argue loss store.,186,#bookworm,TRUE,25-01-2025,Android,fr,1022,81,45,0.054
7f300bf1-6c73-4324-868d-b10d31c1cb00,6ddc82bd-16c7-4801-9239-8b6c4097b1cb,wmatthews,Other,22,46984,4798,27-01-2021,FALSE,Antalya,Gaming,It difference many sit race eight everything blood year. Yet only hope war into four take.,90,#twitch #gamerlife #gaming,TRUE,11-12-2024,iPhone,fr,2300,135,158,0.0552
2418206f-55e3-40f2-9966-56dfdf6eb0ed,33a119c5-83aa-4c22-946c-b13a1c3bced2,cassie99,Other,25,82423,6795,19-12-2021,FALSE,Madrid,Education,Sort gas compare already hold available interview live artist person center apply prove again as democratic sure film say. Center water lose.,141,#edtech,FALSE,17-06-2024,Android,en,4150,240,404,0.0582
648614e8-3f12-416d-bce8-3444895dd432,292f607c-a7d1-4105-aa29-a3f706821955,wwhite,Other,17,11374,1626,11-03-2023,FALSE,Izmir,Art,Story it team compare sister perhaps. Need bed here officer.,60,#creativity #artlife,FALSE,03-08-2024,iPhone,de,565,68,14,0.0569
a2ac6096-4ff1-43c9-b8a8-5702c5db885d,069972f3-799b-4554-8ef6-1ec5aa1dc066,joshua47,Male,24,68862,7832,09-01-2021,TRUE,Istanbul,Health,Party brother reason occur feel too always attention blood choose left outside behind itself ground give with president agree. Step none town wonder yeah.,154,#wellness #healthtips #mentalhealth #fitlife,TRUE,09-11-2024,Tablet,de,3344,400,81,0.0555
5aef99e9-3787-4417-8bad-e113d42e3e83,afdd0385-d72a-4e71-ae9c-1c97a84ff981,donaldwilliams,Male,20,71031,7784,02-10-2021,TRUE,Paris,Memes,Worker quite position effect describe water face country put return ground technology second. Though morning feel drug rest.,124,#funny,FALSE,21-06-2024,Tablet,tr,3609,420,230,0.06
e8a824ce-eecb-4d57-b1f7-fd9039c73847,2eff9509-92ae-4091-9c07-55f99773276e,gsimmons,Female,18,60621,982,23-07-2023,FALSE,Antalya,Politics,Physical picture foot same act wonder conference large so raise bag law daughter avoid citizen another success good. Interesting pay certainly technology.,154,#worldnews #news #election2024,TRUE,29-11-2024,iPhone,tr,3052,355,194,0.0594
31357da6-efb8-4083-b95c-2a8824204d19,b8a14d1d-095c-41ec-80a9-9f9aff435963,david59,Other,21,30162,6434,04-02-2025,FALSE,Istanbul,Travel,Push reflect early letter house next leave religious operation drive. They money story team bad commercial money.,113,#vacationvibes #wanderlust #explore,FALSE,05-09-2024,Android,de,1561,96,63,0.057
04afbd79-0853-4025-a59d-594abc3b0e10,6f840818-5bd1-4d86-a835-6627a83fa02f,bgross,Other,46,14932,1361,30-05-2021,FALSE,New York,Gaming,Close maintain either small himself pattern appear adult here the six others term whatever herself consumer. Beyond first determine program anyone.,147,#gamerlife #esports #gaming #twitch,FALSE,27-03-2024,Web,es,716,69,28,0.0544
88d89fa4-ac76-4ce2-bb4e-f1050661225c,5cc4eebb-7275-4214-9886-6f0a74697788,jennifer83,Male,17,541,5413,18-02-2023,FALSE,New York,Fashion,After back time least bill attorney organization source economic read. Argue unit institution just type fact how.,113,#fashionista,TRUE,24-01-2025,Web,es,28,2,0,0.0555
7d8dccd6-08f9-466a-bd1a-cf20e3741995,97b748b7-976c-45d5-b58a-8dacc95dd441,teresastokes,Other,57,29663,6075,13-05-2017,FALSE,New York,Photography,Fish bad decide decade as bag think rest memory hard. Successful west before despite arm animal.,96,#snapshot,TRUE,15-12-2024,iPhone,de,1508,131,148,0.0602
377f38cd-2bc6-4d2b-89df-828506945d4e,eb627951-47ec-4289-b729-0ca5c771512c,jacobhernandez,Male,20,27705,2727,18-06-2020,FALSE,Antalya,Politics,Would realize every course toward late increase agree. Your according want relationship record young wish.,106,#news #worldnews #election2024,FALSE,10-06-2024,iPhone,es,1321,174,84,0.057
2eb9b1e6-686b-4042-9859-7d058c621a2e,64b5e1f7-ab6d-4a30-b703-7069b82e0b52,csullivan,Female,48,5350,600,08-09-2021,FALSE,Paris,Books,Defense street loss plant and success themselves best thing face commercial choose still woman pattern citizen ten we quality end work indeed. Modern free suffer order unit.,173,#bookworm #reading #readmore #literature,TRUE,09-04-2024,Android,fr,251,37,13,0.0563
24ed3a2b-c32b-43f9-8b3a-deb0a72a9f4b,709cca52-64fa-40a7-bd08-592526bf4f42,erikanelson,Female,31,91186,6703,22-02-2022,FALSE,Bursa,Health,Trip finish be wear economic my among everybody likely ask news. Yes allow field.,81,#wellness,FALSE,09-04-2024,Android,fr,4629,245,309,0.0568
7a882d78-dfbc-4fd7-8633-72173d38af63,57e5afdf-44e0-4cda-904a-8cda79ede7e6,hannahbell,Other,36,27276,7887,09-12-2015,FALSE,Berlin,Pets,Thus second two remain occur foreign whom thus. Image store character image sister sometimes reflect ever.,106,#dogsoftwitter #petlover #adoptdontshop,FALSE,14-03-2025,iPhone,es,1387,93,40,0.0557
80acf4b1-5c4e-4e9a-a474-957f17b7e80f,3ef0ae6a-6f34-4648-926c-a24f1669c90e,kristine48,Female,39,23561,8659,18-03-2018,FALSE,Madrid,Fitness,You parent individual suggest either maybe through heavy first glass study college finally ten serious hit theory. Increase body rock man table they school.,156,#healthylifestyle #fitlife,FALSE,20-05-2024,Android,en,1175,112,28,0.0558
4f33215e-ba4e-4eb5-abdf-b44085a4769c,a4c79143-2904-4bf3-864d-f1e5d72fc06f,julie87,Male,33,8778,560,05-04-2022,FALSE,Paris,Food,Since body break no still best area who again away material size form treat among color man nature sure for another establish. Before federal worker second person.,163,#foodie #homecooking #yum,FALSE,13-03-2025,Android,fr,436,56,4,0.0565
3c87b5d7-a9c3-47b4-9580-879cbf96a094,ae0577f4-409c-4373-be2a-5a1cec00bd0e,scotthunt,Male,49,13511,9672,20-07-2020,FALSE,Paris,Memes,She see management pick morning art get analysis foreign buy just memory indeed. Improve edge pay yes.,102,#funny,TRUE,05-04-2024,Web,fr,675,96,37,0.0598
d338a46d-ee11-4570-8d87-92f3533ccf06,f4a36f7c-be53-4320-8b4c-aa6c987d098d,hpowell,Other,45,15727,8463,07-12-2022,TRUE,Berlin,Fashion,Central artist rise professor bring change trade accept wish process bad president analysis movement top detail growth line. Other practice level in bit.,153,#fashionista #style #ootd,FALSE,07-04-2024,iPhone,es,773,81,38,0.0567
4f76c4bb-5554-4552-a734-3da7c5fddbca,2bcd2bf8-9341-42e2-8bd5-e10cc5da20fc,ashleyjackson,Female,60,54551,6640,10-09-2021,FALSE,New York,Fitness,Edge tend situation follow ahead management add reach that girl which report Mr accept tonight tree network condition exist happy. Join morning into low sometimes item maintain.,177,#healthylifestyle #fitlife #workout,FALSE,12-12-2024,Tablet,fr,2760,139,154,0.056
07a0b221-bbcb-4743-89c0-0da7c4c3def0,788f04c2-9032-470b-81dd-45348f5b43de,jeffrey10,Male,50,41459,3083,29-09-2015,FALSE,Madrid,Pets,Page city still network discussion only bring day week option character gun laugh computer. Performance movement cultural west less win.,136,#catlife,TRUE,18-01-2025,Android,fr,2004,240,92,0.0563
aa4d9a43-7537-4105-bd6e-b38ebfc8b4ce,ea790c99-d144-4486-96c3-8c68b1140138,jonathangarcia,Male,32,45221,1530,24-12-2024,FALSE,Paris,Fitness,Time question bill reach and or space space read physical significant. Same mouth team ahead computer similar garden if.,120,#healthylifestyle #gymtime,TRUE,09-05-2024,Tablet,fr,2203,279,28,0.0555
e73a1efc-9526-4b7e-9e1c-6fb54254be91,180c86e0-92ad-490e-b2c3-d8dab1cb2fb5,jenny20,Other,33,36826,4173,20-03-2019,FALSE,Berlin,Education,Mother increase sea teacher music chance make probably society sure themselves collection. Same huge drive.,107,#students,TRUE,13-04-2024,Android,en,1835,219,158,0.0601
81d000cc-28cd-4abd-9ba2-ccb46c97728c,2802b650-3082-414b-8b72-519ed23e2543,hrosario,Female,32,55831,945,25-03-2016,FALSE,Bursa,Education,Top until people those performance fish hot together send itself including work image. Must however them cover task approach.,125,#students,TRUE,17-01-2025,Web,tr,2815,169,107,0.0554
edda90b9-434b-467e-b021-b7388652bc9a,9bcccfd6-96a6-4a4a-88af-0a86ffde77fe,jennifermiles,Female,16,77336,2665,09-05-2022,FALSE,Berlin,Memes,During technology message could certain art challenge for every animal near war after pass. Partner next use.,109,#relatable #memeoftheday #funny #lol,FALSE,01-02-2025,Tablet,de,3840,321,307,0.0578
bbd97fe9-ed60-44e9-90cd-7a6e81490206,ef97596b-18ce-441a-85c3-e7fdd2c6925b,melissa38,Female,52,65693,3235,26-12-2019,FALSE,Bursa,Memes,State town television marriage best style trip player explain bring argue anything above. Follow fall expert whether while surface.,131,#relatable #funny #memeoftheday,FALSE,07-01-2025,iPhone,en,3280,197,120,0.0548
f4e9793b-8c49-4ed5-a074-afa0dc68d8ce,e5c251d4-fafd-4f92-aca0-ef73a2247d43,kmarsh,Male,17,95156,9911,28-09-2018,FALSE,New York,Fitness,Discuss agree accept issue different speech student research ability move recent weight market although every television raise like. Someone expect level particular anything store fire never.,191,#gymtime #fitlife #workout,FALSE,22-06-2024,Tablet,es,4784,273,260,0.0559
2cb68460-7e91-47c8-bc11-70abd714d845,98e5b803-d00a-43b4-a12c-8c4d6d438d1a,wallacejulie,Male,30,77937,414,07-10-2018,FALSE,Antalya,Photography,Enjoy address major morning age support international happy young above. Fly piece anyone.,90,#snapshot #dslr,TRUE,14-02-2025,Android,es,3929,447,135,0.0579
f828ec85-f7c7-4e31-a5ac-cfa7210351f0,78d2aced-a70a-4645-a5f1-57c1973d9641,audrey07,Other,37,55114,73,31-08-2022,FALSE,Izmir,Travel,Time nation week trouble foreign lot. Meet a executive machine agency civil clearly.,84,#wanderlust,TRUE,24-07-2024,iPhone,es,2784,146,192,0.0566
807e608f-6a2b-454e-9b45-2725a0168e5c,3e4de4ad-9236-41d7-b17c-f9c864b018d8,christopherjackson,Female,22,5844,7307,23-11-2024,FALSE,Izmir,Travel,Know general difference actually really while guess. Success together bring forget education ball.,98,#wanderlust,TRUE,25-01-2025,iPhone,de,274,16,21,0.0532
955d245e-1603-455b-a169-5899264717c4,e58641ba-a58c-4861-aa3b-7d339bc576bf,michellecobb,Other,33,52640,3440,25-05-2015,FALSE,Izmir,Education,Need listen set simple add guess decade tend second build most environment message grow begin face camera. Manage place among.,126,#learning #edtech #students,FALSE,04-07-2024,Android,tr,2589,276,48,0.0553
60f74cc3-9cbb-48b7-8018-839f677d881d,228d2ce7-6c03-4807-bd94-fba923d63782,amy87,Other,43,92184,1755,29-09-2017,FALSE,Izmir,Food,Attack into page study democratic sign list record certainly similar. Occur true enter difficult let partner among.,115,#yum,TRUE,18-03-2025,Web,de,4564,345,375,0.0573
327fc794-c9f2-4d7a-b01f-65cfe59dff6d,4d6c4497-3608-49f9-af6f-5215619034f5,kristy44,Male,53,84158,8675,02-11-2023,FALSE,Antalya,Fashion,Purpose condition data any without happen cup specific keep chance stop summer. Local particular father beautiful population.,125,#lookbook,FALSE,13-10-2024,Tablet,es,4245,230,111,0.0545
7c1cd9a6-03d3-4c53-83a9-a45451eac9d5,41e9b1b1-6308-419a-b0e2-c1e5d4274e5c,sadams,Other,53,1159,2419,17-03-2023,FALSE,New York,Books,Nothing throw hope expert couple father whose glass really. Price too why realize.,82,#reading #readmore #literature,FALSE,06-11-2024,iPhone,tr,53,3,2,0.05
2afe5037-3e6b-40c4-b21c-feff636242e4,6422f110-fcbb-437c-aa93-2d93294035d3,ramosmichelle,Other,54,32371,701,30-07-2024,FALSE,Paris,Finance,Health inside set happy senior on yeah trouble high discussion president without move pay often theory. Dream purpose another cup example.,138,#crypto,FALSE,28-01-2025,Tablet,de,1636,216,113,0.0607
6db83fc0-08b1-4041-beda-24afa292f122,ba727c8b-597c-45e5-8362-10d56ea1157b,jamesacosta,Female,56,10922,8861,28-09-2017,FALSE,Izmir,Technology,Drive develop million place dream product. About certain agree risk probably many.,82,#innovation #gadgets #future #tech,TRUE,28-06-2024,iPhone,fr,577,36,44,0.0602
800cf1dd-70a9-4958-a5fb-42ba5f54db77,565dbf48-b08e-4439-8f3b-d5e0aaa6f774,williamrodriguez,Male,58,16583,7837,17-04-2020,FALSE,Izmir,Memes,Agency financial simple national. Up investment field always matter check.,74,#memeoftheday #funny #relatable #lol,FALSE,05-04-2024,iPhone,fr,855,72,53,0.0591
5ed7610e-4673-4677-b185-9791bc4f7295,33887531-06d2-4850-a1f7-1cec657acc87,penningtonrebecca,Other,22,60729,7853,19-09-2023,FALSE,Madrid,Music,Less live media industry interview including ahead day yet cover around never moment. Cut third amount leave.,109,#musiclover,FALSE,25-04-2024,Tablet,fr,2996,435,223,0.0602
b7795cc5-6f71-4aae-a06f-5f36da8c24f9,6fb8501b-821f-4e43-aefd-cea288998980,margaretsmith,Other,54,18795,271,21-05-2015,FALSE,Istanbul,Food,Something oil college less anyone reach gun model two catch about medical personal. Style identify month world community power.,127,#instafood #foodie #homecooking,TRUE,15-04-2024,Tablet,fr,955,90,26,0.057
7ac7d3c0-e292-4aff-80e8-3694f695c5c7,4ec3edc6-8bb6-441b-8211-ff0837a01247,igarrett,Female,24,27612,9678,14-12-2020,FALSE,Antalya,Gaming,Name off action her this human society race model themselves city onto find tend hard name entire follow up. National avoid last care piece beyond.,147,#gaming #twitch #gamerlife,TRUE,12-11-2024,Web,es,1327,173,67,0.0568
3c10747c-72b8-4105-a0fa-78d0a5c393d9,e7884f94-3589-4459-a26e-f53708fefc18,kimberlyrodriguez,Female,25,7222,3591,11-05-2018,FALSE,Madrid,Memes,Skill year kitchen describe among artist deep next above national sure those election traditional worry necessary and. Today move court indicate somebody.,154,#lol,TRUE,15-10-2024,Tablet,en,359,26,19,0.0559
cbdb5f44-849d-45ce-b925-0c05cde61efd,89aa99ab-6731-44d7-8916-77ab411f323f,kevinroberts,Male,26,52035,2624,25-03-2020,FALSE,New York,Health,Truth leader save career art beyond audience yet. Institution institution road.,79,#mentalhealth #healthtips,TRUE,13-07-2024,iPhone,tr,2608,265,28,0.0558
4ba8455f-cc15-4400-8386-458d5ad7046e,ad488eb5-cdbb-4633-be44-1ff398ec2c03,nguyenholly,Female,16,31372,8618,11-09-2019,FALSE,London,Photography,Floor policy this live raise development agency material new success. Knowledge common wish simply relationship.,112,#travelphotography,TRUE,09-02-2025,Web,de,1560,177,118,0.0591
1846cb42-5d80-4147-99a4-a078ca8f1350,48d46ed2-2530-4b83-9a4e-4becadf4b9d1,diazjoe,Male,59,80802,9333,24-05-2019,FALSE,Izmir,Politics,Keep camera same themselves month age year bag skill floor music PM dog safe customer back. Win budget long full.,113,#election2024 #news #politics,TRUE,12-05-2024,Android,fr,4086,265,391,0.0587
bcffdaa6-25f8-47a7-8a91-3ea549ad6b69,ab7f9f47-bacb-4feb-abad-85687cd95f31,johnwilliams,Other,55,12956,6727,19-06-2024,FALSE,Bursa,Fitness,Lose own whole edge cultural book wish city difficult southern goal tell local. Care month station TV key ever.,111,#workout,TRUE,10-03-2025,Android,tr,631,81,24,0.0568
4e6a7a4b-43b5-47e3-a8fc-b0cc0b42835c,af64fbf0-1bd0-484f-8e51-958ab1e6924f,maryzavala,Other,36,80112,5663,07-06-2022,FALSE,Madrid,Art,Education add boy kind family wife catch outside recently memory first. Garden by total professional feel enjoy.,112,#creativity #artlife #artistsoninstagram #digitalart,FALSE,24-10-2024,iPhone,fr,3966,253,65,0.0535
1a3ac36e-c060-494c-9d15-a568f0f0099f,e5c251d4-fafd-4f92-aca0-ef73a2247d43,kmarsh,Male,17,95156,9911,28-09-2018,FALSE,New York,Books,I company condition parent yes class work information pattern analysis program between writer employee direction clear response until. Imagine Mr despite door career data movie.,177,#literature,FALSE,05-01-2025,Android,tr,4811,604,301,0.0601
bfdaad1c-87d8-4bb8-9733-dcc75d6491d4,b25cef2e-7893-458d-912c-28b92a300c57,fjones,Other,58,33129,9924,20-10-2016,FALSE,Berlin,Books,Modern case group thing institution may instead none throw work art growth health environmental never nice fine make unit relationship strategy often improve loss. Hand positive all role chance into technology talk.,215,#reading #bookworm,FALSE,22-11-2024,Tablet,en,1684,168,127,0.0597
05b33650-4732-4843-aaad-b69bf1cbc9f0,edff6dff-d0b4-425a-babc-acd6b25844a2,rogernelson,Other,51,75734,5466,29-11-2018,FALSE,Berlin,Memes,One its expect situation note. According others involve green.,62,#funny,TRUE,03-12-2024,iPhone,tr,3853,487,177,0.0596
a924e424-f1a8-4daf-94fe-0f0e304193f0,9d28c8a3-d17e-42d4-8dba-a9ccc2f247b5,stephen24,Female,48,62749,1884,15-05-2020,FALSE,Istanbul,Art,Their final wall very eat area listen million environmental hundred pressure than road television practice choose state treat fire start. Future push number value.,163,#creativity #artlife #artistsoninstagram,FALSE,13-09-2024,Web,de,3211,271,135,0.0576
84171f27-dcaa-4390-9b47-f949c52aa8d5,69cd8303-d69a-439e-8bb0-b5778cdaefcc,batescharles,Male,26,70285,8826,27-11-2017,FALSE,Bursa,Technology,Argue similar cup board yeah health similar hundred. Animal language physical quickly.,86,#tech #gadgets #future #innovation,FALSE,23-08-2024,Web,es,3550,529,325,0.0627
36508d6f-a933-4bb1-ba7a-71023274ee3d,4165b7b3-ef5b-4dc3-9398-c0bbf8899b7c,xgregory,Female,30,1096,8365,24-06-2017,FALSE,Antalya,Music,Ten sport behavior protect education police. Almost against especially challenge learn inside.,94,#vibes #nowplaying #playlist,FALSE,20-01-2025,iPhone,fr,43,3,1,0.0429
d0b7d7a5-ba3b-499d-91ba-7c9cd5fcce5f,374f539c-e7a0-4c0a-8c80-de891590faf1,whenderson,Male,35,86703,6441,16-06-2018,FALSE,Berlin,Books,Early story position several including cell issue rate green suggest win expect thousand public enjoy bank in church. Red theory court stuff tough near.,152,#literature #bookworm #readmore #reading,TRUE,25-12-2024,Tablet,en,4296,537,386,0.0602
d1373044-d809-4cd4-9df2-7b709e65da8f,473498a8-7782-4f98-a4ce-b336762e86e1,crystalmurphy,Male,47,96466,1721,04-12-2017,FALSE,Izmir,Art,Gas outside too management first use cost employee attorney. Think clear smile morning six true.,96,#artistsoninstagram #artlife #creativity #digitalart,FALSE,10-01-2025,Tablet,de,4782,470,204,0.0566
5cfc2e5c-d801-4006-b1a0-4e9739e1cbac,56f621ea-5b2b-4c23-8c1f-db91cc881f22,cyoung,Female,52,80633,1031,23-01-2018,FALSE,Berlin,Travel,Anyone television human walk rock after probably phone you owner manager relate far simple dinner simply. Or finally quickly moment.,132,#explore #wanderlust #vacationvibes,TRUE,11-03-2025,Tablet,fr,4078,298,406,0.0593
23ab48dd-d148-457f-acc0-7618d1383a88,1e34e047-7f66-49fb-9b7b-a43b591e43e8,raymondpugh,Other,50,35965,6878,28-11-2023,TRUE,Antalya,Food,Really rule there approach young together wall can player share rest trial. Change test school member product fast none.,120,#instafood #homecooking,FALSE,23-03-2024,Tablet,de,1864,103,91,0.0572
32fc16c0-d322-4cad-be27-ab4cea741ee1,bb88c9b9-d59f-4c6a-9f17-7a8bd37f7c7a,elizabethriley,Other,53,43913,1269,07-12-2021,FALSE,Antalya,Fitness,Late today probably avoid allow occur next factor community meet often easy here employee building me interest media whether. Wide anyone turn short exist option ability.,170,#healthylifestyle #gymtime,TRUE,24-11-2024,Tablet,fr,2219,307,46,0.0586
873165f2-8d65-4ac5-9de6-0125582a90e1,9539fd1f-973b-4b0a-b129-aaefc75f9472,lewisrichard,Other,30,82088,6887,21-12-2020,FALSE,Izmir,Finance,Light of become short stop sea direction question go her. Practice yes development daughter.,92,#money #crypto #investing,TRUE,01-07-2024,Tablet,es,4197,276,141,0.0562
d856db05-cc47-402a-b35a-cea61fdabdf6,d9b44a8b-113c-4762-91f8-7e261654733d,davisalexa,Other,42,98801,7370,05-05-2015,FALSE,New York,Health,Argue than reality method after table describe vote. Opportunity particular factor follow last.,95,#mentalhealth #fitlife #wellness #healthtips,TRUE,05-01-2025,iPhone,en,4818,278,417,0.0558
3ed78769-504e-41ed-9b24-06a0cc0cd3ba,ce9b6083-3f3f-43c4-a6bd-1b82ba92437e,iedwards,Female,25,76739,1884,19-04-2018,FALSE,Madrid,Memes,Tax people score decide real strategy choose clear PM some consumer final. Behind process bad eight.,100,#lol #relatable #memeoftheday,FALSE,12-01-2025,Android,es,3894,371,344,0.0601
7ae519db-3968-4246-aa7e-62517cf4493d,7e7c76c6-3152-4e92-bfa3-2d5b8500d4db,hstokes,Female,28,18696,6994,10-12-2016,FALSE,New York,Fitness,Window measure design less will appear around talk know. He population after I candidate protect control identify.,114,#healthylifestyle #gymtime #workout #fitlife,TRUE,16-03-2025,Tablet,en,972,73,62,0.0592
a3592b8e-d57a-4b45-a350-5e58f8849355,75301d30-74a6-4a5d-84f5-50b821c94041,shane28,Male,41,56994,657,06-05-2020,FALSE,Izmir,Finance,Research them theory dark into laugh about shoulder paper apply school always message. Kid under material professional clear.,125,#money #stockmarket #crypto #investing,TRUE,28-11-2024,Android,en,2745,405,270,0.06
291176cd-0917-424d-a88d-c5e7030fb448,5506e139-558a-48c7-86de-93b5aee684a1,dawsonzachary,Other,55,22539,9964,03-05-2017,FALSE,London,Fashion,Per perform structure crime not board mind gun environment term southern nation different. Trial laugh responsibility notice month hundred chair.,145,#ootd #lookbook,TRUE,09-11-2024,Web,es,1136,70,65,0.0564
d611c79d-aa9f-4dd6-89b5-da1e8958d453,fc7f86e6-3215-41ca-a465-dda4dd6643d4,tonya55,Female,27,93223,4437,12-12-2024,FALSE,Bursa,Fashion,Beyond sort goal firm rich finish loss exist system myself scientist management. Guess former difference which.,111,#ootd #style,TRUE,16-04-2024,Android,es,4554,581,139,0.0566
c8b48f44-3243-4181-86a7-e7f36d67ee0a,bd4a60e6-486b-4036-988f-a9b3def6847d,wcasey,Other,21,1771,1859,18-05-2023,FALSE,Madrid,Gaming,Off similar author professor political stage forget him as story see teacher. Guess anything both after after analysis.,119,#gamerlife,TRUE,29-09-2024,Web,en,93,8,2,0.0582
87cbb279-d2e8-4628-af70-b5c99bd5db2e,8ab591bc-7162-4432-99bc-e26fd0f21e7d,laurenwest,Male,38,93132,9112,12-08-2020,FALSE,Paris,Gaming,Interest production side ground staff miss trip than less shoulder go PM walk dinner today apply power instead believe record. Too thought strong him our color.,160,#esports,FALSE,22-10-2024,Android,tr,4749,570,289,0.0602
b10dee03-ebe3-4ffe-ac3d-6873b3afcd65,e7bddc05-6eeb-4e5f-a034-0cfab98db2ce,martinsamuel,Female,59,81893,6499,24-02-2017,FALSE,Ankara,Music,Plant trade raise remember understand marriage push soldier simple condition treat put little create baby think clear employee soldier much care. Know land cover.,162,#vibes #playlist,TRUE,26-04-2024,Tablet,tr,4098,220,258,0.0559
baa1b238-abd5-4754-9978-056aaf95f052,3f274d56-1951-4b56-8202-0dd7212176b6,emiles,Other,31,95106,9420,12-05-2024,FALSE,Paris,Fitness,Technology feel pressure environment situation boy relationship heart establish why offer win several his plan protect need. Whole way respond.,143,#healthylifestyle,FALSE,13-05-2024,Tablet,fr,4718,320,164,0.0547
b7c50341-3dfb-48a4-bf1d-3cec598a5e71,57e5afdf-44e0-4cda-904a-8cda79ede7e6,hannahbell,Other,36,27276,7887,09-12-2015,FALSE,Berlin,Health,Land professor such late type program increase former positive arrive purpose time choose. Position budget air course.,118,#mentalhealth,TRUE,28-11-2024,Web,fr,1395,145,120,0.0609
538f8807-878d-40ab-921b-b80a2cf19587,fb4aa537-fc0f-411e-9367-5328bba78d9c,lonniehobbs,Other,36,77787,6915,20-09-2015,FALSE,Berlin,Finance,Its candidate affect great black everyone score increase week baby impact I learn heavy act begin four respond doctor. Shoulder a continue.,139,#stockmarket,FALSE,29-11-2024,Web,es,3980,457,290,0.0608
c3a38ed1-0a5f-480d-a425-ba5da054492e,22bf1a79-ff59-4aa2-a96c-1b198c532859,johnsonanthony,Male,33,62003,5576,27-10-2017,FALSE,Madrid,Gaming,Garden her fight have such suffer study house second think rise onto live wind base around able mind. Again sell risk drop approach situation through international.,164,#gaming,TRUE,17-12-2024,Web,es,3117,325,54,0.0564
e974cfc3-5dea-4c0f-a2aa-dba9d4415a00,ac381bea-dcc5-4efe-a64e-c6adda575005,bbell,Other,46,70290,9433,26-07-2020,FALSE,Madrid,Music,Bring reflect PM tell study study week free sure today detail structure. Focus simply them.,91,#playlist #musiclover,TRUE,23-05-2024,iPhone,fr,3530,489,107,0.0587
371771eb-c42a-4a8c-8746-25a9f202b72c,f42d4c0e-6be0-47c5-9e5e-b2fe4b501b1a,michaelortiz,Female,30,33460,1423,11-12-2017,FALSE,New York,Photography,Others week remember audience through individual official artist offer power born test. Born success it business page detail suggest.,133,#snapshot #photooftheday #travelphotography,FALSE,14-09-2024,Android,de,1640,84,40,0.0527
ac90db78-2150-43c6-8d13-ab8592b7669c,16c3cdac-fff0-4ee9-96f4-439935d7ce82,christopher60,Male,25,900,9328,19-09-2019,FALSE,Ankara,Pets,Forward around brother least style policy. Kitchen issue dark organization without include allow.,97,#catlife,TRUE,16-03-2025,Android,en,35,4,0,0.0433
d510faae-1bfd-4f34-911b-54a69cf6577e,7df2744a-b5e1-4d89-99f1-b656b8daf27f,ymontgomery,Other,57,35103,8210,04-07-2015,TRUE,Madrid,Fitness,Hold any leave pattern still television change television memory adult prove majority military Republican laugh none meet measure eight describe give idea most hot rather you. Worry turn cost receive activity single along.,222,#workout #healthylifestyle #fitlife,TRUE,21-12-2024,Android,de,1754,215,78,0.0583
ecf472b2-eba3-4892-bf3b-c8c20ddbfa55,55db96de-ab57-49e2-bbea-b35250c2d6e7,rreed,Male,16,56520,1665,04-06-2018,FALSE,New York,Memes,Ask foot maintain four write administration speech create seven wait his teach risk because structure high share. Whose everybody movie trade consumer family strategy.,167,#relatable #funny #memeoftheday,FALSE,17-07-2024,Tablet,en,2947,277,58,0.0581
d1d62609-c956-4c39-a3db-13961ce2c500,d267eb71-ad13-40f7-a5bb-85823440afcf,caitlynhall,Female,33,82940,3363,30-08-2015,FALSE,Istanbul,Pets,Politics strategy specific budget drive bag society argue everything policy professional site produce health now. Light much someone brother president.,151,#adoptdontshop #catlife #dogsoftwitter,TRUE,12-11-2024,Tablet,fr,4194,477,208,0.0588
17ffd5ff-dd0b-4655-8a64-db6aba9eff25,46a4d631-7152-4479-a42d-39c4b53eb73e,tara89,Female,56,85798,9951,04-09-2017,FALSE,Madrid,Art,Half mention avoid drop southern sound ago total. Answer it figure out art girl south assume.,93,#artistsoninstagram #artlife #creativity #digitalart,TRUE,27-04-2024,Android,fr,4315,542,198,0.0589
d06a2eb5-a913-4cff-83b6-cd6dc770c3b4,f806dac7-1b4a-4dc2-9969-b1ef77bf1498,jamiegarcia,Female,41,58529,7636,15-10-2015,FALSE,London,Travel,Set pattern traditional manager north behavior tend personal authority within civil smile movement approach perhaps such international question policy step mission throughout strategy final ball to interview. Benefit local level charge participant clear.,254,#explore #wanderlust #travelgram #vacationvibes,TRUE,20-03-2024,iPhone,en,2886,238,225,0.0572
65de26c8-a668-4dd8-b85f-cc1db274eeae,76143c87-db9d-4361-b0aa-57ce28304f45,tristan64,Other,47,72948,6485,28-12-2022,FALSE,Ankara,Fashion,Thousand light news ahead science season general child. Effort positive machine.,80,#lookbook,TRUE,10-12-2024,iPhone,fr,3643,491,190,0.0593
211a236b-8143-4232-a7f7-a78ea79e5944,a0f326ca-0aa0-424e-8707-f5d1e98f58ee,jennifer50,Other,52,97568,3719,04-08-2015,FALSE,Berlin,Music,Window focus machine expect according discover culture half second mind including language operation participant concern charge financial field upon information population beyond establish whole get. Usually Congress guy out also act team.,239,#musiclover #vibes #playlist #nowplaying,TRUE,28-01-2025,Android,tr,4792,520,256,0.0571
3c867482-cfb0-4231-a85e-be93a8b01626,0299427e-31cf-470e-9769-788da852a49a,michaelcesar,Other,45,3627,3484,01-04-2023,FALSE,Antalya,Music,Discussion energy performance care certain try main service area force fill quickly institution common. Probably growth have cup everything Mrs consider drop.,158,#nowplaying,TRUE,21-11-2024,Android,de,181,20,5,0.0568
a25e0108-504b-450c-86d6-be448474a9a4,9ca7ed7b-390a-423e-bf35-2abb7fb15f79,katie81,Other,40,75006,4677,20-01-2016,FALSE,Paris,Gaming,Bring finish tax local own single public have wind decision. Several gun happy wish church various like.,104,#twitch #gamerlife #esports,FALSE,25-03-2024,Tablet,tr,3770,462,133,0.0582
510eec0d-d638-4a63-bf12-8e18e811e761,a73fee04-cdca-4441-95fe-966f7d266534,larry85,Other,42,38991,8351,30-03-2024,FALSE,Bursa,Memes,Serve particular drug leg today staff change wonder detail everything economy certain school notice something lot office it wall. Necessary make though health.,159,#memeoftheday #relatable #lol #funny,FALSE,24-03-2024,iPhone,de,1909,251,144,0.0591
,,,,,,,,,,,,,,,,,,,,,
,,,,,,,,,,,,,,,,,,,,,
,,,,,,,,,,,,,,,,,,,,,
,,,,,,,,,,,,,,,,,,,,,
,,,,,,,,,,,,,,,,,,,,,
,,,,,,,,,,,,,,,,,,,,,
,,,,,,,,,,,,,,,,,,,,,
,,,,,,,,,,,,,,,,,,,,,
,,,,,,,,,,,,,,,,,,,,,
,,,,,,,,,,,,,,,,,,,,,
,,,,,,,,,,,,,,,,,,,,,
,,,,,,,,,,,,,,,,,,,,,
,,,,,,,,,,,,,,,,,,,,,
,,,,,,,,,,,,,,,,,,,,,
,,,,,,,,,,,,,,,,,,,,,
,,,,,,,,,,,,,,,,,,,,,
,,,,,,,,,,,,,,,,,,,,,
,,,,,,,,,,,,,,,,,,,,,
,,,,,,,,,,,,,,,,,,,,,
,,,,,,,,,,,,,,,,,,,,,
,,,,,,,,,,,,,,,,,,,,,
,,,,,,,,,,,,,,,,,,,,,
,,,,,,,,,,,,,,,,,,,,,
,,,,,,,,,,,,,,,,,,,,,
,,,,,,,,,,,,,,,,,,,,,
,,,,,,,,,,,,,,,,,,,,,
,,,,,,,,,,,,,,,,,,,,,
,,,,,,,,,,,,,,,,,,,,,
,,,,,,,,,,,,,,,,,,,,,
,,,,,,,,,,,,,,,,,,,,,
,,,,,,,,,,,,,,,,,,,,,
,,,,,,,,,,,,,,,,,,,,,
,,,,,,,,,,,,,,,,,,,,,
,,,,,,,,,,,,,,,,,,,,,
,,,,,,,,,,,,,,,,,,,,,
,,,,,,,,,,,,,,,,,,,,,
,,,,,,,,,,,,,,,,,,,,,
,,,,,,,,,,,,,,,,,,,,,
,,,,,,,,,,,,,,,,,,,,,
,,,,,,,,,,,,,,,,,,,,,
,,,,,,,,,,,,,,,,,,,,,
,,,,,,,,,,,,,,,,,,,,,
,,,,,,,,,,,,,,,,,,,,,
,,,,,,,,,,,,,,,,,,,,,
,,,,,,,,,,,,,,,,,,,,,
,,,,,,,,,,,,,,,,,,,,,
,,,,,,,,,,,,,,,,,,,,,
,,,,,,,,,,,,,,,,,,,,,
,,,,,,,,,,,,,,,,,,,,,
,,,,,,,,,,,,,,,,,,,,,
,,,,,,,,,,,,,,,,,,,,,
,,,,,,,,,,,,,,,,,,,,,
,,,,,,,,,,,,,,,,,,,,,
,,,,,,,,,,,,,,,,,,,,,
,,,,,,,,,,,,,,,,,,,,,
,,,,,,,,,,,,,,,,,,,,,
,,,,,,,,,,,,,,,,,,,,,
,,,,,,,,,,,,,,,,,,,,,
,,,,,,,,,,,,,,,,,,,,,
,,,,,,,,,,,,,,,,,,,,,
,,,,,,,,,,,,,,,,,,,,,
,,,,,,,,,,,,,,,,,,,,,
,,,,,,,,,,,,,,,,,,,,,
,,,,,,,,,,,,,,,,,,,,,
,,,,,,,,,,,,,,,,,,,,,
,,,,,,,,,,,,,,,,,,,,,
,,,,,,,,,,,,,,,,,,,,,
,,,,,,,,,,,,,,,,,,,,,
,,,,,,,,,,,,,,,,,,,,,
,,,,,,,,,,,,,,,,,,,,,
,,,,,,,,,,,,,,,,,,,,,
,,,,,,,,,,,,,,,,,,,,,
,,,,,,,,,,,,,,,,,,,,,
,,,,,,,,,,,,,,,,,,,,,
,,,,,,,,,,,,,,,,,,,,,
,,,,,,,,,,,,,,,,,,,,,
,,,,,,,,,,,,,,,,,,,,,
,,,,,,,,,,,,,,,,,,,,,
,,,,,,,,,,,,,,,,,,,,,
,,,,,,,,,,,,,,,,,,,,,
,,,,,,,,,,,,,,,,,,,,,
,,,,,,,,,,,,,,,,,,,,,
,,,,,,,,,,,,,,,,,,,,,
,,,,,,,,,,,,,,,,,,,,,
,,,,,,,,,,,,,,,,,,,,,
,,,,,,,,,,,,,,,,,,,,,
,,,,,,,,,,,,,,,,,,,,,
,,,,,,,,,,,,,,,,,,,,,
,,,,,,,,,,,,,,,,,,,,,
,,,,,,,,,,,,,,,,,,,,,
,,,,,,,,,,,,,,,,,,,,,
,,,,,,,,,,,,,,,,,,,,,
,,,,,,,,,,,,,,,,,,,,,
,,,,,,,,,,,,,,,,,,,,,
,,,,,,,,,,,,,,,,,,,,,
,,,,,,,,,,,,,,,,,,,,,
,,,,,,,,,,,,,,,,,,,,,
,,,,,,,,,,,,,,,,,,,,,
,,,,,,,,,,,,,,,,,,,,,
,,,,,,,,,,,,,,,,,,,,,
,,,,,,,,,,,,,,,,,,,,,
,,,,,,,,,,,,,,,,,,,,,
,,,,,,,,,,,,,,,,,,,,,
,,,,,,,,,,,,,,,,,,,,,
,,,,,,,,,,,,,,,,,,,,,
,,,,,,,,,,,,,,,,,,,,,
,,,,,,,,,,,,,,,,,,,,,
,,,,,,,,,,,,,,,,,,,,,
,,,,,,,,,,,,,,,,,,,,,
,,,,,,,,,,,,,,,,,,,,,
,,,,,,,,,,,,,,,,,,,,,
,,,,,,,,,,,,,,,,,,,,,
,,,,,,,,,,,,,,,,,,,,,
,,,,,,,,,,,,,,,,,,,,,
,,,,,,,,,,,,,,,,,,,,,
,,,,,,,,,,,,,,,,,,,,,
,,,,,,,,,,,,,,,,,,,,,
,,,,,,,,,,,,,,,,,,,,,
,,,,,,,,,,,,,,,,,,,,,
,,,,,,,,,,,,,,,,,,,,,
,,,,,,,,,,,,,,,,,,,,,
,,,,,,,,,,,,,,,,,,,,,
,,,,,,,,,,,,,,,,,,,,,
,,,,,,,,,,,,,,,,,,,,,
,,,,,,,,,,,,,,,,,,,,,
,,,,,,,,,,,,,,,,,,,,,
,,,,,,,,,,,,,,,,,,,,,
,,,,,,,,,,,,,,,,,,,,,
,,,,,,,,,,,,,,,,,,,,,
,,,,,,,,,,,,,,,,,,,,,
,,,,,,,,,,,,,,,,,,,,,
,,,,,,,,,,,,,,,,,,,,,
,,,,,,,,,,,,,,,,,,,,,
,,,,,,,,,,,,,,,,,,,,,
,,,,,,,,,,,,,,,,,,,,,
,,,,,,,,,,,,,,,,,,,,,
,,,,,,,,,,,,,,,,,,,,,
,,,,,,,,,,,,,,,,,,,,,
,,,,,,,,,,,,,,,,,,,,,
,,,,,,,,,,,,,,,,,,,,,
,,,,,,,,,,,,,,,,,,,,,
,,,,,,,,,,,,,,,,,,,,,
,,,,,,,,,,,,,,,,,,,,,
,,,,,,,,,,,,,,,,,,,,,
,,,,,,,,,,,,,,,,,,,,,
,,,,,,,,,,,,,,,,,,,,,
,,,,,,,,,,,,,,,,,,,,,
,,,,,,,,,,,,,,,,,,,,,
,,,,,,,,,,,,,,,,,,,,,
,,,,,,,,,,,,,,,,,,,,,
,,,,,,,,,,,,,,,,,,,,,
,,,,,,,,,,,,,,,,,,,,,
,,,,,,,,,,,,,,,,,,,,,
,,,,,,,,,,,,,,,,,,,,,
,,,,,,,,,,,,,,,,,,,,,
,,,,,,,,,,,,,,,,,,,,,
,,,,,,,,,,,,,,,,,,,,,
,,,,,,,,,,,,,,,,,,,,,
,,,,,,,,,,,,,,,,,,,,,
,,,,,,,,,,,,,,,,,,,,,
,,,,,,,,,,,,,,,,,,,,,
,,,,,,,,,,,,,,,,,,,,,
,,,,,,,,,,,,,,,,,,,,,
,,,,,,,,,,,,,,,,,,,,,
,,,,,,,,,,,,,,,,,,,,,
,,,,,,,,,,,,,,,,,,,,,
,,,,,,,,,,,,,,,,,,,,,
,,,,,,,,,,,,,,,,,,,,,
,,,,,,,,,,,,,,,,,,,,,
,,,,,,,,,,,,,,,,,,,,,
,,,,,,,,,,,,,,,,,,,,,
,,,,,,,,,,,,,,,,,,,,,
,,,,,,,,,,,,,,,,,,,,,
,,,,,,,,,,,,,,,,,,,,,
,,,,,,,,,,,,,,,,,,,,,
,,,,,,,,,,,,,,,,,,,,,
,,,,,,,,,,,,,,,,,,,,,
,,,,,,,,,,,,,,,,,,,,,
,,,,,,,,,,,,,,,,,,,,,
,,,,,,,,,,,,,,,,,,,,,
,,,,,,,,,,,,,,,,,,,,,
,,,,,,,,,,,,,,,,,,,,,
,,,,,,,,,,,,,,,,,,,,,
,,,,,,,,,,,,,,,,,,,,,
,,,,,,,,,,,,,,,,,,,,,
,,,,,,,,,,,,,,,,,,,,,
,,,,,,,,,,,,,,,,,,,,,
,,,,,,,,,,,,,,,,,,,,,
,,,,,,,,,,,,,,,,,,,,,
,,,,,,,,,,,,,,,,,,,,,
,,,,,,,,,,,,,,,,,,,,,
,,,,,,,,,,,,,,,,,,,,,
,,,,,,,,,,,,,,,,,,,,,
,,,,,,,,,,,,,,,,,,,,,
,,,,,,,,,,,,,,,,,,,,,
,,,,,,,,,,,,,,,,,,,,,
,,,,,,,,,,,,,,,,,,,,,
,,,,,,,,,,,,,,,,,,,,,
,,,,,,,,,,,,,,,,,,,,,
,,,,,,,,,,,,,,,,,,,,,
,,,,,,,,,,,,,,,,,,,,,
,,,,,,,,,,,,,,,,,,,,,
,,,,,,,,,,,,,,,,,,,,,
,,,,,,,,,,,,,,,,,,,,,
,,,,,,,,,,,,,,,,,,,,,
,,,,,,,,,,,,,,,,,,,,,
,,,,,,,,,,,,,,,,,,,,,
,,,,,,,,,,,,,,,,,,,,,
,,,,,,,,,,,,,,,,,,,,,
,,,,,,,,,,,,,,,,,,,,,
,,,,,,,,,,,,,,,,,,,,,
,,,,,,,,,,,,,,,,,,,,,
,,,,,,,,,,,,,,,,,,,,,
,,,,,,,,,,,,,,,,,,,,,
,,,,,,,,,,,,,,,,,,,,,
,,,,,,,,,,,,,,,,,,,,,
,,,,,,,,,,,,,,,,,,,,,
,,,,,,,,,,,,,,,,,,,,,
,,,,,,,,,,,,,,,,,,,,,
,,,,,,,,,,,,,,,,,,,,,
,,,,,,,,,,,,,,,,,,,,,
,,,,,,,,,,,,,,,,,,,,,
,,,,,,,,,,,,,,,,,,,,,
,,,,,,,,,,,,,,,,,,,,,
,,,,,,,,,,,,,,,,,,,,,
,,,,,,,,,,,,,,,,,,,,,
,,,,,,,,,,,,,,,,,,,,,
,,,,,,,,,,,,,,,,,,,,,
,,,,,,,,,,,,,,,,,,,,,
,,,,,,,,,,,,,,,,,,,,,
,,,,,,,,,,,,,,,,,,,,,
,,,,,,,,,,,,,,,,,,,,,
,,,,,,,,,,,,,,,,,,,,,
,,,,,,,,,,,,,,,,,,,,,
,,,,,,,,,,,,,,,,,,,,,
,,,,,,,,,,,,,,,,,,,,,
,,,,,,,,,,,,,,,,,,,,,
,,,,,,,,,,,,,,,,,,,,,
,,,,,,,,,,,,,,,,,,,,,
,,,,,,,,,,,,,,,,,,,,,
,,,,,,,,,,,,,,,,,,,,,
,,,,,,,,,,,,,,,,,,,,,
,,,,,,,,,,,,,,,,,,,,,
,,,,,,,,,,,,,,,,,,,,,
,,,,,,,,,,,,,,,,,,,,,
,,,,,,,,,,,,,,,,,,,,,
,,,,,,,,,,,,,,,,,,,,,
,,,,,,,,,,,,,,,,,,,,,
,,,,,,,,,,,,,,,,,,,,,
,,,,,,,,,,,,,,,,,,,,,
,,,,,,,,,,,,,,,,,,,,,
,,,,,,,,,,,,,,,,,,,,,
,,,,,,,,,,,,,,,,,,,,,
,,,,,,,,,,,,,,,,,,,,,
,,,,,,,,,,,,,,,,,,,,,
,,,,,,,,,,,,,,,,,,,,,
,,,,,,,,,,,,,,,,,,,,,
,,,,,,,,,,,,,,,,,,,,,
,,,,,,,,,,,,,,,,,,,,,
,,,,,,,,,,,,,,,,,,,,,
,,,,,,,,,,,,,,,,,,,,,
,,,,,,,,,,,,,,,,,,,,,
,,,,,,,,,,,,,,,,,,,,,
,,,,,,,,,,,,,,,,,,,,,
,,,,,,,,,,,,,,,,,,,,,
,,,,,,,,,,,,,,,,,,,,,
,,,,,,,,,,,,,,,,,,,,,
,,,,,,,,,,,,,,,,,,,,,
,,,,,,,,,,,,,,,,,,,,,
,,,,,,,,,,,,,,,,,,,,,
,,,,,,,,,,,,,,,,,,,,,
,,,,,,,,,,,,,,,,,,,,,
,,,,,,,,,,,,,,,,,,,,,
,,,,,,,,,,,,,,,,,,,,,
,,,,,,,,,,,,,,,,,,,,,
,,,,,,,,,,,,,,,,,,,,,
,,,,,,,,,,,,,,,,,,,,,
,,,,,,,,,,,,,,,,,,,,,
,,,,,,,,,,,,,,,,,,,,,
,,,,,,,,,,,,,,,,,,,,,
,,,,,,,,,,,,,,,,,,,,,
,,,,,,,,,,,,,,,,,,,,,
,,,,,,,,,,,,,,,,,,,,,
,,,,,,,,,,,,,,,,,,,,,
,,,,,,,,,,,,,,,,,,,,,
,,,,,,,,,,,,,,,,,,,,,
,,,,,,,,,,,,,,,,,,,,,
,,,,,,,,,,,,,,,,,,,,,
,,,,,,,,,,,,,,,,,,,,,
,,,,,,,,,,,,,,,,,,,,,
,,,,,,,,,,,,,,,,,,,,,
,,,,,,,,,,,,,,,,,,,,,
,,,,,,,,,,,,,,,,,,,,,
,,,,,,,,,,,,,,,,,,,,,
,,,,,,,,,,,,,,,,,,,,,
,,,,,,,,,,,,,,,,,,,,,
,,,,,,,,,,,,,,,,,,,,,
,,,,,,,,,,,,,,,,,,,,,
,,,,,,,,,,,,,,,,,,,,,
,,,,,,,,,,,,,,,,,,,,,
,,,,,,,,,,,,,,,,,,,,,
,,,,,,,,,,,,,,,,,,,,,
,,,,,,,,,,,,,,,,,,,,,
,,,,,,,,,,,,,,,,,,,,,
,,,,,,,,,,,,,,,,,,,,,
,,,,,,,,,,,,,,,,,,,,,
,,,,,,,,,,,,,,,,,,,,,
,,,,,,,,,,,,,,,,,,,,,
,,,,,,,,,,,,,,,,,,,,,
,,,,,,,,,,,,,,,,,,,,,
,,,,,,,,,,,,,,,,,,,,,
,,,,,,,,,,,,,,,,,,,,,
,,,,,,,,,,,,,,,,,,,,,
,,,,,,,,,,,,,,,,,,,,,
,,,,,,,,,,,,,,,,,,,,,
,,,,,,,,,,,,,,,,,,,,,
,,,,,,,,,,,,,,,,,,,,,
,,,,,,,,,,,,,,,,,,,,,
,,,,,,,,,,,,,,,,,,,,,
,,,,,,,,,,,,,,,,,,,,,
,,,,,,,,,,,,,,,,,,,,,
,,,,,,,,,,,,,,,,,,,,,
,,,,,,,,,,,,,,,,,,,,,
,,,,,,,,,,,,,,,,,,,,,
,,,,,,,,,,,,,,,,,,,,,
,,,,,,,,,,,,,,,,,,,,,
,,,,,,,,,,,,,,,,,,,,,
,,,,,,,,,,,,,,,,,,,,,
,,,,,,,,,,,,,,,,,,,,,
,,,,,,,,,,,,,,,,,,,,,
,,,,,,,,,,,,,,,,,,,,,
,,,,,,,,,,,,,,,,,,,,,
,,,,,,,,,,,,,,,,,,,,,
,,,,,,,,,,,,,,,,,,,,,
,,,,,,,,,,,,,,,,,,,,,
,,,,,,,,,,,,,,,,,,,,,
,,,,,,,,,,,,,,,,,,,,,
,,,,,,,,,,,,,,,,,,,,,
,,,,,,,,,,,,,,,,,,,,,
,,,,,,,,,,,,,,,,,,,,,
,,,,,,,,,,,,,,,,,,,,,
,,,,,,,,,,,,,,,,,,,,,
,,,,,,,,,,,,,,,,,,,,,
,,,,,,,,,,,,,,,,,,,,,
,,,,,,,,,,,,,,,,,,,,,
,,,,,,,,,,,,,,,,,,,,,
,,,,,,,,,,,,,,,,,,,,,
,,,,,,,,,,,,,,,,,,,,,
,,,,,,,,,,,,,,,,,,,,,
,,,,,,,,,,,,,,,,,,,,,
,,,,,,,,,,,,,,,,,,,,,
,,,,,,,,,,,,,,,,,,,,,
,,,,,,,,,,,,,,,,,,,,,
,,,,,,,,,,,,,,,,,,,,,
,,,,,,,,,,,,,,,,,,,,,
,,,,,,,,,,,,,,,,,,,,,
,,,,,,,,,,,,,,,,,,,,,
,,,,,,,,,,,,,,,,,,,,,
,,,,,,,,,,,,,,,,,,,,,
,,,,,,,,,,,,,,,,,,,,,
,,,,,,,,,,,,,,,,,,,,,
,,,,,,,,,,,,,,,,,,,,,
,,,,,,,,,,,,,,,,,,,,,
,,,,,,,,,,,,,,,,,,,,,
,,,,,,,,,,,,,,,,,,,,,
,,,,,,,,,,,,,,,,,,,,,
,,,,,,,,,,,,,,,,,,,,,
,,,,,,,,,,,,,,,,,,,,,
,,,,,,,,,,,,,,,,,,,,,
,,,,,,,,,,,,,,,,,,,,,
,,,,,,,,,,,,,,,,,,,,,
,,,,,,,,,,,,,,,,,,,,,
,,,,,,,,,,,,,,,,,,,,,
,,,,,,,,,,,,,,,,,,,,,
,,,,,,,,,,,,,,,,,,,,,
,,,,,,,,,,,,,,,,,,,,,
,,,,,,,,,,,,,,,,,,,,,
,,,,,,,,,,,,,,,,,,,,,
,,,,,,,,,,,,,,,,,,,,,
,,,,,,,,,,,,,,,,,,,,,
,,,,,,,,,,,,,,,,,,,,,
,,,,,,,,,,,,,,,,,,,,,
,,,,,,,,,,,,,,,,,,,,,
,,,,,,,,,,,,,,,,,,,,,
,,,,,,,,,,,,,,,,,,,,,
,,,,,,,,,,,,,,,,,,,,,
,,,,,,,,,,,,,,,,,,,,,
,,,,,,,,,,,,,,,,,,,,,
,,,,,,,,,,,,,,,,,,,,,
,,,,,,,,,,,,,,,,,,,,,
,,,,,,,,,,,,,,,,,,,,,
,,,,,,,,,,,,,,,,,,,,,
,,,,,,,,,,,,,,,,,,,,,
,,,,,,,,,,,,,,,,,,,,,
,,,,,,,,,,,,,,,,,,,,,
,,,,,,,,,,,,,,,,,,,,,
,,,,,,,,,,,,,,,,,,,,,
,,,,,,,,,,,,,,,,,,,,,
,,,,,,,,,,,,,,,,,,,,,
,,,,,,,,,,,,,,,,,,,,,
,,,,,,,,,,,,,,,,,,,,,
,,,,,,,,,,,,,,,,,,,,,
,,,,,,,,,,,,,,,,,,,,,
,,,,,,,,,,,,,,,,,,,,,
,,,,,,,,,,,,,,,,,,,,,
,,,,,,,,,,,,,,,,,,,,,
,,,,,,,,,,,,,,,,,,,,,
,,,,,,,,,,,,,,,,,,,,,
,,,,,,,,,,,,,,,,,,,,,
,,,,,,,,,,,,,,,,,,,,,
,,,,,,,,,,,,,,,,,,,,,
,,,,,,,,,,,,,,,,,,,,,
,,,,,,,,,,,,,,,,,,,,,
,,,,,,,,,,,,,,,,,,,,,
,,,,,,,,,,,,,,,,,,,,,
,,,,,,,,,,,,,,,,,,,,,
,,,,,,,,,,,,,,,,,,,,,
,,,,,,,,,,,,,,,,,,,,,
,,,,,,,,,,,,,,,,,,,,,
,,,,,,,,,,,,,,,,,,,,,
,,,,,,,,,,,,,,,,,,,,,
,,,,,,,,,,,,,,,,,,,,,
,,,,,,,,,,,,,,,,,,,,,
,,,,,,,,,,,,,,,,,,,,,
,,,,,,,,,,,,,,,,,,,,,
,,,,,,,,,,,,,,,,,,,,,
,,,,,,,,,,,,,,,,,,,,,
,,,,,,,,,,,,,,,,,,,,,
,,,,,,,,,,,,,,,,,,,,,
,,,,,,,,,,,,,,,,,,,,,
,,,,,,,,,,,,,,,,,,,,,
,,,,,,,,,,,,,,,,,,,,,
,,,,,,,,,,,,,,,,,,,,,
,,,,,,,,,,,,,,,,,,,,,
,,,,,,,,,,,,,,,,,,,,,
,,,,,,,,,,,,,,,,,,,,,
,,,,,,,,,,,,,,,,,,,,,
,,,,,,,,,,,,,,,,,,,,,
,,,,,,,,,,,,,,,,,,,,,
,,,,,,,,,,,,,,,,,,,,,
,,,,,,,,,,,,,,,,,,,,,
,,,,,,,,,,,,,,,,,,,,,
,,,,,,,,,,,,,,,,,,,,,
,,,,,,,,,,,,,,,,,,,,,
,,,,,,,,,,,,,,,,,,,,,
,,,,,,,,,,,,,,,,,,,,,
,,,,,,,,,,,,,,,,,,,,,
,,,,,,,,,,,,,,,,,,,,,
,,,,,,,,,,,,,,,,,,,,,
,,,,,,,,,,,,,,,,,,,,,
,,,,,,,,,,,,,,,,,,,,,
,,,,,,,,,,,,,,,,,,,,,
,,,,,,,,,,,,,,,,,,,,,
,,,,,,,,,,,,,,,,,,,,,
,,,,,,,,,,,,,,,,,,,,,
,,,,,,,,,,,,,,,,,,,,,
,,,,,,,,,,,,,,,,,,,,,
,,,,,,,,,,,,,,,,,,,,,
,,,,,,,,,,,,,,,,,,,,,
,,,,,,,,,,,,,,,,,,,,,
,,,,,,,,,,,,,,,,,,,,,
,,,,,,,,,,,,,,,,,,,,,
,,,,,,,,,,,,,,,,,,,,,
,,,,,,,,,,,,,,,,,,,,,
,,,,,,,,,,,,,,,,,,,,,
,,,,,,,,,,,,,,,,,,,,,
,,,,,,,,,,,,,,,,,,,,,
,,,,,,,,,,,,,,,,,,,,,
,,,,,,,,,,,,,,,,,,,,,
,,,,,,,,,,,,,,,,,,,,,
,,,,,,,,,,,,,,,,,,,,,
,,,,,,,,,,,,,,,,,,,,,
,,,,,,,,,,,,,,,,,,,,,
,,,,,,,,,,,,,,,,,,,,,
,,,,,,,,,,,,,,,,,,,,,
,,,,,,,,,,,,,,,,,,,,,
,,,,,,,,,,,,,,,,,,,,,
,,,,,,,,,,,,,,,,,,,,,
,,,,,,,,,,,,,,,,,,,,,
,,,,,,,,,,,,,,,,,,,,,
,,,,,,,,,,,,,,,,,,,,,
,,,,,,,,,,,,,,,,,,,,,
,,,,,,,,,,,,,,,,,,,,,
,,,,,,,,,,,,,,,,,,,,,
,,,,,,,,,,,,,,,,,,,,,
,,,,,,,,,,,,,,,,,,,,,
,,,,,,,,,,,,,,,,,,,,,
,,,,,,,,,,,,,,,,,,,,,
,,,,,,,,,,,,,,,,,,,,,
,,,,,,,,,,,,,,,,,,,,,
,,,,,,,,,,,,,,,,,,,,,
,,,,,,,,,,,,,,,,,,,,,
,,,,,,,,,,,,,,,,,,,,,
,,,,,,,,,,,,,,,,,,,,,
,,,,,,,,,,,,,,,,,,,,,
,,,,,,,,,,,,,,,,,,,,,
,,,,,,,,,,,,,,,,,,,,,
,,,,,,,,,,,,,,,,,,,,,
,,,,,,,,,,,,,,,,,,,,,
,,,,,,,,,,,,,,,,,,,,,
,,,,,,,,,,,,,,,,,,,,,
,,,,,,,,,,,,,,,,,,,,,
,,,,,,,,,,,,,,,,,,,,,
,,,,,,,,,,,,,,,,,,,,,
,,,,,,,,,,,,,,,,,,,,,
,,,,,,,,,,,,,,,,,,,,,
,,,,,,,,,,,,,,,,,,,,,
,,,,,,,,,,,,,,,,,,,,,
,,,,,,,,,,,,,,,,,,,,,
,,,,,,,,,,,,,,,,,,,,,
,,,,,,,,,,,,,,,,,,,,,
,,,,,,,,,,,,,,,,,,,,,
,,,,,,,,,,,,,,,,,,,,,
,,,,,,,,,,,,,,,,,,,,,
,,,,,,,,,,,,,,,,,,,,,
,,,,,,,,,,,,,,,,,,,,,
,,,,,,,,,,,,,,,,,,,,,
,,,,,,,,,,,,,,,,,,,,,
,,,,,,,,,,,,,,,,,,,,,
,,,,,,,,,,,,,,,,,,,,,
,,,,,,,,,,,,,,,,,,,,,
,,,,,,,,,,,,,,,,,,,,,
,,,,,,,,,,,,,,,,,,,,,
,,,,,,,,,,,,,,,,,,,,,
,,,,,,,,,,,,,,,,,,,,,
,,,,,,,,,,,,,,,,,,,,,
,,,,,,,,,,,,,,,,,,,,,
,,,,,,,,,,,,,,,,,,,,,
,,,,,,,,,,,,,,,,,,,,,
,,,,,,,,,,,,,,,,,,,,,
,,,,,,,,,,,,,,,,,,,,,
,,,,,,,,,,,,,,,,,,,,,
,,,,,,,,,,,,,,,,,,,,,
,,,,,,,,,,,,,,,,,,,,,
,,,,,,,,,,,,,,,,,,,,,
,,,,,,,,,,,,,,,,,,,,,
,,,,,,,,,,,,,,,,,,,,,
,,,,,,,,,,,,,,,,,,,,,
,,,,,,,,,,,,,,,,,,,,,
,,,,,,,,,,,,,,,,,,,,,
,,,,,,,,,,,,,,,,,,,,,
,,,,,,,,,,,,,,,,,,,,,
,,,,,,,,,,,,,,,,,,,,,
,,,,,,,,,,,,,,,,,,,,,
,,,,,,,,,,,,,,,,,,,,,
,,,,,,,,,,,,,,,,,,,,,
,,,,,,,,,,,,,,,,,,,,,
,,,,,,,,,,,,,,,,,,,,,
,,,,,,,,,,,,,,,,,,,,,
,,,,,,,,,,,,,,,,,,,,,
,,,,,,,,,,,,,,,,,,,,,
,,,,,,,,,,,,,,,,,,,,,
,,,,,,,,,,,,,,,,,,,,,
,,,,,,,,,,,,,,,,,,,,,
,,,,,,,,,,,,,,,,,,,,,
,,,,,,,,,,,,,,,,,,,,,
,,,,,,,,,,,,,,,,,,,,,
,,,,,,,,,,,,,,,,,,,,,
,,,,,,,,,,,,,,,,,,,,,
,,,,,,,,,,,,,,,,,,,,,
,,,,,,,,,,,,,,,,,,,,,
,,,,,,,,,,,,,,,,,,,,,
,,,,,,,,,,,,,,,,,,,,,
,,,,,,,,,,,,,,,,,,,,,
,,,,,,,,,,,,,,,,,,,,,
,,,,,,,,,,,,,,,,,,,,,
,,,,,,,,,,,,,,,,,,,,,
,,,,,,,,,,,,,,,,,,,,,
,,,,,,,,,,,,,,,,,,,,,
,,,,,,,,,,,,,,,,,,,,,
,,,,,,,,,,,,,,,,,,,,,
,,,,,,,,,,,,,,,,,,,,,
,,,,,,,,,,,,,,,,,,,,,
,,,,,,,,,,,,,,,,,,,,,
,,,,,,,,,,,,,,,,,,,,,
,,,,,,,,,,,,,,,,,,,,,
,,,,,,,,,,,,,,,,,,,,,
,,,,,,,,,,,,,,,,,,,,,
,,,,,,,,,,,,,,,,,,,,,
,,,,,,,,,,,,,,,,,,,,,
,,,,,,,,,,,,,,,,,,,,,
,,,,,,,,,,,,,,,,,,,,,
,,,,,,,,,,,,,,,,,,,,,
,,,,,,,,,,,,,,,,,,,,,
,,,,,,,,,,,,,,,,,,,,,
,,,,,,,,,,,,,,,,,,,,,
,,,,,,,,,,,,,,,,,,,,,
,,,,,,,,,,,,,,,,,,,,,
,,,,,,,,,,,,,,,,,,,,,
,,,,,,,,,,,,,,,,,,,,,
,,,,,,,,,,,,,,,,,,,,,
,,,,,,,,,,,,,,,,,,,,,
,,,,,,,,,,,,,,,,,,,,,
,,,,,,,,,,,,,,,,,,,,,
,,,,,,,,,,,,,,,,,,,,,
,,,,,,,,,,,,,,,,,,,,,
,,,,,,,,,,,,,,,,,,,,,
,,,,,,,,,,,,,,,,,,,,,
,,,,,,,,,,,,,,,,,,,,,
,,,,,,,,,,,,,,,,,,,,,
,,,,,,,,,,,,,,,,,,,,,
,,,,,,,,,,,,,,,,,,,,,
,,,,,,,,,,,,,,,,,,,,,
,,,,,,,,,,,,,,,,,,,,,
,,,,,,,,,,,,,,,,,,,,,
,,,,,,,,,,,,,,,,,,,,,
,,,,,,,,,,,,,,,,,,,,,
,,,,,,,,,,,,,,,,,,,,,
,,,,,,,,,,,,,,,,,,,,,
,,,,,,,,,,,,,,,,,,,,,
,,,,,,,,,,,,,,,,,,,,,
,,,,,,,,,,,,,,,,,,,,,
,,,,,,,,,,,,,,,,,,,,,
,,,,,,,,,,,,,,,,,,,,,
,,,,,,,,,,,,,,,,,,,,,
,,,,,,,,,,,,,,,,,,,,,
,,,,,,,,,,,,,,,,,,,,,
,,,,,,,,,,,,,,,,,,,,,
,,,,,,,,,,,,,,,,,,,,,
,,,,,,,,,,,,,,,,,,,,,
,,,,,,,,,,,,,,,,,,,,,
,,,,,,,,,,,,,,,,,,,,,
,,,,,,,,,,,,,,,,,,,,,
,,,,,,,,,,,,,,,,,,,,,
,,,,,,,,,,,,,,,,,,,,,
,,,,,,,,,,,,,,,,,,,,,
,,,,,,,,,,,,,,,,,,,,,
,,,,,,,,,,,,,,,,,,,,,
,,,,,,,,,,,,,,,,,,,,,
,,,,,,,,,,,,,,,,,,,,,
,,,,,,,,,,,,,,,,,,,,,
,,,,,,,,,,,,,,,,,,,,,
,,,,,,,,,,,,,,,,,,,,,
,,,,,,,,,,,,,,,,,,,,,
,,,,,,,,,,,,,,,,,,,,,
,,,,,,,,,,,,,,,,,,,,,
,,,,,,,,,,,,,,,,,,,,,
,,,,,,,,,,,,,,,,,,,,,
,,,,,,,,,,,,,,,,,,,,,
,,,,,,,,,,,,,,,,,,,,,
,,,,,,,,,,,,,,,,,,,,,
,,,,,,,,,,,,,,,,,,,,,
,,,,,,,,,,,,,,,,,,,,,
,,,,,,,,,,,,,,,,,,,,,
,,,,,,,,,,,,,,,,,,,,,
,,,,,,,,,,,,,,,,,,,,,
,,,,,,,,,,,,,,,,,,,,,
,,,,,,,,,,,,,,,,,,,,,
,,,,,,,,,,,,,,,,,,,,,
,,,,,,,,,,,,,,,,,,,,,
,,,,,,,,,,,,,,,,,,,,,
,,,,,,,,,,,,,,,,,,,,,
,,,,,,,,,,,,,,,,,,,,,
,,,,,,,,,,,,,,,,,,,,,
,,,,,,,,,,,,,,,,,,,,,
,,,,,,,,,,,,,,,,,,,,,
,,,,,,,,,,,,,,,,,,,,,
,,,,,,,,,,,,,,,,,,,,,
,,,,,,,,,,,,,,,,,,,,,
,,,,,,,,,,,,,,,,,,,,,
,,,,,,,,,,,,,,,,,,,,,
,,,,,,,,,,,,,,,,,,,,,
,,,,,,,,,,,,,,,,,,,,,
,,,,,,,,,,,,,,,,,,,,,
,,,,,,,,,,,,,,,,,,,,,
,,,,,,,,,,,,,,,,,,,,,
,,,,,,,,,,,,,,,,,,,,,
,,,,,,,,,,,,,,,,,,,,,
,,,,,,,,,,,,,,,,,,,,,
,,,,,,,,,,,,,,,,,,,,,
,,,,,,,,,,,,,,,,,,,,,
,,,,,,,,,,,,,,,,,,,,,
,,,,,,,,,,,,,,,,,,,,,
,,,,,,,,,,,,,,,,,,,,,
,,,,,,,,,,,,,,,,,,,,,
,,,,,,,,,,,,,,,,,,,,,
,,,,,,,,,,,,,,,,,,,,,
,,,,,,,,,,,,,,,,,,,,,
,,,,,,,,,,,,,,,,,,,,,
,,,,,,,,,,,,,,,,,,,,,
,,,,,,,,,,,,,,,,,,,,,
,,,,,,,,,,,,,,,,,,,,,
,,,,,,,,,,,,,,,,,,,,,
,,,,,,,,,,,,,,,,,,,,,
,,,,,,,,,,,,,,,,,,,,,
,,,,,,,,,,,,,,,,,,,,,
,,,,,,,,,,,,,,,,,,,,,
,,,,,,,,,,,,,,,,,,,,,
,,,,,,,,,,,,,,,,,,,,,
,,,,,,,,,,,,,,,,,,,,,
,,,,,,,,,,,,,,,,,,,,,
,,,,,,,,,,,,,,,,,,,,,
,,,,,,,,,,,,,,,,,,,,,
,,,,,,,,,,,,,,,,,,,,,
,,,,,,,,,,,,,,,,,,,,,
,,,,,,,,,,,,,,,,,,,,,
,,,,,,,,,,,,,,,,,,,,,
,,,,,,,,,,,,,,,,,,,,,
,,,,,,,,,,,,,,,,,,,,,
,,,,,,,,,,,,,,,,,,,,,
,,,,,,,,,,,,,,,,,,,,,
,,,,,,,,,,,,,,,,,,,,,
,,,,,,,,,,,,,,,,,,,,,
,,,,,,,,,,,,,,,,,,,,,
,,,,,,,,,,,,,,,,,,,,,
,,,,,,,,,,,,,,,,,,,,,
,,,,,,,,,,,,,,,,,,,,,
,,,,,,,,,,,,,,,,,,,,,
,,,,,,,,,,,,,,,,,,,,,
,,,,,,,,,,,,,,,,,,,,,
,,,,,,,,,,,,,,,,,,,,,
,,,,,,,,,,,,,,,,,,,,,
,,,,,,,,,,,,,,,,,,,,,
,,,,,,,,,,,,,,,,,,,,,
,,,,,,,,,,,,,,,,,,,,,
,,,,,,,,,,,,,,,,,,,,,
,,,,,,,,,,,,,,,,,,,,,
,,,,,,,,,,,,,,,,,,,,,
,,,,,,,,,,,,,,,,,,,,,
,,,,,,,,,,,,,,,,,,,,,
,,,,,,,,,,,,,,,,,,,,,
,,,,,,,,,,,,,,,,,,,,,
,,,,,,,,,,,,,,,,,,,,,
,,,,,,,,,,,,,,,,,,,,,
,,,,,,,,,,,,,,,,,,,,,
,,,,,,,,,,,,,,,,,,,,,
,,,,,,,,,,,,,,,,,,,,,
,,,,,,,,,,,,,,,,,,,,,
,,,,,,,,,,,,,,,,,,,,,
,,,,,,,,,,,,,,,,,,,,,
,,,,,,,,,,,,,,,,,,,,,
,,,,,,,,,,,,,,,,,,,,,
,,,,,,,,,,,,,,,,,,,,,
,,,,,,,,,,,,,,,,,,,,,
,,,,,,,,,,,,,,,,,,,,,
,,,,,,,,,,,,,,,,,,,,,
,,,,,,,,,,,,,,,,,,,,,
,,,,,,,,,,,,,,,,,,,,,
,,,,,,,,,,,,,,,,,,,,,
,,,,,,,,,,,,,,,,,,,,,
,,,,,,,,,,,,,,,,,,,,,
,,,,,,,,,,,,,,,,,,,,,
,,,,,,,,,,,,,,,,,,,,,
,,,,,,,,,,,,,,,,,,,,,
,,,,,,,,,,,,,,,,,,,,,
,,,,,,,,,,,,,,,,,,,,,
,,,,,,,,,,,,,,,,,,,,,
,,,,,,,,,,,,,,,,,,,,,
,,,,,,,,,,,,,,,,,,,,,
,,,,,,,,,,,,,,,,,,,,,
,,,,,,,,,,,,,,,,,,,,,
,,,,,,,,,,,,,,,,,,,,,
,,,,,,,,,,,,,,,,,,,,,
,,,,,,,,,,,,,,,,,,,,,
,,,,,,,,,,,,,,,,,,,,,
,,,,,,,,,,,,,,,,,,,,,
,,,,,,,,,,,,,,,,,,,,,
,,,,,,,,,,,,,,,,,,,,,
,,,,,,,,,,,,,,,,,,,,,
,,,,,,,,,,,,,,,,,,,,,
,,,,,,,,,,,,,,,,,,,,,
,,,,,,,,,,,,,,,,,,,,,
,,,,,,,,,,,,,,,,,,,,,
,,,,,,,,,,,,,,,,,,,,,
,,,,,,,,,,,,,,,,,,,,,
,,,,,,,,,,,,,,,,,,,,,
,,,,,,,,,,,,,,,,,,,,,
,,,,,,,,,,,,,,,,,,,,,
,,,,,,,,,,,,,,,,,,,,,
,,,,,,,,,,,,,,,,,,,,,
,,,,,,,,,,,,,,,,,,,,,
,,,,,,,,,,,,,,,,,,,,,
,,,,,,,,,,,,,,,,,,,,,
,,,,,,,,,,,,,,,,,,,,,
,,,,,,,,,,,,,,,,,,,,,
,,,,,,,,,,,,,,,,,,,,,
,,,,,,,,,,,,,,,,,,,,,
,,,,,,,,,,,,,,,,,,,,,
,,,,,,,,,,,,,,,,,,,,,
,,,,,,,,,,,,,,,,,,,,,
,,,,,,,,,,,,,,,,,,,,,
,,,,,,,,,,,,,,,,,,,,,
,,,,,,,,,,,,,,,,,,,,,
,,,,,,,,,,,,,,,,,,,,,
,,,,,,,,,,,,,,,,,,,,,
,,,,,,,,,,,,,,,,,,,,,
,,,,,,,,,,,,,,,,,,,,,
,,,,,,,,,,,,,,,,,,,,,
,,,,,,,,,,,,,,,,,,,,,
,,,,,,,,,,,,,,,,,,,,,
,,,,,,,,,,,,,,,,,,,,,
,,,,,,,,,,,,,,,,,,,,,
,,,,,,,,,,,,,,,,,,,,,
,,,,,,,,,,,,,,,,,,,,,
,,,,,,,,,,,,,,,,,,,,,
,,,,,,,,,,,,,,,,,,,,,
,,,,,,,,,,,,,,,,,,,,,
,,,,,,,,,,,,,,,,,,,,,
,,,,,,,,,,,,,,,,,,,,,
,,,,,,,,,,,,,,,,,,,,,
,,,,,,,,,,,,,,,,,,,,,
,,,,,,,,,,,,,,,,,,,,,
,,,,,,,,,,,,,,,,,,,,,
,,,,,,,,,,,,,,,,,,,,,
,,,,,,,,,,,,,,,,,,,,,
,,,,,,,,,,,,,,,,,,,,,
,,,,,,,,,,,,,,,,,,,,,
,,,,,,,,,,,,,,,,,,,,,
,,,,,,,,,,,,,,,,,,,,,
,,,,,,,,,,,,,,,,,,,,,
,,,,,,,,,,,,,,,,,,,,,
,,,,,,,,,,,,,,,,,,,,,
,,,,,,,,,,,,,,,,,,,,,
,,,,,,,,,,,,,,,,,,,,,
,,,,,,,,,,,,,,,,,,,,,
,,,,,,,,,,,,,,,,,,,,,
,,,,,,,,,,,,,,,,,,,,,
,,,,,,,,,,,,,,,,,,,,,
,,,,,,,,,,,,,,,,,,,,,
,,,,,,,,,,,,,,,,,,,,,
,,,,,,,,,,,,,,,,,,,,,
,,,,,,,,,,,,,,,,,,,,,
,,,,,,,,,,,,,,,,,,,,,
,,,,,,,,,,,,,,,,,,,,,
,,,,,,,,,,,,,,,,,,,,,
,,,,,,,,,,,,,,,,,,,,,
,,,,,,,,,,,,,,,,,,,,,
,,,,,,,,,,,,,,,,,,,,,
,,,,,,,,,,,,,,,,,,,,,
,,,,,,,,,,,,,,,,,,,,,
,,,,,,,,,,,,,,,,,,,,,
,,,,,,,,,,,,,,,,,,,,,
,,,,,,,,,,,,,,,,,,,,,
,,,,,,,,,,,,,,,,,,,,,
,,,,,,,,,,,,,,,,,,,,,
,,,,,,,,,,,,,,,,,,,,,
,,,,,,,,,,,,,,,,,,,,,
,,,,,,,,,,,,,,,,,,,,,
,,,,,,,,,,,,,,,,,,,,,
,,,,,,,,,,,,,,,,,,,,,
,,,,,,,,,,,,,,,,,,,,,
,,,,,,,,,,,,,,,,,,,,,
,,,,,,,,,,,,,,,,,,,,,
,,,,,,,,,,,,,,,,,,,,,
,,,,,,,,,,,,,,,,,,,,,
,,,,,,,,,,,,,,,,,,,,,
,,,,,,,,,,,,,,,,,,,,,
,,,,,,,,,,,,,,,,,,,,,
,,,,,,,,,,,,,,,,,,,,,
,,,,,,,,,,,,,,,,,,,,,
,,,,,,,,,,,,,,,,,,,,,
,,,,,,,,,,,,,,,,,,,,,
,,,,,,,,,,,,,,,,,,,,,
,,,,,,,,,,,,,,,,,,,,,
,,,,,,,,,,,,,,,,,,,,,
,,,,,,,,,,,,,,,,,,,,,
,,,,,,,,,,,,,,,,,,,,,
,,,,,,,,,,,,,,,,,,,,,
,,,,,,,,,,,,,,,,,,,,,
,,,,,,,,,,,,,,,,,,,,,
,,,,,,,,,,,,,,,,,,,,,
,,,,,,,,,,,,,,,,,,,,,
,,,,,,,,,,,,,,,,,,,,,
,,,,,,,,,,,,,,,,,,,,,
,,,,,,,,,,,,,,,,,,,,,
,,,,,,,,,,,,,,,,,,,,,
,,,,,,,,,,,,,,,,,,,,,
,,,,,,,,,,,,,,,,,,,,,
,,,,,,,,,,,,,,,,,,,,,
,,,,,,,,,,,,,,,,,,,,,
,,,,,,,,,,,,,,,,,,,,,
,,,,,,,,,,,,,,,,,,,,,
,,,,,,,,,,,,,,,,,,,,,
,,,,,,,,,,,,,,,,,,,,,
,,,,,,,,,,,,,,,,,,,,,
,,,,,,,,,,,,,,,,,,,,,
,,,,,,,,,,,,,,,,,,,,,
,,,,,,,,,,,,,,,,,,,,,
,,,,,,,,,,,,,,,,,,,,,
,,,,,,,,,,,,,,,,,,,,,
,,,,,,,,,,,,,,,,,,,,,
,,,,,,,,,,,,,,,,,,,,,
,,,,,,,,,,,,,,,,,,,,,
,,,,,,,,,,,,,,,,,,,,,
,,,,,,,,,,,,,,,,,,,,,
,,,,,,,,,,,,,,,,,,,,,
,,,,,,,,,,,,,,,,,,,,,
,,,,,,,,,,,,,,,,,,,,,
,,,,,,,,,,,,,,,,,,,,,
,,,,,,,,,,,,,,,,,,,,,
,,,,,,,,,,,,,,,,,,,,,
,,,,,,,,,,,,,,,,,,,,,
,,,,,,,,,,,,,,,,,,,,,
,,,,,,,,,,,,,,,,,,,,,
,,,,,,,,,,,,,,,,,,,,,
,,,,,,,,,,,,,,,,,,,,,
,,,,,,,,,,,,,,,,,,,,,
,,,,,,,,,,,,,,,,,,,,,
,,,,,,,,,,,,,,,,,,,,,
,,,,,,,,,,,,,,,,,,,,,
,,,,,,,,,,,,,,,,,,,,,
,,,,,,,,,,,,,,,,,,,,,
,,,,,,,,,,,,,,,,,,,,,
,,,,,,,,,,,,,,,,,,,,,
,,,,,,,,,,,,,,,,,,,,,
,,,,,,,,,,,,,,,,,,,,,
,,,,,,,,,,,,,,,,,,,,,
,,,,,,,,,,,,,,,,,,,,,
,,,,,,,,,,,,,,,,,,,,,
,,,,,,,,,,,,,,,,,,,,,
,,,,,,,,,,,,,,,,,,,,,
,,,,,,,,,,,,,,,,,,,,,
,,,,,,,,,,,,,,,,,,,,,
,,,,,,,,,,,,,,,,,,,,,
,,,,,,,,,,,,,,,,,,,,,
,,,,,,,,,,,,,,,,,,,,,
,,,,,,,,,,,,,,,,,,,,,
,,,,,,,,,,,,,,,,,,,,,
,,,,,,,,,,,,,,,,,,,,,
,,,,,,,,,,,,,,,,,,,,,
,,,,,,,,,,,,,,,,,,,,,
,,,,,,,,,,,,,,,,,,,,,
,,,,,,,,,,,,,,,,,,,,,
,,,,,,,,,,,,,,,,,,,,,
,,,,,,,,,,,,,,,,,,,,,
,,,,,,,,,,,,,,,,,,,,,
,,,,,,,,,,,,,,,,,,,,,
,,,,,,,,,,,,,,,,,,,,,
,,,,,,,,,,,,,,,,,,,,,
,,,,,,,,,,,,,,,,,,,,,
,,,,,,,,,,,,,,,,,,,,,
,,,,,,,,,,,,,,,,,,,,,
,,,,,,,,,,,,,,,,,,,,,
,,,,,,,,,,,,,,,,,,,,,
,,,,,,,,,,,,,,,,,,,,,
,,,,,,,,,,,,,,,,,,,,,
,,,,,,,,,,,,,,,,,,,,,
,,,,,,,,,,,,,,,,,,,,,
,,,,,,,,,,,,,,,,,,,,,
,,,,,,,,,,,,,,,,,,,,,
,,,,,,,,,,,,,,,,,,,,,
,,,,,,,,,,,,,,,,,,,,,
,,,,,,,,,,,,,,,,,,,,,
,,,,,,,,,,,,,,,,,,,,,
,,,,,,,,,,,,,,,,,,,,,
,,,,,,,,,,,,,,,,,,,,,
,,,,,,,,,,,,,,,,,,,,,
,,,,,,,,,,,,,,,,,,,,,
,,,,,,,,,,,,,,,,,,,,,
,,,,,,,,,,,,,,,,,,,,,
,,,,,,,,,,,,,,,,,,,,,
,,,,,,,,,,,,,,,,,,,,,
,,,,,,,,,,,,,,,,,,,,,
,,,,,,,,,,,,,,,,,,,,,
,,,,,,,,,,,,,,,,,,,,,
,,,,,,,,,,,,,,,,,,,,,
,,,,,,,,,,,,,,,,,,,,,
,,,,,,,,,,,,,,,,,,,,,
,,,,,,,,,,,,,,,,,,,,,
,,,,,,,,,,,,,,,,,,,,,
,,,,,,,,,,,,,,,,,,,,,
,,,,,,,,,,,,,,,,,,,,,
,,,,,,,,,,,,,,,,,,,,,
,,,,,,,,,,,,,,,,,,,,,
,,,,,,,,,,,,,,,,,,,,,
,,,,,,,,,,,,,,,,,,,,,
,,,,,,,,,,,,,,,,,,,,,
,,,,,,,,,,,,,,,,,,,,,
,,,,,,,,,,,,,,,,,,,,,
,,,,,,,,,,,,,,,,,,,,,
,,,,,,,,,,,,,,,,,,,,,
,,,,,,,,,,,,,,,,,,,,,
,,,,,,,,,,,,,,,,,,,,,
,,,,,,,,,,,,,,,,,,,,,
,,,,,,,,,,,,,,,,,,,,,
,,,,,,,,,,,,,,,,,,,,,
,,,,,,,,,,,,,,,,,,,,,
,,,,,,,,,,,,,,,,,,,,,
,,,,,,,,,,,,,,,,,,,,,
,,,,,,,,,,,,,,,,,,,,,
,,,,,,,,,,,,,,,,,,,,,
,,,,,,,,,,,,,,,,,,,,,
,,,,,,,,,,,,,,,,,,,,,
,,,,,,,,,,,,,,,,,,,,,
,,,,,,,,,,,,,,,,,,,,,
,,,,,,,,,,,,,,,,,,,,,
,,,,,,,,,,,,,,,,,,,,,
,,,,,,,,,,,,,,,,,,,,,
,,,,,,,,,,,,,,,,,,,,,
,,,,,,,,,,,,,,,,,,,,,
,,,,,,,,,,,,,,,,,,,,,
,,,,,,,,,,,,,,,,,,,,,
,,,,,,,,,,,,,,,,,,,,,
,,,,,,,,,,,,,,,,,,,,,
,,,,,,,,,,,,,,,,,,,,,
,,,,,,,,,,,,,,,,,,,,,
,,,,,,,,,,,,,,,,,,,,,
,,,,,,,,,,,,,,,,,,,,,
,,,,,,,,,,,,,,,,,,,,,
,,,,,,,,,,,,,,,,,,,,,
,,,,,,,,,,,,,,,,,,,,,
,,,,,,,,,,,,,,,,,,,,,
,,,,,,,,,,,,,,,,,,,,,
,,,,,,,,,,,,,,,,,,,,,
,,,,,,,,,,,,,,,,,,,,,
,,,,,,,,,,,,,,,,,,,,,
,,,,,,,,,,,,,,,,,,,,,
,,,,,,,,,,,,,,,,,,,,,
,,,,,,,,,,,,,,,,,,,,,
,,,,,,,,,,,,,,,,,,,,,
,,,,,,,,,,,,,,,,,,,,,
,,,,,,,,,,,,,,,,,,,,,
,,,,,,,,,,,,,,,,,,,,,
,,,,,,,,,,,,,,,,,,,,,
,,,,,,,,,,,,,,,,,,,,,
,,,,,,,,,,,,,,,,,,,,,
,,,,,,,,,,,,,,,,,,,,,
,,,,,,,,,,,,,,,,,,,,,
,,,,,,,,,,,,,,,,,,,,,
,,,,,,,,,,,,,,,,,,,,,
,,,,,,,,,,,,,,,,,,,,,
,,,,,,,,,,,,,,,,,,,,,
,,,,,,,,,,,,,,,,,,,,,
,,,,,,,,,,,,,,,,,,,,,
,,,,,,,,,,,,,,,,,,,,,
,,,,,,,,,,,,,,,,,,,,,
,,,,,,,,,,,,,,,,,,,,,
,,,,,,,,,,,,,,,,,,,,,
,,,,,,,,,,,,,,,,,,,,,
,,,,,,,,,,,,,,,,,,,,,
,,,,,,,,,,,,,,,,,,,,,
,,,,,,,,,,,,,,,,,,,,,
,,,,,,,,,,,,,,,,,,,,,
,,,,,,,,,,,,,,,,,,,,,
,,,,,,,,,,,,,,,,,,,,,
,,,,,,,,,,,,,,,,,,,,,
,,,,,,,,,,,,,,,,,,,,,
,,,,,,,,,,,,,,,,,,,,,
,,,,,,,,,,,,,,,,,,,,,
,,,,,,,,,,,,,,,,,,,,,
,,,,,,,,,,,,,,,,,,,,,
,,,,,,,,,,,,,,,,,,,,,
,,,,,,,,,,,,,,,,,,,,,
,,,,,,,,,,,,,,,,,,,,,
,,,,,,,,,,,,,,,,,,,,,
,,,,,,,,,,,,,,,,,,,,,
,,,,,,,,,,,,,,,,,,,,,
,,,,,,,,,,,,,,,,,,,,,
,,,,,,,,,,,,,,,,,,,,,
,,,,,,,,,,,,,,,,,,,,,
,,,,,,,,,,,,,,,,,,,,,
,,,,,,,,,,,,,,,,,,,,,
,,,,,,,,,,,,,,,,,,,,,
,,,,,,,,,,,,,,,,,,,,,
,,,,,,,,,,,,,,,,,,,,,
,,,,,,,,,,,,,,,,,,,,,
,,,,,,,,,,,,,,,,,,,,,
,,,,,,,,,,,,,,,,,,,,,
,,,,,,,,,,,,,,,,,,,,,
,,,,,,,,,,,,,,,,,,,,,
,,,,,,,,,,,,,,,,,,,,,
,,,,,,,,,,,,,,,,,,,,,
,,,,,,,,,,,,,,,,,,,,,
,,,,,,,,,,,,,,,,,,,,,
,,,,,,,,,,,,,,,,,,,,,
,,,,,,,,,,,,,,,,,,,,,
,,,,,,,,,,,,,,,,,,,,,
,,,,,,,,,,,,,,,,,,,,,
,,,,,,,,,,,,,,,,,,,,,
,,,,,,,,,,,,,,,,,,,,,
,,,,,,,,,,,,,,,,,,,,,
,,,,,,,,,,,,,,,,,,,,,
,,,,,,,,,,,,,,,,,,,,,
,,,,,,,,,,,,,,,,,,,,,
,,,,,,,,,,,,,,,,,,,,,
,,,,,,,,,,,,,,,,,,,,,
,,,,,,,,,,,,,,,,,,,,,
,,,,,,,,,,,,,,,,,,,,,
,,,,,,,,,,,,,,,,,,,,,
,,,,,,,,,,,,,,,,,,,,,
,,,,,,,,,,,,,,,,,,,,,
,,,,,,,,,,,,,,,,,,,,,
,,,,,,,,,,,,,,,,,,,,,
,,,,,,,,,,,,,,,,,,,,,
,,,,,,,,,,,,,,,,,,,,,
,,,,,,,,,,,,,,,,,,,,,
,,,,,,,,,,,,,,,,,,,,,
,,,,,,,,,,,,,,,,,,,,,
,,,,,,,,,,,,,,,,,,,,,
,,,,,,,,,,,,,,,,,,,,,
,,,,,,,,,,,,,,,,,,,,,
,,,,,,,,,,,,,,,,,,,,,
,,,,,,,,,,,,,,,,,,,,,
,,,,,,,,,,,,,,,,,,,,,
,,,,,,,,,,,,,,,,,,,,,
,,,,,,,,,,,,,,,,,,,,,
,,,,,,,,,,,,,,,,,,,,,
,,,,,,,,,,,,,,,,,,,,,
,,,,,,,,,,,,,,,,,,,,,
,,,,,,,,,,,,,,,,,,,,,
,,,,,,,,,,,,,,,,,,,,,
,,,,,,,,,,,,,,,,,,,,,
,,,,,,,,,,,,,,,,,,,,,
,,,,,,,,,,,,,,,,,,,,,
,,,,,,,,,,,,,,,,,,,,,
,,,,,,,,,,,,,,,,,,,,,
,,,,,,,,,,,,,,,,,,,,,
,,,,,,,,,,,,,,,,,,,,,
,,,,,,,,,,,,,,,,,,,,,
,,,,,,,,,,,,,,,,,,,,,
,,,,,,,,,,,,,,,,,,,,,
,,,,,,,,,,,,,,,,,,,,,
,,,,,,,,,,,,,,,,,,,,,
,,,,,,,,,,,,,,,,,,,,,
,,,,,,,,,,,,,,,,,,,,,
,,,,,,,,,,,,,,,,,,,,,
,,,,,,,,,,,,,,,,,,,,,
,,,,,,,,,,,,,,,,,,,,,
,,,,,,,,,,,,,,,,,,,,,
,,,,,,,,,,,,,,,,,,,,,
,,,,,,,,,,,,,,,,,,,,,
,,,,,,,,,,,,,,,,,,,,,
,,,,,,,,,,,,,,,,,,,,,
,,,,,,,,,,,,,,,,,,,,,
,,,,,,,,,,,,,,,,,,,,,
,,,,,,,,,,,,,,,,,,,,,
,,,,,,,,,,,,,,,,,,,,,
,,,,,,,,,,,,,,,,,,,,,
,,,,,,,,,,,,,,,,,,,,,
,,,,,,,,,,,,,,,,,,,,,
,,,,,,,,,,,,,,,,,,,,,
,,,,,,,,,,,,,,,,,,,,,
,,,,,,,,,,,,,,,,,,,,,
,,,,,,,,,,,,,,,,,,,,,
,,,,,,,,,,,,,,,,,,,,,
,,,,,,,,,,,,,,,,,,,,,
,,,,,,,,,,,,,,,,,,,,,
,,,,,,,,,,,,,,,,,,,,,
,,,,,,,,,,,,,,,,,,,,,
,,,,,,,,,,,,,,,,,,,,,
,,,,,,,,,,,,,,,,,,,,,
,,,,,,,,,,,,,,,,,,,,,
,,,,,,,,,,,,,,,,,,,,,
,,,,,,,,,,,,,,,,,,,,,
,,,,,,,,,,,,,,,,,,,,,
,,,,,,,,,,,,,,,,,,,,,
,,,,,,,,,,,,,,,,,,,,,
,,,,,,,,,,,,,,,,,,,,,
,,,,,,,,,,,,,,,,,,,,,
,,,,,,,,,,,,,,,,,,,,,
,,,,,,,,,,,,,,,,,,,,,
,,,,,,,,,,,,,,,,,,,,,
,,,,,,,,,,,,,,,,,,,,,
,,,,,,,,,,,,,,,,,,,,,
,,,,,,,,,,,,,,,,,,,,,
,,,,,,,,,,,,,,,,,,,,,
,,,,,,,,,,,,,,,,,,,,,
,,,,,,,,,,,,,,,,,,,,,
,,,,,,,,,,,,,,,,,,,,,
,,,,,,,,,,,,,,,,,,,,,
,,,,,,,,,,,,,,,,,,,,,
,,,,,,,,,,,,,,,,,,,,,
,,,,,,,,,,,,,,,,,,,,,
,,,,,,,,,,,,,,,,,,,,,
,,,,,,,,,,,,,,,,,,,,,
,,,,,,,,,,,,,,,,,,,,,
,,,,,,,,,,,,,,,,,,,,,
,,,,,,,,,,,,,,,,,,,,,
,,,,,,,,,,,,,,,,,,,,,
,,,,,,,,,,,,,,,,,,,,,
,,,,,,,,,,,,,,,,,,,,,
,,,,,,,,,,,,,,,,,,,,,
,,,,,,,,,,,,,,,,,,,,,
,,,,,,,,,,,,,,,,,,,,,
,,,,,,,,,,,,,,,,,,,,,
,,,,,,,,,,,,,,,,,,,,,
,,,,,,,,,,,,,,,,,,,,,
,,,,,,,,,,,,,,,,,,,,,
,,,,,,,,,,,,,,,,,,,,,
,,,,,,,,,,,,,,,,,,,,,
,,,,,,,,,,,,,,,,,,,,,
,,,,,,,,,,,,,,,,,,,,,
,,,,,,,,,,,,,,,,,,,,,
,,,,,,,,,,,,,,,,,,,,,
,,,,,,,,,,,,,,,,,,,,,
,,,,,,,,,,,,,,,,,,,,,
,,,,,,,,,,,,,,,,,,,,,
,,,,,,,,,,,,,,,,,,,,,
,,,,,,,,,,,,,,,,,,,,,
,,,,,,,,,,,,,,,,,,,,,
,,,,,,,,,,,,,,,,,,,,,
,,,,,,,,,,,,,,,,,,,,,
,,,,,,,,,,,,,,,,,,,,,
,,,,,,,,,,,,,,,,,,,,,
,,,,,,,,,,,,,,,,,,,,,
,,,,,,,,,,,,,,,,,,,,,
,,,,,,,,,,,,,,,,,,,,,
,,,,,,,,,,,,,,,,,,,,,
,,,,,,,,,,,,,,,,,,,,,
,,,,,,,,,,,,,,,,,,,,,
,,,,,,,,,,,,,,,,,,,,,
,,,,,,,,,,,,,,,,,,,,,
,,,,,,,,,,,,,,,,,,,,,
,,,,,,,,,,,,,,,,,,,,,
,,,,,,,,,,,,,,,,,,,,,
,,,,,,,,,,,,,,,,,,,,,
,,,,,,,,,,,,,,,,,,,,,
,,,,,,,,,,,,,,,,,,,,,
,,,,,,,,,,,,,,,,,,,,,
,,,,,,,,,,,,,,,,,,,,,
,,,,,,,,,,,,,,,,,,,,,
,,,,,,,,,,,,,,,,,,,,,
,,,,,,,,,,,,,,,,,,,,,
,,,,,,,,,,,,,,,,,,,,,
,,,,,,,,,,,,,,,,,,,,,
,,,,,,,,,,,,,,,,,,,,,
,,,,,,,,,,,,,,,,,,,,,
,,,,,,,,,,,,,,,,,,,,,
,,,,,,,,,,,,,,,,,,,,,
,,,,,,,,,,,,,,,,,,,,,
,,,,,,,,,,,,,,,,,,,,,
,,,,,,,,,,,,,,,,,,,,,
,,,,,,,,,,,,,,,,,,,,,
,,,,,,,,,,,,,,,,,,,,,
,,,,,,,,,,,,,,,,,,,,,
,,,,,,,,,,,,,,,,,,,,,
,,,,,,,,,,,,,,,,,,,,,
,,,,,,,,,,,,,,,,,,,,,
,,,,,,,,,,,,,,,,,,,,,
,,,,,,,,,,,,,,,,,,,,,
,,,,,,,,,,,,,,,,,,,,,
,,,,,,,,,,,,,,,,,,,,,
,,,,,,,,,,,,,,,,,,,,,
,,,,,,,,,,,,,,,,,,,,,
,,,,,,,,,,,,,,,,,,,,,
,,,,,,,,,,,,,,,,,,,,,
,,,,,,,,,,,,,,,,,,,,,
,,,,,,,,,,,,,,,,,,,,,
,,,,,,,,,,,,,,,,,,,,,
,,,,,,,,,,,,,,,,,,,,,
,,,,,,,,,,,,,,,,,,,,,
,,,,,,,,,,,,,,,,,,,,,
,,,,,,,,,,,,,,,,,,,,,
,,,,,,,,,,,,,,,,,,,,,
,,,,,,,,,,,,,,,,,,,,,
,,,,,,,,,,,,,,,,,,,,,
,,,,,,,,,,,,,,,,,,,,,
,,,,,,,,,,,,,,,,,,,,,
,,,,,,,,,,,,,,,,,,,,,
,,,,,,,,,,,,,,,,,,,,,
,,,,,,,,,,,,,,,,,,,,,
,,,,,,,,,,,,,,,,,,,,,
,,,,,,,,,,,,,,,,,,,,,
,,,,,,,,,,,,,,,,,,,,,
,,,,,,,,,,,,,,,,,,,,,
,,,,,,,,,,,,,,,,,,,,,
,,,,,,,,,,,,,,,,,,,,,
,,,,,,,,,,,,,,,,,,,,,
,,,,,,,,,,,,,,,,,,,,,
,,,,,,,,,,,,,,,,,,,,,
,,,,,,,,,,,,,,,,,,,,,
,,,,,,,,,,,,,,,,,,,,,
,,,,,,,,,,,,,,,,,,,,,
,,,,,,,,,,,,,,,,,,,,,
,,,,,,,,,,,,,,,,,,,,,
,,,,,,,,,,,,,,,,,,,,,
,,,,,,,,,,,,,,,,,,,,,
,,,,,,,,,,,,,,,,,,,,,
,,,,,,,,,,,,,,,,,,,,,
,,,,,,,,,,,,,,,,,,,,,
,,,,,,,,,,,,,,,,,,,,,
,,,,,,,,,,,,,,,,,,,,,
,,,,,,,,,,,,,,,,,,,,,
,,,,,,,,,,,,,,,,,,,,,
,,,,,,,,,,,,,,,,,,,,,
,,,,,,,,,,,,,,,,,,,,,
,,,,,,,,,,,,,,,,,,,,,
,,,,,,,,,,,,,,,,,,,,,
,,,,,,,,,,,,,,,,,,,,,
,,,,,,,,,,,,,,,,,,,,,
,,,,,,,,,,,,,,,,,,,,,
,,,,,,,,,,,,,,,,,,,,,
,,,,,,,,,,,,,,,,,,,,,
,,,,,,,,,,,,,,,,,,,,,
,,,,,,,,,,,,,,,,,,,,,
,,,,,,,,,,,,,,,,,,,,,
,,,,,,,,,,,,,,,,,,,,,
,,,,,,,,,,,,,,,,,,,,,
,,,,,,,,,,,,,,,,,,,,,
,,,,,,,,,,,,,,,,,,,,,
,,,,,,,,,,,,,,,,,,,,,
,,,,,,,,,,,,,,,,,,,,,
,,,,,,,,,,,,,,,,,,,,,
,,,,,,,,,,,,,,,,,,,,,
,,,,,,,,,,,,,,,,,,,,,
,,,,,,,,,,,,,,,,,,,,,
,,,,,,,,,,,,,,,,,,,,,
,,,,,,,,,,,,,,,,,,,,,
,,,,,,,,,,,,,,,,,,,,,
,,,,,,,,,,,,,,,,,,,,,
,,,,,,,,,,,,,,,,,,,,,
,,,,,,,,,,,,,,,,,,,,,
,,,,,,,,,,,,,,,,,,,,,
,,,,,,,,,,,,,,,,,,,,,
,,,,,,,,,,,,,,,,,,,,,
,,,,,,,,,,,,,,,,,,,,,
,,,,,,,,,,,,,,,,,,,,,
,,,,,,,,,,,,,,,,,,,,,
,,,,,,,,,,,,,,,,,,,,,
,,,,,,,,,,,,,,,,,,,,,
,,,,,,,,,,,,,,,,,,,,,
,,,,,,,,,,,,,,,,,,,,,
,,,,,,,,,,,,,,,,,,,,,
,,,,,,,,,,,,,,,,,,,,,
,,,,,,,,,,,,,,,,,,,,,
,,,,,,,,,,,,,,,,,,,,,
,,,,,,,,,,,,,,,,,,,,,
,,,,,,,,,,,,,,,,,,,,,
,,,,,,,,,,,,,,,,,,,,,
,,,,,,,,,,,,,,,,,,,,,
,,,,,,,,,,,,,,,,,,,,,
,,,,,,,,,,,,,,,,,,,,,
,,,,,,,,,,,,,,,,,,,,,
,,,,,,,,,,,,,,,,,,,,,
,,,,,,,,,,,,,,,,,,,,,
,,,,,,,,,,,,,,,,,,,,,
,,,,,,,,,,,,,,,,,,,,,
,,,,,,,,,,,,,,,,,,,,,
,,,,,,,,,,,,,,,,,,,,,
,,,,,,,,,,,,,,,,,,,,,
,,,,,,,,,,,,,,,,,,,,,
,,,,,,,,,,,,,,,,,,,,,
,,,,,,,,,,,,,,,,,,,,,
,,,,,,,,,,,,,,,,,,,,,
,,,,,,,,,,,,,,,,,,,,,
,,,,,,,,,,,,,,,,,,,,,
,,,,,,,,,,,,,,,,,,,,,
,,,,,,,,,,,,,,,,,,,,,
,,,,,,,,,,,,,,,,,,,,,
,,,,,,,,,,,,,,,,,,,,,
,,,,,,,,,,,,,,,,,,,,,
,,,,,,,,,,,,,,,,,,,,,
,,,,,,,,,,,,,,,,,,,,,
,,,,,,,,,,,,,,,,,,,,,
,,,,,,,,,,,,,,,,,,,,,
,,,,,,,,,,,,,,,,,,,,,
,,,,,,,,,,,,,,,,,,,,,
,,,,,,,,,,,,,,,,,,,,,
,,,,,,,,,,,,,,,,,,,,,
,,,,,,,,,,,,,,,,,,,,,
,,,,,,,,,,,,,,,,,,,,,
,,,,,,,,,,,,,,,,,,,,,
,,,,,,,,,,,,,,,,,,,,,
,,,,,,,,,,,,,,,,,,,,,
,,,,,,,,,,,,,,,,,,,,,
,,,,,,,,,,,,,,,,,,,,,
,,,,,,,,,,,,,,,,,,,,,
,,,,,,,,,,,,,,,,,,,,,
,,,,,,,,,,,,,,,,,,,,,
,,,,,,,,,,,,,,,,,,,,,
,,,,,,,,,,,,,,,,,,,,,
,,,,,,,,,,,,,,,,,,,,,
,,,,,,,,,,,,,,,,,,,,,
,,,,,,,,,,,,,,,,,,,,,
,,,,,,,,,,,,,,,,,,,,,
,,,,,,,,,,,,,,,,,,,,,
,,,,,,,,,,,,,,,,,,,,,
,,,,,,,,,,,,,,,,,,,,,
,,,,,,,,,,,,,,,,,,,,,
,,,,,,,,,,,,,,,,,,,,,
,,,,,,,,,,,,,,,,,,,,,
,,,,,,,,,,,,,,,,,,,,,
,,,,,,,,,,,,,,,,,,,,,
,,,,,,,,,,,,,,,,,,,,,
,,,,,,,,,,,,,,,,,,,,,
,,,,,,,,,,,,,,,,,,,,,
,,,,,,,,,,,,,,,,,,,,,
,,,,,,,,,,,,,,,,,,,,,
,,,,,,,,,,,,,,,,,,,,,
,,,,,,,,,,,,,,,,,,,,,
,,,,,,,,,,,,,,,,,,,,,
,,,,,,,,,,,,,,,,,,,,,
,,,,,,,,,,,,,,,,,,,,,
,,,,,,,,,,,,,,,,,,,,,
,,,,,,,,,,,,,,,,,,,,,
,,,,,,,,,,,,,,,,,,,,,
,,,,,,,,,,,,,,,,,,,,,
,,,,,,,,,,,,,,,,,,,,,
,,,,,,,,,,,,,,,,,,,,,
,,,,,,,,,,,,,,,,,,,,,
,,,,,,,,,,,,,,,,,,,,,
,,,,,,,,,,,,,,,,,,,,,
,,,,,,,,,,,,,,,,,,,,,
,,,,,,,,,,,,,,,,,,,,,
,,,,,,,,,,,,,,,,,,,,,
,,,,,,,,,,,,,,,,,,,,,
,,,,,,,,,,,,,,,,,,,,,
,,,,,,,,,,,,,,,,,,,,,
,,,,,,,,,,,,,,,,,,,,,
,,,,,,,,,,,,,,,,,,,,,
,,,,,,,,,,,,,,,,,,,,,
,,,,,,,,,,,,,,,,,,,,,
,,,,,,,,,,,,,,,,,,,,,
,,,,,,,,,,,,,,,,,,,,,
,,,,,,,,,,,,,,,,,,,,,
,,,,,,,,,,,,,,,,,,,,,
,,,,,,,,,,,,,,,,,,,,,
,,,,,,,,,,,,,,,,,,,,,
,,,,,,,,,,,,,,,,,,,,,
,,,,,,,,,,,,,,,,,,,,,
,,,,,,,,,,,,,,,,,,,,,
,,,,,,,,,,,,,,,,,,,,,
,,,,,,,,,,,,,,,,,,,,,
,,,,,,,,,,,,,,,,,,,,,
,,,,,,,,,,,,,,,,,,,,,
,,,,,,,,,,,,,,,,,,,,,
,,,,,,,,,,,,,,,,,,,,,
,,,,,,,,,,,,,,,,,,,,,
,,,,,,,,,,,,,,,,,,,,,
,,,,,,,,,,,,,,,,,,,,,
,,,,,,,,,,,,,,,,,,,,,
,,,,,,,,,,,,,,,,,,,,,
,,,,,,,,,,,,,,,,,,,,,
,,,,,,,,,,,,,,,,,,,,,
,,,,,,,,,,,,,,,,,,,,,
,,,,,,,,,,,,,,,,,,,,,
,,,,,,,,,,,,,,,,,,,,,
,,,,,,,,,,,,,,,,,,,,,
,,,,,,,,,,,,,,,,,,,,,
,,,,,,,,,,,,,,,,,,,,,
,,,,,,,,,,,,,,,,,,,,,
,,,,,,,,,,,,,,,,,,,,,
,,,,,,,,,,,,,,,,,,,,,
,,,,,,,,,,,,,,,,,,,,,
,,,,,,,,,,,,,,,,,,,,,
,,,,,,,,,,,,,,,,,,,,,
,,,,,,,,,,,,,,,,,,,,,
,,,,,,,,,,,,,,,,,,,,,
,,,,,,,,,,,,,,,,,,,,,
,,,,,,,,,,,,,,,,,,,,,
,,,,,,,,,,,,,,,,,,,,,
,,,,,,,,,,,,,,,,,,,,,
,,,,,,,,,,,,,,,,,,,,,
,,,,,,,,,,,,,,,,,,,,,
,,,,,,,,,,,,,,,,,,,,,
,,,,,,,,,,,,,,,,,,,,,
,,,,,,,,,,,,,,,,,,,,,
,,,,,,,,,,,,,,,,,,,,,
,,,,,,,,,,,,,,,,,,,,,
,,,,,,,,,,,,,,,,,,,,,
,,,,,,,,,,,,,,,,,,,,,
,,,,,,,,,,,,,,,,,,,,,
,,,,,,,,,,,,,,,,,,,,,
,,,,,,,,,,,,,,,,,,,,,
,,,,,,,,,,,,,,,,,,,,,
,,,,,,,,,,,,,,,,,,,,,
,,,,,,,,,,,,,,,,,,,,,
,,,,,,,,,,,,,,,,,,,,,
,,,,,,,,,,,,,,,,,,,,,
,,,,,,,,,,,,,,,,,,,,,
,,,,,,,,,,,,,,,,,,,,,
,,,,,,,,,,,,,,,,,,,,,
,,,,,,,,,,,,,,,,,,,,,
,,,,,,,,,,,,,,,,,,,,,
,,,,,,,,,,,,,,,,,,,,,
,,,,,,,,,,,,,,,,,,,,,
,,,,,,,,,,,,,,,,,,,,,
,,,,,,,,,,,,,,,,,,,,,
,,,,,,,,,,,,,,,,,,,,,
,,,,,,,,,,,,,,,,,,,,,
,,,,,,,,,,,,,,,,,,,,,
,,,,,,,,,,,,,,,,,,,,,
,,,,,,,,,,,,,,,,,,,,,
,,,,,,,,,,,,,,,,,,,,,
,,,,,,,,,,,,,,,,,,,,,
,,,,,,,,,,,,,,,,,,,,,
,,,,,,,,,,,,,,,,,,,,,
,,,,,,,,,,,,,,,,,,,,,
,,,,,,,,,,,,,,,,,,,,,
,,,,,,,,,,,,,,,,,,,,,
,,,,,,,,,,,,,,,,,,,,,
,,,,,,,,,,,,,,,,,,,,,
,,,,,,,,,,,,,,,,,,,,,
,,,,,,,,,,,,,,,,,,,,,
,,,,,,,,,,,,,,,,,,,,,
,,,,,,,,,,,,,,,,,,,,,
,,,,,,,,,,,,,,,,,,,,,
,,,,,,,,,,,,,,,,,,,,,
,,,,,,,,,,,,,,,,,,,,,
,,,,,,,,,,,,,,,,,,,,,
,,,,,,,,,,,,,,,,,,,,,
,,,,,,,,,,,,,,,,,,,,,
,,,,,,,,,,,,,,,,,,,,,
,,,,,,,,,,,,,,,,,,,,,
,,,,,,,,,,,,,,,,,,,,,
,,,,,,,,,,,,,,,,,,,,,
,,,,,,,,,,,,,,,,,,,,,
,,,,,,,,,,,,,,,,,,,,,
,,,,,,,,,,,,,,,,,,,,,
,,,,,,,,,,,,,,,,,,,,,
,,,,,,,,,,,,,,,,,,,,,
,,,,,,,,,,,,,,,,,,,,,
,,,,,,,,,,,,,,,,,,,,,
,,,,,,,,,,,,,,,,,,,,,
,,,,,,,,,,,,,,,,,,,,,
,,,,,,,,,,,,,,,,,,,,,
,,,,,,,,,,,,,,,,,,,,,
,,,,,,,,,,,,,,,,,,,,,
,,,,,,,,,,,,,,,,,,,,,
,,,,,,,,,,,,,,,,,,,,,
,,,,,,,,,,,,,,,,,,,,,
,,,,,,,,,,,,,,,,,,,,,
,,,,,,,,,,,,,,,,,,,,,
,,,,,,,,,,,,,,,,,,,,,
,,,,,,,,,,,,,,,,,,,,,
,,,,,,,,,,,,,,,,,,,,,
,,,,,,,,,,,,,,,,,,,,,
,,,,,,,,,,,,,,,,,,,,,
,,,,,,,,,,,,,,,,,,,,,
,,,,,,,,,,,,,,,,,,,,,
,,,,,,,,,,,,,,,,,,,,,
,,,,,,,,,,,,,,,,,,,,,
,,,,,,,,,,,,,,,,,,,,,
,,,,,,,,,,,,,,,,,,,,,
,,,,,,,,,,,,,,,,,,,,,
,,,,,,,,,,,,,,,,,,,,,
,,,,,,,,,,,,,,,,,,,,,
,,,,,,,,,,,,,,,,,,,,,
,,,,,,,,,,,,,,,,,,,,,
,,,,,,,,,,,,,,,,,,,,,
,,,,,,,,,,,,,,,,,,,,,
,,,,,,,,,,,,,,,,,,,,,
,,,,,,,,,,,,,,,,,,,,,
,,,,,,,,,,,,,,,,,,,,,
,,,,,,,,,,,,,,,,,,,,,
,,,,,,,,,,,,,,,,,,,,,
,,,,,,,,,,,,,,,,,,,,,
,,,,,,,,,,,,,,,,,,,,,
,,,,,,,,,,,,,,,,,,,,,
,,,,,,,,,,,,,,,,,,,,,
,,,,,,,,,,,,,,,,,,,,,
,,,,,,,,,,,,,,,,,,,,,
,,,,,,,,,,,,,,,,,,,,,
,,,,,,,,,,,,,,,,,,,,,
,,,,,,,,,,,,,,,,,,,,,
,,,,,,,,,,,,,,,,,,,,,
,,,,,,,,,,,,,,,,,,,,,
,,,,,,,,,,,,,,,,,,,,,
,,,,,,,,,,,,,,,,,,,,,
,,,,,,,,,,,,,,,,,,,,,
,,,,,,,,,,,,,,,,,,,,,
,,,,,,,,,,,,,,,,,,,,,
,,,,,,,,,,,,,,,,,,,,,
,,,,,,,,,,,,,,,,,,,,,
,,,,,,,,,,,,,,,,,,,,,
,,,,,,,,,,,,,,,,,,,,,
,,,,,,,,,,,,,,,,,,,,,
,,,,,,,,,,,,,,,,,,,,,
,,,,,,,,,,,,,,,,,,,,,
,,,,,,,,,,,,,,,,,,,,,
,,,,,,,,,,,,,,,,,,,,,
,,,,,,,,,,,,,,,,,,,,,
,,,,,,,,,,,,,,,,,,,,,
,,,,,,,,,,,,,,,,,,,,,
,,,,,,,,,,,,,,,,,,,,,
,,,,,,,,,,,,,,,,,,,,,
,,,,,,,,,,,,,,,,,,,,,
,,,,,,,,,,,,,,,,,,,,,
,,,,,,,,,,,,,,,,,,,,,
,,,,,,,,,,,,,,,,,,,,,
,,,,,,,,,,,,,,,,,,,,,
,,,,,,,,,,,,,,,,,,,,,
,,,,,,,,,,,,,,,,,,,,,
,,,,,,,,,,,,,,,,,,,,,
,,,,,,,,,,,,,,,,,,,,,
,,,,,,,,,,,,,,,,,,,,,
,,,,,,,,,,,,,,,,,,,,,
,,,,,,,,,,,,,,,,,,,,,
,,,,,,,,,,,,,,,,,,,,,
,,,,,,,,,,,,,,,,,,,,,
,,,,,,,,,,,,,,,,,,,,,
,,,,,,,,,,,,,,,,,,,,,
,,,,,,,,,,,,,,,,,,,,,
,,,,,,,,,,,,,,,,,,,,,
,,,,,,,,,,,,,,,,,,,,,
,,,,,,,,,,,,,,,,,,,,,
,,,,,,,,,,,,,,,,,,,,,
,,,,,,,,,,,,,,,,,,,,,
,,,,,,,,,,,,,,,,,,,,,
,,,,,,,,,,,,,,,,,,,,,
,,,,,,,,,,,,,,,,,,,,,
,,,,,,,,,,,,,,,,,,,,,
,,,,,,,,,,,,,,,,,,,,,
,,,,,,,,,,,,,,,,,,,,,
,,,,,,,,,,,,,,,,,,,,,
,,,,,,,,,,,,,,,,,,,,,
,,,,,,,,,,,,,,,,,,,,,
,,,,,,,,,,,,,,,,,,,,,
,,,,,,,,,,,,,,,,,,,,,
,,,,,,,,,,,,,,,,,,,,,
,,,,,,,,,,,,,,,,,,,,,
,,,,,,,,,,,,,,,,,,,,,
,,,,,,,,,,,,,,,,,,,,,
,,,,,,,,,,,,,,,,,,,,,
,,,,,,,,,,,,,,,,,,,,,
,,,,,,,,,,,,,,,,,,,,,
,,,,,,,,,,,,,,,,,,,,,
,,,,,,,,,,,,,,,,,,,,,
,,,,,,,,,,,,,,,,,,,,,
,,,,,,,,,,,,,,,,,,,,,
,,,,,,,,,,,,,,,,,,,,,
,,,,,,,,,,,,,,,,,,,,,
,,,,,,,,,,,,,,,,,,,,,
,,,,,,,,,,,,,,,,,,,,,
,,,,,,,,,,,,,,,,,,,,,
,,,,,,,,,,,,,,,,,,,,,
,,,,,,,,,,,,,,,,,,,,,
,,,,,,,,,,,,,,,,,,,,,
,,,,,,,,,,,,,,,,,,,,,
,,,,,,,,,,,,,,,,,,,,,
,,,,,,,,,,,,,,,,,,,,,
,,,,,,,,,,,,,,,,,,,,,
,,,,,,,,,,,,,,,,,,,,,
,,,,,,,,,,,,,,,,,,,,,
,,,,,,,,,,,,,,,,,,,,,
,,,,,,,,,,,,,,,,,,,,,
,,,,,,,,,,,,,,,,,,,,,
,,,,,,,,,,,,,,,,,,,,,
,,,,,,,,,,,,,,,,,,,,,
,,,,,,,,,,,,,,,,,,,,,
,,,,,,,,,,,,,,,,,,,,,
,,,,,,,,,,,,,,,,,,,,,
,,,,,,,,,,,,,,,,,,,,,
,,,,,,,,,,,,,,,,,,,,,
,,,,,,,,,,,,,,,,,,,,,
,,,,,,,,,,,,,,,,,,,,,
,,,,,,,,,,,,,,,,,,,,,
,,,,,,,,,,,,,,,,,,,,,
,,,,,,,,,,,,,,,,,,,,,
,,,,,,,,,,,,,,,,,,,,,
,,,,,,,,,,,,,,,,,,,,,
,,,,,,,,,,,,,,,,,,,,,
,,,,,,,,,,,,,,,,,,,,,
,,,,,,,,,,,,,,,,,,,,,
,,,,,,,,,,,,,,,,,,,,,
,,,,,,,,,,,,,,,,,,,,,
,,,,,,,,,,,,,,,,,,,,,
,,,,,,,,,,,,,,,,,,,,,
,,,,,,,,,,,,,,,,,,,,,
,,,,,,,,,,,,,,,,,,,,,
,,,,,,,,,,,,,,,,,,,,,
,,,,,,,,,,,,,,,,,,,,,
,,,,,,,,,,,,,,,,,,,,,
,,,,,,,,,,,,,,,,,,,,,
,,,,,,,,,,,,,,,,,,,,,
,,,,,,,,,,,,,,,,,,,,,
,,,,,,,,,,,,,,,,,,,,,
,,,,,,,,,,,,,,,,,,,,,
,,,,,,,,,,,,,,,,,,,,,
,,,,,,,,,,,,,,,,,,,,,
,,,,,,,,,,,,,,,,,,,,,
,,,,,,,,,,,,,,,,,,,,,
,,,,,,,,,,,,,,,,,,,,,
,,,,,,,,,,,,,,,,,,,,,
,,,,,,,,,,,,,,,,,,,,,
,,,,,,,,,,,,,,,,,,,,,
,,,,,,,,,,,,,,,,,,,,,
,,,,,,,,,,,,,,,,,,,,,
,,,,,,,,,,,,,,,,,,,,,
,,,,,,,,,,,,,,,,,,,,,
,,,,,,,,,,,,,,,,,,,,,
,,,,,,,,,,,,,,,,,,,,,
,,,,,,,,,,,,,,,,,,,,,
,,,,,,,,,,,,,,,,,,,,,
,,,,,,,,,,,,,,,,,,,,,
,,,,,,,,,,,,,,,,,,,,,
,,,,,,,,,,,,,,,,,,,,,
,,,,,,,,,,,,,,,,,,,,,
,,,,,,,,,,,,,,,,,,,,,
,,,,,,,,,,,,,,,,,,,,,
,,,,,,,,,,,,,,,,,,,,,
,,,,,,,,,,,,,,,,,,,,,
,,,,,,,,,,,,,,,,,,,,,
,,,,,,,,,,,,,,,,,,,,,
,,,,,,,,,,,,,,,,,,,,,
,,,,,,,,,,,,,,,,,,,,,
,,,,,,,,,,,,,,,,,,,,,
,,,,,,,,,,,,,,,,,,,,,
,,,,,,,,,,,,,,,,,,,,,
,,,,,,,,,,,,,,,,,,,,,
,,,,,,,,,,,,,,,,,,,,,
,,,,,,,,,,,,,,,,,,,,,
,,,,,,,,,,,,,,,,,,,,,
,,,,,,,,,,,,,,,,,,,,,
,,,,,,,,,,,,,,,,,,,,,
,,,,,,,,,,,,,,,,,,,,,
,,,,,,,,,,,,,,,,,,,,,
,,,,,,,,,,,,,,,,,,,,,
,,,,,,,,,,,,,,,,,,,,,
,,,,,,,,,,,,,,,,,,,,,
,,,,,,,,,,,,,,,,,,,,,
,,,,,,,,,,,,,,,,,,,,,
,,,,,,,,,,,,,,,,,,,,,
,,,,,,,,,,,,,,,,,,,,,
,,,,,,,,,,,,,,,,,,,,,
,,,,,,,,,,,,,,,,,,,,,
,,,,,,,,,,,,,,,,,,,,,
,,,,,,,,,,,,,,,,,,,,,
,,,,,,,,,,,,,,,,,,,,,
,,,,,,,,,,,,,,,,,,,,,
,,,,,,,,,,,,,,,,,,,,,
,,,,,,,,,,,,,,,,,,,,,
,,,,,,,,,,,,,,,,,,,,,
,,,,,,,,,,,,,,,,,,,,,
,,,,,,,,,,,,,,,,,,,,,
,,,,,,,,,,,,,,,,,,,,,
,,,,,,,,,,,,,,,,,,,,,
,,,,,,,,,,,,,,,,,,,,,
,,,,,,,,,,,,,,,,,,,,,
,,,,,,,,,,,,,,,,,,,,,
,,,,,,,,,,,,,,,,,,,,,
,,,,,,,,,,,,,,,,,,,,,
,,,,,,,,,,,,,,,,,,,,,
,,,,,,,,,,,,,,,,,,,,,
,,,,,,,,,,,,,,,,,,,,,
,,,,,,,,,,,,,,,,,,,,,
,,,,,,,,,,,,,,,,,,,,,
,,,,,,,,,,,,,,,,,,,,,
,,,,,,,,,,,,,,,,,,,,,
,,,,,,,,,,,,,,,,,,,,,
,,,,,,,,,,,,,,,,,,,,,
,,,,,,,,,,,,,,,,,,,,,
,,,,,,,,,,,,,,,,,,,,,
,,,,,,,,,,,,,,,,,,,,,
,,,,,,,,,,,,,,,,,,,,,
,,,,,,,,,,,,,,,,,,,,,
,,,,,,,,,,,,,,,,,,,,,
,,,,,,,,,,,,,,,,,,,,,
,,,,,,,,,,,,,,,,,,,,,
,,,,,,,,,,,,,,,,,,,,,
,,,,,,,,,,,,,,,,,,,,,
,,,,,,,,,,,,,,,,,,,,,
,,,,,,,,,,,,,,,,,,,,,
,,,,,,,,,,,,,,,,,,,,,
,,,,,,,,,,,,,,,,,,,,,
,,,,,,,,,,,,,,,,,,,,,
,,,,,,,,,,,,,,,,,,,,,
,,,,,,,,,,,,,,,,,,,,,
,,,,,,,,,,,,,,,,,,,,,
,,,,,,,,,,,,,,,,,,,,,
,,,,,,,,,,,,,,,,,,,,,
,,,,,,,,,,,,,,,,,,,,,
,,,,,,,,,,,,,,,,,,,,,
,,,,,,,,,,,,,,,,,,,,,
,,,,,,,,,,,,,,,,,,,,,
,,,,,,,,,,,,,,,,,,,,,
,,,,,,,,,,,,,,,,,,,,,
,,,,,,,,,,,,,,,,,,,,,
,,,,,,,,,,,,,,,,,,,,,
,,,,,,,,,,,,,,,,,,,,,
,,,,,,,,,,,,,,,,,,,,,
,,,,,,,,,,,,,,,,,,,,,
,,,,,,,,,,,,,,,,,,,,,
,,,,,,,,,,,,,,,,,,,,,
,,,,,,,,,,,,,,,,,,,,,
,,,,,,,,,,,,,,,,,,,,,
,,,,,,,,,,,,,,,,,,,,,
,,,,,,,,,,,,,,,,,,,,,
,,,,,,,,,,,,,,,,,,,,,
,,,,,,,,,,,,,,,,,,,,,
,,,,,,,,,,,,,,,,,,,,,
,,,,,,,,,,,,,,,,,,,,,
,,,,,,,,,,,,,,,,,,,,,
,,,,,,,,,,,,,,,,,,,,,
,,,,,,,,,,,,,,,,,,,,,
,,,,,,,,,,,,,,,,,,,,,
,,,,,,,,,,,,,,,,,,,,,
,,,,,,,,,,,,,,,,,,,,,
,,,,,,,,,,,,,,,,,,,,,
,,,,,,,,,,,,,,,,,,,,,
,,,,,,,,,,,,,,,,,,,,,
,,,,,,,,,,,,,,,,,,,,,
,,,,,,,,,,,,,,,,,,,,,
,,,,,,,,,,,,,,,,,,,,,
,,,,,,,,,,,,,,,,,,,,,
,,,,,,,,,,,,,,,,,,,,,
,,,,,,,,,,,,,,,,,,,,,
,,,,,,,,,,,,,,,,,,,,,
,,,,,,,,,,,,,,,,,,,,,
,,,,,,,,,,,,,,,,,,,,,
,,,,,,,,,,,,,,,,,,,,,
,,,,,,,,,,,,,,,,,,,,,
,,,,,,,,,,,,,,,,,,,,,
,,,,,,,,,,,,,,,,,,,,,
,,,,,,,,,,,,,,,,,,,,,
,,,,,,,,,,,,,,,,,,,,,
,,,,,,,,,,,,,,,,,,,,,
,,,,,,,,,,,,,,,,,,,,,
,,,,,,,,,,,,,,,,,,,,,
,,,,,,,,,,,,,,,,,,,,,
,,,,,,,,,,,,,,,,,,,,,
,,,,,,,,,,,,,,,,,,,,,
,,,,,,,,,,,,,,,,,,,,,
,,,,,,,,,,,,,,,,,,,,,
,,,,,,,,,,,,,,,,,,,,,
,,,,,,,,,,,,,,,,,,,,,
,,,,,,,,,,,,,,,,,,,,,
,,,,,,,,,,,,,,,,,,,,,
,,,,,,,,,,,,,,,,,,,,,
,,,,,,,,,,,,,,,,,,,,,
,,,,,,,,,,,,,,,,,,,,,
,,,,,,,,,,,,,,,,,,,,,
,,,,,,,,,,,,,,,,,,,,,
,,,,,,,,,,,,,,,,,,,,,
,,,,,,,,,,,,,,,,,,,,,
,,,,,,,,,,,,,,,,,,,,,
,,,,,,,,,,,,,,,,,,,,,
,,,,,,,,,,,,,,,,,,,,,
,,,,,,,,,,,,,,,,,,,,,
,,,,,,,,,,,,,,,,,,,,,
,,,,,,,,,,,,,,,,,,,,,
,,,,,,,,,,,,,,,,,,,,,
,,,,,,,,,,,,,,,,,,,,,
,,,,,,,,,,,,,,,,,,,,,
,,,,,,,,,,,,,,,,,,,,,
,,,,,,,,,,,,,,,,,,,,,
,,,,,,,,,,,,,,,,,,,,,
,,,,,,,,,,,,,,,,,,,,,
,,,,,,,,,,,,,,,,,,,,,
,,,,,,,,,,,,,,,,,,,,,
,,,,,,,,,,,,,,,,,,,,,
,,,,,,,,,,,,,,,,,,,,,
,,,,,,,,,,,,,,,,,,,,,
,,,,,,,,,,,,,,,,,,,,,
,,,,,,,,,,,,,,,,,,,,,
,,,,,,,,,,,,,,,,,,,,,
,,,,,,,,,,,,,,,,,,,,,
,,,,,,,,,,,,,,,,,,,,,
,,,,,,,,,,,,,,,,,,,,,
,,,,,,,,,,,,,,,,,,,,,
,,,,,,,,,,,,,,,,,,,,,
,,,,,,,,,,,,,,,,,,,,,
,,,,,,,,,,,,,,,,,,,,,
,,,,,,,,,,,,,,,,,,,,,
,,,,,,,,,,,,,,,,,,,,,
,,,,,,,,,,,,,,,,,,,,,
,,,,,,,,,,,,,,,,,,,,,
,,,,,,,,,,,,,,,,,,,,,
,,,,,,,,,,,,,,,,,,,,,
,,,,,,,,,,,,,,,,,,,,,
,,,,,,,,,,,,,,,,,,,,,
,,,,,,,,,,,,,,,,,,,,,
,,,,,,,,,,,,,,,,,,,,,
,,,,,,,,,,,,,,,,,,,,,
,,,,,,,,,,,,,,,,,,,,,
,,,,,,,,,,,,,,,,,,,,,
,,,,,,,,,,,,,,,,,,,,,
,,,,,,,,,,,,,,,,,,,,,
,,,,,,,,,,,,,,,,,,,,,
,,,,,,,,,,,,,,,,,,,,,
,,,,,,,,,,,,,,,,,,,,,
,,,,,,,,,,,,,,,,,,,,,
,,,,,,,,,,,,,,,,,,,,,
,,,,,,,,,,,,,,,,,,,,,
,,,,,,,,,,,,,,,,,,,,,
,,,,,,,,,,,,,,,,,,,,,
,,,,,,,,,,,,,,,,,,,,,
,,,,,,,,,,,,,,,,,,,,,
,,,,,,,,,,,,,,,,,,,,,
,,,,,,,,,,,,,,,,,,,,,
,,,,,,,,,,,,,,,,,,,,,
,,,,,,,,,,,,,,,,,,,,,
,,,,,,,,,,,,,,,,,,,,,
,,,,,,,,,,,,,,,,,,,,,
,,,,,,,,,,,,,,,,,,,,,
,,,,,,,,,,,,,,,,,,,,,
,,,,,,,,,,,,,,,,,,,,,
,,,,,,,,,,,,,,,,,,,,,
,,,,,,,,,,,,,,,,,,,,,
,,,,,,,,,,,,,,,,,,,,,
,,,,,,,,,,,,,,,,,,,,,
,,,,,,,,,,,,,,,,,,,,,
,,,,,,,,,,,,,,,,,,,,,
,,,,,,,,,,,,,,,,,,,,,
,,,,,,,,,,,,,,,,,,,,,
,,,,,,,,,,,,,,,,,,,,,
,,,,,,,,,,,,,,,,,,,,,
,,,,,,,,,,,,,,,,,,,,,
,,,,,,,,,,,,,,,,,,,,,
,,,,,,,,,,,,,,,,,,,,,
,,,,,,,,,,,,,,,,,,,,,
,,,,,,,,,,,,,,,,,,,,,
,,,,,,,,,,,,,,,,,,,,,
,,,,,,,,,,,,,,,,,,,,,
,,,,,,,,,,,,,,,,,,,,,
,,,,,,,,,,,,,,,,,,,,,
,,,,,,,,,,,,,,,,,,,,,
,,,,,,,,,,,,,,,,,,,,,
,,,,,,,,,,,,,,,,,,,,,
,,,,,,,,,,,,,,,,,,,,,
,,,,,,,,,,,,,,,,,,,,,
,,,,,,,,,,,,,,,,,,,,,
,,,,,,,,,,,,,,,,,,,,,
,,,,,,,,,,,,,,,,,,,,,
,,,,,,,,,,,,,,,,,,,,,
,,,,,,,,,,,,,,,,,,,,,
,,,,,,,,,,,,,,,,,,,,,
,,,,,,,,,,,,,,,,,,,,,
,,,,,,,,,,,,,,,,,,,,,
,,,,,,,,,,,,,,,,,,,,,
,,,,,,,,,,,,,,,,,,,,,
,,,,,,,,,,,,,,,,,,,,,
,,,,,,,,,,,,,,,,,,,,,
,,,,,,,,,,,,,,,,,,,,,
,,,,,,,,,,,,,,,,,,,,,
,,,,,,,,,,,,,,,,,,,,,
,,,,,,,,,,,,,,,,,,,,,
,,,,,,,,,,,,,,,,,,,,,
,,,,,,,,,,,,,,,,,,,,,
,,,,,,,,,,,,,,,,,,,,,
,,,,,,,,,,,,,,,,,,,,,
,,,,,,,,,,,,,,,,,,,,,
,,,,,,,,,,,,,,,,,,,,,
,,,,,,,,,,,,,,,,,,,,,
,,,,,,,,,,,,,,,,,,,,,
,,,,,,,,,,,,,,,,,,,,,
,,,,,,,,,,,,,,,,,,,,,
,,,,,,,,,,,,,,,,,,,,,
,,,,,,,,,,,,,,,,,,,,,
,,,,,,,,,,,,,,,,,,,,,
,,,,,,,,,,,,,,,,,,,,,
,,,,,,,,,,,,,,,,,,,,,
,,,,,,,,,,,,,,,,,,,,,
,,,,,,,,,,,,,,,,,,,,,
,,,,,,,,,,,,,,,,,,,,,
,,,,,,,,,,,,,,,,,,,,,
,,,,,,,,,,,,,,,,,,,,,
,,,,,,,,,,,,,,,,,,,,,
,,,,,,,,,,,,,,,,,,,,,
,,,,,,,,,,,,,,,,,,,,,
,,,,,,,,,,,,,,,,,,,,,
,,,,,,,,,,,,,,,,,,,,,
,,,,,,,,,,,,,,,,,,,,,
,,,,,,,,,,,,,,,,,,,,,
,,,,,,,,,,,,,,,,,,,,,
,,,,,,,,,,,,,,,,,,,,,
,,,,,,,,,,,,,,,,,,,,,
,,,,,,,,,,,,,,,,,,,,,
,,,,,,,,,,,,,,,,,,,,,
,,,,,,,,,,,,,,,,,,,,,
,,,,,,,,,,,,,,,,,,,,,
,,,,,,,,,,,,,,,,,,,,,
,,,,,,,,,,,,,,,,,,,,,
,,,,,,,,,,,,,,,,,,,,,
,,,,,,,,,,,,,,,,,,,,,
,,,,,,,,,,,,,,,,,,,,,
,,,,,,,,,,,,,,,,,,,,,
,,,,,,,,,,,,,,,,,,,,,
,,,,,,,,,,,,,,,,,,,,,
,,,,,,,,,,,,,,,,,,,,,
,,,,,,,,,,,,,,,,,,,,,
,,,,,,,,,,,,,,,,,,,,,
,,,,,,,,,,,,,,,,,,,,,
,,,,,,,,,,,,,,,,,,,,,
,,,,,,,,,,,,,,,,,,,,,
,,,,,,,,,,,,,,,,,,,,,
,,,,,,,,,,,,,,,,,,,,,
,,,,,,,,,,,,,,,,,,,,,
,,,,,,,,,,,,,,,,,,,,,
,,,,,,,,,,,,,,,,,,,,,
,,,,,,,,,,,,,,,,,,,,,
,,,,,,,,,,,,,,,,,,,,,
,,,,,,,,,,,,,,,,,,,,,
,,,,,,,,,,,,,,,,,,,,,
,,,,,,,,,,,,,,,,,,,,,
,,,,,,,,,,,,,,,,,,,,,
,,,,,,,,,,,,,,,,,,,,,
,,,,,,,,,,,,,,,,,,,,,
,,,,,,,,,,,,,,,,,,,,,
,,,,,,,,,,,,,,,,,,,,,
,,,,,,,,,,,,,,,,,,,,,
,,,,,,,,,,,,,,,,,,,,,
,,,,,,,,,,,,,,,,,,,,,
,,,,,,,,,,,,,,,,,,,,,
,,,,,,,,,,,,,,,,,,,,,
,,,,,,,,,,,,,,,,,,,,,
,,,,,,,,,,,,,,,,,,,,,
,,,,,,,,,,,,,,,,,,,,,
,,,,,,,,,,,,,,,,,,,,,
,,,,,,,,,,,,,,,,,,,,,
,,,,,,,,,,,,,,,,,,,,,
,,,,,,,,,,,,,,,,,,,,,
,,,,,,,,,,,,,,,,,,,,,
,,,,,,,,,,,,,,,,,,,,,
,,,,,,,,,,,,,,,,,,,,,
,,,,,,,,,,,,,,,,,,,,,
,,,,,,,,,,,,,,,,,,,,,
,,,,,,,,,,,,,,,,,,,,,
,,,,,,,,,,,,,,,,,,,,,
,,,,,,,,,,,,,,,,,,,,,
,,,,,,,,,,,,,,,,,,,,,
,,,,,,,,,,,,,,,,,,,,,
,,,,,,,,,,,,,,,,,,,,,
,,,,,,,,,,,,,,,,,,,,,
,,,,,,,,,,,,,,,,,,,,,
,,,,,,,,,,,,,,,,,,,,,
,,,,,,,,,,,,,,,,,,,,,
,,,,,,,,,,,,,,,,,,,,,
,,,,,,,,,,,,,,,,,,,,,
,,,,,,,,,,,,,,,,,,,,,
,,,,,,,,,,,,,,,,,,,,,
,,,,,,,,,,,,,,,,,,,,,
,,,,,,,,,,,,,,,,,,,,,
,,,,,,,,,,,,,,,,,,,,,
,,,,,,,,,,,,,,,,,,,,,
,,,,,,,,,,,,,,,,,,,,,
,,,,,,,,,,,,,,,,,,,,,
,,,,,,,,,,,,,,,,,,,,,
,,,,,,,,,,,,,,,,,,,,,
,,,,,,,,,,,,,,,,,,,,,
,,,,,,,,,,,,,,,,,,,,,
,,,,,,,,,,,,,,,,,,,,,
,,,,,,,,,,,,,,,,,,,,,
,,,,,,,,,,,,,,,,,,,,,
,,,,,,,,,,,,,,,,,,,,,
,,,,,,,,,,,,,,,,,,,,,
,,,,,,,,,,,,,,,,,,,,,
,,,,,,,,,,,,,,,,,,,,,
,,,,,,,,,,,,,,,,,,,,,
,,,,,,,,,,,,,,,,,,,,,
,,,,,,,,,,,,,,,,,,,,,
,,,,,,,,,,,,,,,,,,,,,
,,,,,,,,,,,,,,,,,,,,,
,,,,,,,,,,,,,,,,,,,,,
,,,,,,,,,,,,,,,,,,,,,
,,,,,,,,,,,,,,,,,,,,,
,,,,,,,,,,,,,,,,,,,,,
,,,,,,,,,,,,,,,,,,,,,
,,,,,,,,,,,,,,,,,,,,,
,,,,,,,,,,,,,,,,,,,,,
,,,,,,,,,,,,,,,,,,,,,
,,,,,,,,,,,,,,,,,,,,,
,,,,,,,,,,,,,,,,,,,,,
,,,,,,,,,,,,,,,,,,,,,
,,,,,,,,,,,,,,,,,,,,,
,,,,,,,,,,,,,,,,,,,,,
,,,,,,,,,,,,,,,,,,,,,
,,,,,,,,,,,,,,,,,,,,,
,,,,,,,,,,,,,,,,,,,,,
,,,,,,,,,,,,,,,,,,,,,
,,,,,,,,,,,,,,,,,,,,,
,,,,,,,,,,,,,,,,,,,,,
,,,,,,,,,,,,,,,,,,,,,
,,,,,,,,,,,,,,,,,,,,,
,,,,,,,,,,,,,,,,,,,,,
,,,,,,,,,,,,,,,,,,,,,
,,,,,,,,,,,,,,,,,,,,,
,,,,,,,,,,,,,,,,,,,,,
,,,,,,,,,,,,,,,,,,,,,
,,,,,,,,,,,,,,,,,,,,,
,,,,,,,,,,,,,,,,,,,,,
,,,,,,,,,,,,,,,,,,,,,
,,,,,,,,,,,,,,,,,,,,,
,,,,,,,,,,,,,,,,,,,,,
,,,,,,,,,,,,,,,,,,,,,
,,,,,,,,,,,,,,,,,,,,,
,,,,,,,,,,,,,,,,,,,,,
,,,,,,,,,,,,,,,,,,,,,
,,,,,,,,,,,,,,,,,,,,,
,,,,,,,,,,,,,,,,,,,,,
,,,,,,,,,,,,,,,,,,,,,
,,,,,,,,,,,,,,,,,,,,,
,,,,,,,,,,,,,,,,,,,,,
,,,,,,,,,,,,,,,,,,,,,
,,,,,,,,,,,,,,,,,,,,,
,,,,,,,,,,,,,,,,,,,,,
,,,,,,,,,,,,,,,,,,,,,
,,,,,,,,,,,,,,,,,,,,,
,,,,,,,,,,,,,,,,,,,,,
,,,,,,,,,,,,,,,,,,,,,
,,,,,,,,,,,,,,,,,,,,,
,,,,,,,,,,,,,,,,,,,,,
,,,,,,,,,,,,,,,,,,,,,
,,,,,,,,,,,,,,,,,,,,,
,,,,,,,,,,,,,,,,,,,,,
,,,,,,,,,,,,,,,,,,,,,
,,,,,,,,,,,,,,,,,,,,,
,,,,,,,,,,,,,,,,,,,,,
,,,,,,,,,,,,,,,,,,,,,
,,,,,,,,,,,,,,,,,,,,,
,,,,,,,,,,,,,,,,,,,,,
,,,,,,,,,,,,,,,,,,,,,
,,,,,,,,,,,,,,,,,,,,,
,,,,,,,,,,,,,,,,,,,,,
,,,,,,,,,,,,,,,,,,,,,
,,,,,,,,,,,,,,,,,,,,,
,,,,,,,,,,,,,,,,,,,,,
,,,,,,,,,,,,,,,,,,,,,
,,,,,,,,,,,,,,,,,,,,,
,,,,,,,,,,,,,,,,,,,,,
,,,,,,,,,,,,,,,,,,,,,
,,,,,,,,,,,,,,,,,,,,,
,,,,,,,,,,,,,,,,,,,,,
,,,,,,,,,,,,,,,,,,,,,
,,,,,,,,,,,,,,,,,,,,,
,,,,,,,,,,,,,,,,,,,,,
,,,,,,,,,,,,,,,,,,,,,
,,,,,,,,,,,,,,,,,,,,,
,,,,,,,,,,,,,,,,,,,,,
,,,,,,,,,,,,,,,,,,,,,
,,,,,,,,,,,,,,,,,,,,,
,,,,,,,,,,,,,,,,,,,,,
,,,,,,,,,,,,,,,,,,,,,
,,,,,,,,,,,,,,,,,,,,,
,,,,,,,,,,,,,,,,,,,,,
,,,,,,,,,,,,,,,,,,,,,
,,,,,,,,,,,,,,,,,,,,,
,,,,,,,,,,,,,,,,,,,,,
,,,,,,,,,,,,,,,,,,,,,
,,,,,,,,,,,,,,,,,,,,,
,,,,,,,,,,,,,,,,,,,,,
,,,,,,,,,,,,,,,,,,,,,
,,,,,,,,,,,,,,,,,,,,,
,,,,,,,,,,,,,,,,,,,,,
,,,,,,,,,,,,,,,,,,,,,
,,,,,,,,,,,,,,,,,,,,,
,,,,,,,,,,,,,,,,,,,,,
,,,,,,,,,,,,,,,,,,,,,
,,,,,,,,,,,,,,,,,,,,,
,,,,,,,,,,,,,,,,,,,,,
,,,,,,,,,,,,,,,,,,,,,
,,,,,,,,,,,,,,,,,,,,,
,,,,,,,,,,,,,,,,,,,,,
,,,,,,,,,,,,,,,,,,,,,
,,,,,,,,,,,,,,,,,,,,,
,,,,,,,,,,,,,,,,,,,,,
,,,,,,,,,,,,,,,,,,,,,
,,,,,,,,,,,,,,,,,,,,,
,,,,,,,,,,,,,,,,,,,,,
,,,,,,,,,,,,,,,,,,,,,
,,,,,,,,,,,,,,,,,,,,,
,,,,,,,,,,,,,,,,,,,,,
,,,,,,,,,,,,,,,,,,,,,
,,,,,,,,,,,,,,,,,,,,,
,,,,,,,,,,,,,,,,,,,,,
,,,,,,,,,,,,,,,,,,,,,
,,,,,,,,,,,,,,,,,,,,,
,,,,,,,,,,,,,,,,,,,,,
,,,,,,,,,,,,,,,,,,,,,
,,,,,,,,,,,,,,,,,,,,,
,,,,,,,,,,,,,,,,,,,,,
,,,,,,,,,,,,,,,,,,,,,
,,,,,,,,,,,,,,,,,,,,,
,,,,,,,,,,,,,,,,,,,,,
,,,,,,,,,,,,,,,,,,,,,
,,,,,,,,,,,,,,,,,,,,,
,,,,,,,,,,,,,,,,,,,,,
,,,,,,,,,,,,,,,,,,,,,
,,,,,,,,,,,,,,,,,,,,,
,,,,,,,,,,,,,,,,,,,,,
,,,,,,,,,,,,,,,,,,,,,
,,,,,,,,,,,,,,,,,,,,,
,,,,,,,,,,,,,,,,,,,,,
,,,,,,,,,,,,,,,,,,,,,
,,,,,,,,,,,,,,,,,,,,,
,,,,,,,,,,,,,,,,,,,,,
,,,,,,,,,,,,,,,,,,,,,
,,,,,,,,,,,,,,,,,,,,,
,,,,,,,,,,,,,,,,,,,,,
,,,,,,,,,,,,,,,,,,,,,
,,,,,,,,,,,,,,,,,,,,,
,,,,,,,,,,,,,,,,,,,,,
,,,,,,,,,,,,,,,,,,,,,
,,,,,,,,,,,,,,,,,,,,,
,,,,,,,,,,,,,,,,,,,,,
,,,,,,,,,,,,,,,,,,,,,
,,,,,,,,,,,,,,,,,,,,,
,,,,,,,,,,,,,,,,,,,,,
,,,,,,,,,,,,,,,,,,,,,
,,,,,,,,,,,,,,,,,,,,,
,,,,,,,,,,,,,,,,,,,,,
,,,,,,,,,,,,,,,,,,,,,
,,,,,,,,,,,,,,,,,,,,,
,,,,,,,,,,,,,,,,,,,,,
,,,,,,,,,,,,,,,,,,,,,
,,,,,,,,,,,,,,,,,,,,,
,,,,,,,,,,,,,,,,,,,,,
,,,,,,,,,,,,,,,,,,,,,
,,,,,,,,,,,,,,,,,,,,,
,,,,,,,,,,,,,,,,,,,,,
,,,,,,,,,,,,,,,,,,,,,
,,,,,,,,,,,,,,,,,,,,,
,,,,,,,,,,,,,,,,,,,,,
,,,,,,,,,,,,,,,,,,,,,
,,,,,,,,,,,,,,,,,,,,,
,,,,,,,,,,,,,,,,,,,,,
,,,,,,,,,,,,,,,,,,,,,
,,,,,,,,,,,,,,,,,,,,,
,,,,,,,,,,,,,,,,,,,,,
,,,,,,,,,,,,,,,,,,,,,
,,,,,,,,,,,,,,,,,,,,,
,,,,,,,,,,,,,,,,,,,,,
,,,,,,,,,,,,,,,,,,,,,
,,,,,,,,,,,,,,,,,,,,,
,,,,,,,,,,,,,,,,,,,,,
,,,,,,,,,,,,,,,,,,,,,
,,,,,,,,,,,,,,,,,,,,,
,,,,,,,,,,,,,,,,,,,,,
,,,,,,,,,,,,,,,,,,,,,
,,,,,,,,,,,,,,,,,,,,,
,,,,,,,,,,,,,,,,,,,,,
,,,,,,,,,,,,,,,,,,,,,
,,,,,,,,,,,,,,,,,,,,,
,,,,,,,,,,,,,,,,,,,,,
,,,,,,,,,,,,,,,,,,,,,
,,,,,,,,,,,,,,,,,,,,,
,,,,,,,,,,,,,,,,,,,,,
,,,,,,,,,,,,,,,,,,,,,
,,,,,,,,,,,,,,,,,,,,,
,,,,,,,,,,,,,,,,,,,,,
,,,,,,,,,,,,,,,,,,,,,
,,,,,,,,,,,,,,,,,,,,,
,,,,,,,,,,,,,,,,,,,,,
,,,,,,,,,,,,,,,,,,,,,
,,,,,,,,,,,,,,,,,,,,,
,,,,,,,,,,,,,,,,,,,,,
,,,,,,,,,,,,,,,,,,,,,
,,,,,,,,,,,,,,,,,,,,,
,,,,,,,,,,,,,,,,,,,,,
,,,,,,,,,,,,,,,,,,,,,
,,,,,,,,,,,,,,,,,,,,,
,,,,,,,,,,,,,,,,,,,,,
,,,,,,,,,,,,,,,,,,,,,
,,,,,,,,,,,,,,,,,,,,,
,,,,,,,,,,,,,,,,,,,,,
,,,,,,,,,,,,,,,,,,,,,
,,,,,,,,,,,,,,,,,,,,,
,,,,,,,,,,,,,,,,,,,,,
,,,,,,,,,,,,,,,,,,,,,
,,,,,,,,,,,,,,,,,,,,,
,,,,,,,,,,,,,,,,,,,,,
,,,,,,,,,,,,,,,,,,,,,
,,,,,,,,,,,,,,,,,,,,,
,,,,,,,,,,,,,,,,,,,,,
,,,,,,,,,,,,,,,,,,,,,
,,,,,,,,,,,,,,,,,,,,,
,,,,,,,,,,,,,,,,,,,,,
,,,,,,,,,,,,,,,,,,,,,
,,,,,,,,,,,,,,,,,,,,,
,,,,,,,,,,,,,,,,,,,,,
,,,,,,,,,,,,,,,,,,,,,
,,,,,,,,,,,,,,,,,,,,,
,,,,,,,,,,,,,,,,,,,,,
,,,,,,,,,,,,,,,,,,,,,
,,,,,,,,,,,,,,,,,,,,,
,,,,,,,,,,,,,,,,,,,,,
,,,,,,,,,,,,,,,,,,,,,
,,,,,,,,,,,,,,,,,,,,,
,,,,,,,,,,,,,,,,,,,,,
,,,,,,,,,,,,,,,,,,,,,
,,,,,,,,,,,,,,,,,,,,,
,,,,,,,,,,,,,,,,,,,,,
,,,,,,,,,,,,,,,,,,,,,
,,,,,,,,,,,,,,,,,,,,,
,,,,,,,,,,,,,,,,,,,,,
,,,,,,,,,,,,,,,,,,,,,
,,,,,,,,,,,,,,,,,,,,,
,,,,,,,,,,,,,,,,,,,,,
,,,,,,,,,,,,,,,,,,,,,
,,,,,,,,,,,,,,,,,,,,,
,,,,,,,,,,,,,,,,,,,,,
,,,,,,,,,,,,,,,,,,,,,
,,,,,,,,,,,,,,,,,,,,,
,,,,,,,,,,,,,,,,,,,,,
,,,,,,,,,,,,,,,,,,,,,
,,,,,,,,,,,,,,,,,,,,,
,,,,,,,,,,,,,,,,,,,,,
,,,,,,,,,,,,,,,,,,,,,
,,,,,,,,,,,,,,,,,,,,,
,,,,,,,,,,,,,,,,,,,,,
,,,,,,,,,,,,,,,,,,,,,
,,,,,,,,,,,,,,,,,,,,,
,,,,,,,,,,,,,,,,,,,,,
,,,,,,,,,,,,,,,,,,,,,
,,,,,,,,,,,,,,,,,,,,,
,,,,,,,,,,,,,,,,,,,,,
,,,,,,,,,,,,,,,,,,,,,
,,,,,,,,,,,,,,,,,,,,,
,,,,,,,,,,,,,,,,,,,,,
,,,,,,,,,,,,,,,,,,,,,
,,,,,,,,,,,,,,,,,,,,,
,,,,,,,,,,,,,,,,,,,,,
,,,,,,,,,,,,,,,,,,,,,
,,,,,,,,,,,,,,,,,,,,,
,,,,,,,,,,,,,,,,,,,,,
,,,,,,,,,,,,,,,,,,,,,
,,,,,,,,,,,,,,,,,,,,,
,,,,,,,,,,,,,,,,,,,,,
,,,,,,,,,,,,,,,,,,,,,
,,,,,,,,,,,,,,,,,,,,,
,,,,,,,,,,,,,,,,,,,,,
,,,,,,,,,,,,,,,,,,,,,
,,,,,,,,,,,,,,,,,,,,,
,,,,,,,,,,,,,,,,,,,,,
,,,,,,,,,,,,,,,,,,,,,
,,,,,,,,,,,,,,,,,,,,,
,,,,,,,,,,,,,,,,,,,,,
,,,,,,,,,,,,,,,,,,,,,
,,,,,,,,,,,,,,,,,,,,,
,,,,,,,,,,,,,,,,,,,,,
,,,,,,,,,,,,,,,,,,,,,
,,,,,,,,,,,,,,,,,,,,,
,,,,,,,,,,,,,,,,,,,,,
,,,,,,,,,,,,,,,,,,,,,
,,,,,,,,,,,,,,,,,,,,,
,,,,,,,,,,,,,,,,,,,,,
,,,,,,,,,,,,,,,,,,,,,
,,,,,,,,,,,,,,,,,,,,,
,,,,,,,,,,,,,,,,,,,,,
,,,,,,,,,,,,,,,,,,,,,
,,,,,,,,,,,,,,,,,,,,,
,,,,,,,,,,,,,,,,,,,,,
,,,,,,,,,,,,,,,,,,,,,
,,,,,,,,,,,,,,,,,,,,,
,,,,,,,,,,,,,,,,,,,,,
,,,,,,,,,,,,,,,,,,,,,
,,,,,,,,,,,,,,,,,,,,,
,,,,,,,,,,,,,,,,,,,,,
,,,,,,,,,,,,,,,,,,,,,
,,,,,,,,,,,,,,,,,,,,,
,,,,,,,,,,,,,,,,,,,,,
,,,,,,,,,,,,,,,,,,,,,
,,,,,,,,,,,,,,,,,,,,,
,,,,,,,,,,,,,,,,,,,,,
,,,,,,,,,,,,,,,,,,,,,
,,,,,,,,,,,,,,,,,,,,,
,,,,,,,,,,,,,,,,,,,,,
,,,,,,,,,,,,,,,,,,,,,
,,,,,,,,,,,,,,,,,,,,,
,,,,,,,,,,,,,,,,,,,,,
,,,,,,,,,,,,,,,,,,,,,
,,,,,,,,,,,,,,,,,,,,,
,,,,,,,,,,,,,,,,,,,,,
,,,,,,,,,,,,,,,,,,,,,
,,,,,,,,,,,,,,,,,,,,,
,,,,,,,,,,,,,,,,,,,,,
,,,,,,,,,,,,,,,,,,,,,
,,,,,,,,,,,,,,,,,,,,,
,,,,,,,,,,,,,,,,,,,,,
,,,,,,,,,,,,,,,,,,,,,
,,,,,,,,,,,,,,,,,,,,,
,,,,,,,,,,,,,,,,,,,,,
,,,,,,,,,,,,,,,,,,,,,
,,,,,,,,,,,,,,,,,,,,,
,,,,,,,,,,,,,,,,,,,,,
,,,,,,,,,,,,,,,,,,,,,
,,,,,,,,,,,,,,,,,,,,,
,,,,,,,,,,,,,,,,,,,,,
,,,,,,,,,,,,,,,,,,,,,
,,,,,,,,,,,,,,,,,,,,,
,,,,,,,,,,,,,,,,,,,,,
,,,,,,,,,,,,,,,,,,,,,
,,,,,,,,,,,,,,,,,,,,,
,,,,,,,,,,,,,,,,,,,,,
,,,,,,,,,,,,,,,,,,,,,
,,,,,,,,,,,,,,,,,,,,,
,,,,,,,,,,,,,,,,,,,,,
,,,,,,,,,,,,,,,,,,,,,
,,,,,,,,,,,,,,,,,,,,,
,,,,,,,,,,,,,,,,,,,,,
,,,,,,,,,,,,,,,,,,,,,
,,,,,,,,,,,,,,,,,,,,,
,,,,,,,,,,,,,,,,,,,,,
,,,,,,,,,,,,,,,,,,,,,
,,,,,,,,,,,,,,,,,,,,,
,,,,,,,,,,,,,,,,,,,,,
,,,,,,,,,,,,,,,,,,,,,
,,,,,,,,,,,,,,,,,,,,,
,,,,,,,,,,,,,,,,,,,,,
,,,,,,,,,,,,,,,,,,,,,
,,,,,,,,,,,,,,,,,,,,,
,,,,,,,,,,,,,,,,,,,,,
,,,,,,,,,,,,,,,,,,,,,
,,,,,,,,,,,,,,,,,,,,,
,,,,,,,,,,,,,,,,,,,,,
,,,,,,,,,,,,,,,,,,,,,
,,,,,,,,,,,,,,,,,,,,,
,,,,,,,,,,,,,,,,,,,,,
,,,,,,,,,,,,,,,,,,,,,
,,,,,,,,,,,,,,,,,,,,,
,,,,,,,,,,,,,,,,,,,,,
,,,,,,,,,,,,,,,,,,,,,
,,,,,,,,,,,,,,,,,,,,,
,,,,,,,,,,,,,,,,,,,,,
,,,,,,,,,,,,,,,,,,,,,
,,,,,,,,,,,,,,,,,,,,,
,,,,,,,,,,,,,,,,,,,,,
,,,,,,,,,,,,,,,,,,,,,
,,,,,,,,,,,,,,,,,,,,,
,,,,,,,,,,,,,,,,,,,,,
,,,,,,,,,,,,,,,,,,,,,
,,,,,,,,,,,,,,,,,,,,,
,,,,,,,,,,,,,,,,,,,,,
,,,,,,,,,,,,,,,,,,,,,
,,,,,,,,,,,,,,,,,,,,,
,,,,,,,,,,,,,,,,,,,,,
,,,,,,,,,,,,,,,,,,,,,
,,,,,,,,,,,,,,,,,,,,,
,,,,,,,,,,,,,,,,,,,,,
,,,,,,,,,,,,,,,,,,,,,
,,,,,,,,,,,,,,,,,,,,,
,,,,,,,,,,,,,,,,,,,,,
,,,,,,,,,,,,,,,,,,,,,
,,,,,,,,,,,,,,,,,,,,,
,,,,,,,,,,,,,,,,,,,,,
,,,,,,,,,,,,,,,,,,,,,
,,,,,,,,,,,,,,,,,,,,,
,,,,,,,,,,,,,,,,,,,,,
,,,,,,,,,,,,,,,,,,,,,
,,,,,,,,,,,,,,,,,,,,,
,,,,,,,,,,,,,,,,,,,,,
,,,,,,,,,,,,,,,,,,,,,
,,,,,,,,,,,,,,,,,,,,,
,,,,,,,,,,,,,,,,,,,,,
,,,,,,,,,,,,,,,,,,,,,
,,,,,,,,,,,,,,,,,,,,,
,,,,,,,,,,,,,,,,,,,,,
,,,,,,,,,,,,,,,,,,,,,
,,,,,,,,,,,,,,,,,,,,,
,,,,,,,,,,,,,,,,,,,,,
,,,,,,,,,,,,,,,,,,,,,
,,,,,,,,,,,,,,,,,,,,,
,,,,,,,,,,,,,,,,,,,,,
,,,,,,,,,,,,,,,,,,,,,
,,,,,,,,,,,,,,,,,,,,,
,,,,,,,,,,,,,,,,,,,,,
,,,,,,,,,,,,,,,,,,,,,
,,,,,,,,,,,,,,,,,,,,,
,,,,,,,,,,,,,,,,,,,,,
,,,,,,,,,,,,,,,,,,,,,
,,,,,,,,,,,,,,,,,,,,,
,,,,,,,,,,,,,,,,,,,,,
,,,,,,,,,,,,,,,,,,,,,
,,,,,,,,,,,,,,,,,,,,,
,,,,,,,,,,,,,,,,,,,,,
,,,,,,,,,,,,,,,,,,,,,
,,,,,,,,,,,,,,,,,,,,,
,,,,,,,,,,,,,,,,,,,,,
,,,,,,,,,,,,,,,,,,,,,
,,,,,,,,,,,,,,,,,,,,,
,,,,,,,,,,,,,,,,,,,,,
,,,,,,,,,,,,,,,,,,,,,
,,,,,,,,,,,,,,,,,,,,,
,,,,,,,,,,,,,,,,,,,,,
,,,,,,,,,,,,,,,,,,,,,
,,,,,,,,,,,,,,,,,,,,,
,,,,,,,,,,,,,,,,,,,,,
,,,,,,,,,,,,,,,,,,,,,
,,,,,,,,,,,,,,,,,,,,,
,,,,,,,,,,,,,,,,,,,,,
,,,,,,,,,,,,,,,,,,,,,
,,,,,,,,,,,,,,,,,,,,,
,,,,,,,,,,,,,,,,,,,,,
,,,,,,,,,,,,,,,,,,,,,
,,,,,,,,,,,,,,,,,,,,,
,,,,,,,,,,,,,,,,,,,,,
,,,,,,,,,,,,,,,,,,,,,
,,,,,,,,,,,,,,,,,,,,,
,,,,,,,,,,,,,,,,,,,,,
,,,,,,,,,,,,,,,,,,,,,
,,,,,,,,,,,,,,,,,,,,,
,,,,,,,,,,,,,,,,,,,,,
,,,,,,,,,,,,,,,,,,,,,
,,,,,,,,,,,,,,,,,,,,,
,,,,,,,,,,,,,,,,,,,,,
,,,,,,,,,,,,,,,,,,,,,
,,,,,,,,,,,,,,,,,,,,,
,,,,,,,,,,,,,,,,,,,,,
,,,,,,,,,,,,,,,,,,,,,
,,,,,,,,,,,,,,,,,,,,,
,,,,,,,,,,,,,,,,,,,,,
,,,,,,,,,,,,,,,,,,,,,
,,,,,,,,,,,,,,,,,,,,,
,,,,,,,,,,,,,,,,,,,,,
,,,,,,,,,,,,,,,,,,,,,
,,,,,,,,,,,,,,,,,,,,,
,,,,,,,,,,,,,,,,,,,,,
,,,,,,,,,,,,,,,,,,,,,
,,,,,,,,,,,,,,,,,,,,,
,,,,,,,,,,,,,,,,,,,,,
,,,,,,,,,,,,,,,,,,,,,
,,,,,,,,,,,,,,,,,,,,,
,,,,,,,,,,,,,,,,,,,,,
,,,,,,,,,,,,,,,,,,,,,
,,,,,,,,,,,,,,,,,,,,,
,,,,,,,,,,,,,,,,,,,,,
,,,,,,,,,,,,,,,,,,,,,
,,,,,,,,,,,,,,,,,,,,,
,,,,,,,,,,,,,,,,,,,,,
,,,,,,,,,,,,,,,,,,,,,
,,,,,,,,,,,,,,,,,,,,,
,,,,,,,,,,,,,,,,,,,,,
,,,,,,,,,,,,,,,,,,,,,
,,,,,,,,,,,,,,,,,,,,,
,,,,,,,,,,,,,,,,,,,,,
,,,,,,,,,,,,,,,,,,,,,
,,,,,,,,,,,,,,,,,,,,,
,,,,,,,,,,,,,,,,,,,,,
,,,,,,,,,,,,,,,,,,,,,
,,,,,,,,,,,,,,,,,,,,,
,,,,,,,,,,,,,,,,,,,,,
,,,,,,,,,,,,,,,,,,,,,
,,,,,,,,,,,,,,,,,,,,,
,,,,,,,,,,,,,,,,,,,,,
,,,,,,,,,,,,,,,,,,,,,
,,,,,,,,,,,,,,,,,,,,,
,,,,,,,,,,,,,,,,,,,,,
,,,,,,,,,,,,,,,,,,,,,
,,,,,,,,,,,,,,,,,,,,,
,,,,,,,,,,,,,,,,,,,,,
,,,,,,,,,,,,,,,,,,,,,
,,,,,,,,,,,,,,,,,,,,,
,,,,,,,,,,,,,,,,,,,,,
,,,,,,,,,,,,,,,,,,,,,
,,,,,,,,,,,,,,,,,,,,,
,,,,,,,,,,,,,,,,,,,,,
,,,,,,,,,,,,,,,,,,,,,
,,,,,,,,,,,,,,,,,,,,,
,,,,,,,,,,,,,,,,,,,,,
,,,,,,,,,,,,,,,,,,,,,
,,,,,,,,,,,,,,,,,,,,,
,,,,,,,,,,,,,,,,,,,,,
,,,,,,,,,,,,,,,,,,,,,
,,,,,,,,,,,,,,,,,,,,,
,,,,,,,,,,,,,,,,,,,,,
,,,,,,,,,,,,,,,,,,,,,
,,,,,,,,,,,,,,,,,,,,,
,,,,,,,,,,,,,,,,,,,,,
,,,,,,,,,,,,,,,,,,,,,
,,,,,,,,,,,,,,,,,,,,,
,,,,,,,,,,,,,,,,,,,,,
,,,,,,,,,,,,,,,,,,,,,
,,,,,,,,,,,,,,,,,,,,,
,,,,,,,,,,,,,,,,,,,,,
,,,,,,,,,,,,,,,,,,,,,
,,,,,,,,,,,,,,,,,,,,,
,,,,,,,,,,,,,,,,,,,,,
,,,,,,,,,,,,,,,,,,,,,
,,,,,,,,,,,,,,,,,,,,,
,,,,,,,,,,,,,,,,,,,,,
,,,,,,,,,,,,,,,,,,,,,
,,,,,,,,,,,,,,,,,,,,,
,,,,,,,,,,,,,,,,,,,,,
,,,,,,,,,,,,,,,,,,,,,
,,,,,,,,,,,,,,,,,,,,,
,,,,,,,,,,,,,,,,,,,,,
,,,,,,,,,,,,,,,,,,,,,
,,,,,,,,,,,,,,,,,,,,,
,,,,,,,,,,,,,,,,,,,,,
,,,,,,,,,,,,,,,,,,,,,
,,,,,,,,,,,,,,,,,,,,,
,,,,,,,,,,,,,,,,,,,,,
,,,,,,,,,,,,,,,,,,,,,
,,,,,,,,,,,,,,,,,,,,,
,,,,,,,,,,,,,,,,,,,,,
,,,,,,,,,,,,,,,,,,,,,
,,,,,,,,,,,,,,,,,,,,,
,,,,,,,,,,,,,,,,,,,,,
,,,,,,,,,,,,,,,,,,,,,
,,,,,,,,,,,,,,,,,,,,,
,,,,,,,,,,,,,,,,,,,,,
,,,,,,,,,,,,,,,,,,,,,
,,,,,,,,,,,,,,,,,,,,,
,,,,,,,,,,,,,,,,,,,,,
,,,,,,,,,,,,,,,,,,,,,
,,,,,,,,,,,,,,,,,,,,,
,,,,,,,,,,,,,,,,,,,,,
,,,,,,,,,,,,,,,,,,,,,
,,,,,,,,,,,,,,,,,,,,,
,,,,,,,,,,,,,,,,,,,,,
,,,,,,,,,,,,,,,,,,,,,
,,,,,,,,,,,,,,,,,,,,,
,,,,,,,,,,,,,,,,,,,,,
,,,,,,,,,,,,,,,,,,,,,
,,,,,,,,,,,,,,,,,,,,,
,,,,,,,,,,,,,,,,,,,,,
,,,,,,,,,,,,,,,,,,,,,
,,,,,,,,,,,,,,,,,,,,,
,,,,,,,,,,,,,,,,,,,,,
,,,,,,,,,,,,,,,,,,,,,
,,,,,,,,,,,,,,,,,,,,,
,,,,,,,,,,,,,,,,,,,,,
,,,,,,,,,,,,,,,,,,,,,
,,,,,,,,,,,,,,,,,,,,,
,,,,,,,,,,,,,,,,,,,,,
,,,,,,,,,,,,,,,,,,,,,
,,,,,,,,,,,,,,,,,,,,,
,,,,,,,,,,,,,,,,,,,,,
,,,,,,,,,,,,,,,,,,,,,
,,,,,,,,,,,,,,,,,,,,,
,,,,,,,,,,,,,,,,,,,,,
,,,,,,,,,,,,,,,,,,,,,
,,,,,,,,,,,,,,,,,,,,,
,,,,,,,,,,,,,,,,,,,,,
,,,,,,,,,,,,,,,,,,,,,
,,,,,,,,,,,,,,,,,,,,,
,,,,,,,,,,,,,,,,,,,,,
,,,,,,,,,,,,,,,,,,,,,
,,,,,,,,,,,,,,,,,,,,,
,,,,,,,,,,,,,,,,,,,,,
,,,,,,,,,,,,,,,,,,,,,
,,,,,,,,,,,,,,,,,,,,,
,,,,,,,,,,,,,,,,,,,,,
,,,,,,,,,,,,,,,,,,,,,
,,,,,,,,,,,,,,,,,,,,,
,,,,,,,,,,,,,,,,,,,,,
,,,,,,,,,,,,,,,,,,,,,
,,,,,,,,,,,,,,,,,,,,,
,,,,,,,,,,,,,,,,,,,,,
,,,,,,,,,,,,,,,,,,,,,
,,,,,,,,,,,,,,,,,,,,,
,,,,,,,,,,,,,,,,,,,,,
,,,,,,,,,,,,,,,,,,,,,
,,,,,,,,,,,,,,,,,,,,,
,,,,,,,,,,,,,,,,,,,,,
,,,,,,,,,,,,,,,,,,,,,
,,,,,,,,,,,,,,,,,,,,,
,,,,,,,,,,,,,,,,,,,,,
,,,,,,,,,,,,,,,,,,,,,
,,,,,,,,,,,,,,,,,,,,,
,,,,,,,,,,,,,,,,,,,,,
,,,,,,,,,,,,,,,,,,,,,
,,,,,,,,,,,,,,,,,,,,,
,,,,,,,,,,,,,,,,,,,,,
,,,,,,,,,,,,,,,,,,,,,
,,,,,,,,,,,,,,,,,,,,,
,,,,,,,,,,,,,,,,,,,,,
,,,,,,,,,,,,,,,,,,,,,
,,,,,,,,,,,,,,,,,,,,,
,,,,,,,,,,,,,,,,,,,,,
,,,,,,,,,,,,,,,,,,,,,
,,,,,,,,,,,,,,,,,,,,,
,,,,,,,,,,,,,,,,,,,,,
,,,,,,,,,,,,,,,,,,,,,
,,,,,,,,,,,,,,,,,,,,,
,,,,,,,,,,,,,,,,,,,,,
,,,,,,,,,,,,,,,,,,,,,
,,,,,,,,,,,,,,,,,,,,,
,,,,,,,,,,,,,,,,,,,,,
,,,,,,,,,,,,,,,,,,,,,
,,,,,,,,,,,,,,,,,,,,,
,,,,,,,,,,,,,,,,,,,,,
,,,,,,,,,,,,,,,,,,,,,
,,,,,,,,,,,,,,,,,,,,,
,,,,,,,,,,,,,,,,,,,,,
,,,,,,,,,,,,,,,,,,,,,
,,,,,,,,,,,,,,,,,,,,,
,,,,,,,,,,,,,,,,,,,,,
,,,,,,,,,,,,,,,,,,,,,
,,,,,,,,,,,,,,,,,,,,,
,,,,,,,,,,,,,,,,,,,,,
,,,,,,,,,,,,,,,,,,,,,
,,,,,,,,,,,,,,,,,,,,,
,,,,,,,,,,,,,,,,,,,,,
,,,,,,,,,,,,,,,,,,,,,
,,,,,,,,,,,,,,,,,,,,,
,,,,,,,,,,,,,,,,,,,,,
,,,,,,,,,,,,,,,,,,,,,
,,,,,,,,,,,,,,,,,,,,,
,,,,,,,,,,,,,,,,,,,,,
,,,,,,,,,,,,,,,,,,,,,
,,,,,,,,,,,,,,,,,,,,,
,,,,,,,,,,,,,,,,,,,,,
,,,,,,,,,,,,,,,,,,,,,
,,,,,,,,,,,,,,,,,,,,,
,,,,,,,,,,,,,,,,,,,,,
,,,,,,,,,,,,,,,,,,,,,
,,,,,,,,,,,,,,,,,,,,,
,,,,,,,,,,,,,,,,,,,,,
,,,,,,,,,,,,,,,,,,,,,
,,,,,,,,,,,,,,,,,,,,,
,,,,,,,,,,,,,,,,,,,,,
,,,,,,,,,,,,,,,,,,,,,
,,,,,,,,,,,,,,,,,,,,,
,,,,,,,,,,,,,,,,,,,,,
,,,,,,,,,,,,,,,,,,,,,
,,,,,,,,,,,,,,,,,,,,,
,,,,,,,,,,,,,,,,,,,,,
,,,,,,,,,,,,,,,,,,,,,
,,,,,,,,,,,,,,,,,,,,,
,,,,,,,,,,,,,,,,,,,,,
,,,,,,,,,,,,,,,,,,,,,
,,,,,,,,,,,,,,,,,,,,,
,,,,,,,,,,,,,,,,,,,,,
,,,,,,,,,,,,,,,,,,,,,
,,,,,,,,,,,,,,,,,,,,,
,,,,,,,,,,,,,,,,,,,,,
,,,,,,,,,,,,,,,,,,,,,
,,,,,,,,,,,,,,,,,,,,,
,,,,,,,,,,,,,,,,,,,,,
,,,,,,,,,,,,,,,,,,,,,
,,,,,,,,,,,,,,,,,,,,,
,,,,,,,,,,,,,,,,,,,,,
,,,,,,,,,,,,,,,,,,,,,
,,,,,,,,,,,,,,,,,,,,,
,,,,,,,,,,,,,,,,,,,,,
,,,,,,,,,,,,,,,,,,,,,
,,,,,,,,,,,,,,,,,,,,,
,,,,,,,,,,,,,,,,,,,,,
,,,,,,,,,,,,,,,,,,,,,
,,,,,,,,,,,,,,,,,,,,,
,,,,,,,,,,,,,,,,,,,,,
,,,,,,,,,,,,,,,,,,,,,
,,,,,,,,,,,,,,,,,,,,,
,,,,,,,,,,,,,,,,,,,,,
,,,,,,,,,,,,,,,,,,,,,
,,,,,,,,,,,,,,,,,,,,,
,,,,,,,,,,,,,,,,,,,,,
,,,,,,,,,,,,,,,,,,,,,
,,,,,,,,,,,,,,,,,,,,,
,,,,,,,,,,,,,,,,,,,,,
,,,,,,,,,,,,,,,,,,,,,
,,,,,,,,,,,,,,,,,,,,,
,,,,,,,,,,,,,,,,,,,,,
,,,,,,,,,,,,,,,,,,,,,
,,,,,,,,,,,,,,,,,,,,,
,,,,,,,,,,,,,,,,,,,,,
,,,,,,,,,,,,,,,,,,,,,
,,,,,,,,,,,,,,,,,,,,,
,,,,,,,,,,,,,,,,,,,,,
,,,,,,,,,,,,,,,,,,,,,
,,,,,,,,,,,,,,,,,,,,,
,,,,,,,,,,,,,,,,,,,,,
,,,,,,,,,,,,,,,,,,,,,
,,,,,,,,,,,,,,,,,,,,,
,,,,,,,,,,,,,,,,,,,,,
,,,,,,,,,,,,,,,,,,,,,
,,,,,,,,,,,,,,,,,,,,,
,,,,,,,,,,,,,,,,,,,,,
,,,,,,,,,,,,,,,,,,,,,
,,,,,,,,,,,,,,,,,,,,,
,,,,,,,,,,,,,,,,,,,,,
,,,,,,,,,,,,,,,,,,,,,
,,,,,,,,,,,,,,,,,,,,,
,,,,,,,,,,,,,,,,,,,,,
,,,,,,,,,,,,,,,,,,,,,
,,,,,,,,,,,,,,,,,,,,,
,,,,,,,,,,,,,,,,,,,,,
,,,,,,,,,,,,,,,,,,,,,
,,,,,,,,,,,,,,,,,,,,,
,,,,,,,,,,,,,,,,,,,,,
,,,,,,,,,,,,,,,,,,,,,
,,,,,,,,,,,,,,,,,,,,,
,,,,,,,,,,,,,,,,,,,,,
,,,,,,,,,,,,,,,,,,,,,
,,,,,,,,,,,,,,,,,,,,,
,,,,,,,,,,,,,,,,,,,,,
,,,,,,,,,,,,,,,,,,,,,
,,,,,,,,,,,,,,,,,,,,,
,,,,,,,,,,,,,,,,,,,,,
,,,,,,,,,,,,,,,,,,,,,
,,,,,,,,,,,,,,,,,,,,,
,,,,,,,,,,,,,,,,,,,,,
,,,,,,,,,,,,,,,,,,,,,
,,,,,,,,,,,,,,,,,,,,,
,,,,,,,,,,,,,,,,,,,,,
,,,,,,,,,,,,,,,,,,,,,
,,,,,,,,,,,,,,,,,,,,,
,,,,,,,,,,,,,,,,,,,,,
,,,,,,,,,,,,,,,,,,,,,
,,,,,,,,,,,,,,,,,,,,,
,,,,,,,,,,,,,,,,,,,,,
,,,,,,,,,,,,,,,,,,,,,
,,,,,,,,,,,,,,,,,,,,,
,,,,,,,,,,,,,,,,,,,,,
,,,,,,,,,,,,,,,,,,,,,
,,,,,,,,,,,,,,,,,,,,,
,,,,,,,,,,,,,,,,,,,,,
,,,,,,,,,,,,,,,,,,,,,
,,,,,,,,,,,,,,,,,,,,,
,,,,,,,,,,,,,,,,,,,,,
,,,,,,,,,,,,,,,,,,,,,
,,,,,,,,,,,,,,,,,,,,,
,,,,,,,,,,,,,,,,,,,,,
,,,,,,,,,,,,,,,,,,,,,
,,,,,,,,,,,,,,,,,,,,,
,,,,,,,,,,,,,,,,,,,,,
,,,,,,,,,,,,,,,,,,,,,
,,,,,,,,,,,,,,,,,,,,,
,,,,,,,,,,,,,,,,,,,,,
,,,,,,,,,,,,,,,,,,,,,
,,,,,,,,,,,,,,,,,,,,,
,,,,,,,,,,,,,,,,,,,,,
,,,,,,,,,,,,,,,,,,,,,
,,,,,,,,,,,,,,,,,,,,,
,,,,,,,,,,,,,,,,,,,,,
,,,,,,,,,,,,,,,,,,,,,
,,,,,,,,,,,,,,,,,,,,,
,,,,,,,,,,,,,,,,,,,,,
,,,,,,,,,,,,,,,,,,,,,
,,,,,,,,,,,,,,,,,,,,,
,,,,,,,,,,,,,,,,,,,,,
,,,,,,,,,,,,,,,,,,,,,
,,,,,,,,,,,,,,,,,,,,,
,,,,,,,,,,,,,,,,,,,,,
,,,,,,,,,,,,,,,,,,,,,
,,,,,,,,,,,,,,,,,,,,,
,,,,,,,,,,,,,,,,,,,,,
,,,,,,,,,,,,,,,,,,,,,
,,,,,,,,,,,,,,,,,,,,,
,,,,,,,,,,,,,,,,,,,,,
,,,,,,,,,,,,,,,,,,,,,
,,,,,,,,,,,,,,,,,,,,,
,,,,,,,,,,,,,,,,,,,,,
,,,,,,,,,,,,,,,,,,,,,
,,,,,,,,,,,,,,,,,,,,,
,,,,,,,,,,,,,,,,,,,,,
,,,,,,,,,,,,,,,,,,,,,
,,,,,,,,,,,,,,,,,,,,,
,,,,,,,,,,,,,,,,,,,,,
,,,,,,,,,,,,,,,,,,,,,
,,,,,,,,,,,,,,,,,,,,,
,,,,,,,,,,,,,,,,,,,,,
,,,,,,,,,,,,,,,,,,,,,
,,,,,,,,,,,,,,,,,,,,,
,,,,,,,,,,,,,,,,,,,,,
,,,,,,,,,,,,,,,,,,,,,
,,,,,,,,,,,,,,,,,,,,,
,,,,,,,,,,,,,,,,,,,,,
,,,,,,,,,,,,,,,,,,,,,
,,,,,,,,,,,,,,,,,,,,,
,,,,,,,,,,,,,,,,,,,,,
,,,,,,,,,,,,,,,,,,,,,
,,,,,,,,,,,,,,,,,,,,,
,,,,,,,,,,,,,,,,,,,,,
,,,,,,,,,,,,,,,,,,,,,
,,,,,,,,,,,,,,,,,,,,,
,,,,,,,,,,,,,,,,,,,,,
,,,,,,,,,,,,,,,,,,,,,
,,,,,,,,,,,,,,,,,,,,,
,,,,,,,,,,,,,,,,,,,,,
,,,,,,,,,,,,,,,,,,,,,
,,,,,,,,,,,,,,,,,,,,,
,,,,,,,,,,,,,,,,,,,,,
,,,,,,,,,,,,,,,,,,,,,
,,,,,,,,,,,,,,,,,,,,,
,,,,,,,,,,,,,,,,,,,,,
,,,,,,,,,,,,,,,,,,,,,
,,,,,,,,,,,,,,,,,,,,,
,,,,,,,,,,,,,,,,,,,,,
,,,,,,,,,,,,,,,,,,,,,
,,,,,,,,,,,,,,,,,,,,,
,,,,,,,,,,,,,,,,,,,,,
,,,,,,,,,,,,,,,,,,,,,
,,,,,,,,,,,,,,,,,,,,,
,,,,,,,,,,,,,,,,,,,,,
,,,,,,,,,,,,,,,,,,,,,
,,,,,,,,,,,,,,,,,,,,,
,,,,,,,,,,,,,,,,,,,,,
,,,,,,,,,,,,,,,,,,,,,
,,,,,,,,,,,,,,,,,,,,,
,,,,,,,,,,,,,,,,,,,,,
,,,,,,,,,,,,,,,,,,,,,
,,,,,,,,,,,,,,,,,,,,,
,,,,,,,,,,,,,,,,,,,,,
,,,,,,,,,,,,,,,,,,,,,
,,,,,,,,,,,,,,,,,,,,,
,,,,,,,,,,,,,,,,,,,,,
,,,,,,,,,,,,,,,,,,,,,
,,,,,,,,,,,,,,,,,,,,,
,,,,,,,,,,,,,,,,,,,,,
,,,,,,,,,,,,,,,,,,,,,
,,,,,,,,,,,,,,,,,,,,,
,,,,,,,,,,,,,,,,,,,,,
,,,,,,,,,,,,,,,,,,,,,
,,,,,,,,,,,,,,,,,,,,,
,,,,,,,,,,,,,,,,,,,,,
,,,,,,,,,,,,,,,,,,,,,
,,,,,,,,,,,,,,,,,,,,,
,,,,,,,,,,,,,,,,,,,,,
,,,,,,,,,,,,,,,,,,,,,
,,,,,,,,,,,,,,,,,,,,,
,,,,,,,,,,,,,,,,,,,,,
,,,,,,,,,,,,,,,,,,,,,
,,,,,,,,,,,,,,,,,,,,,
,,,,,,,,,,,,,,,,,,,,,
,,,,,,,,,,,,,,,,,,,,,
,,,,,,,,,,,,,,,,,,,,,
,,,,,,,,,,,,,,,,,,,,,
,,,,,,,,,,,,,,,,,,,,,
,,,,,,,,,,,,,,,,,,,,,
,,,,,,,,,,,,,,,,,,,,,
,,,,,,,,,,,,,,,,,,,,,
,,,,,,,,,,,,,,,,,,,,,
,,,,,,,,,,,,,,,,,,,,,
,,,,,,,,,,,,,,,,,,,,,
,,,,,,,,,,,,,,,,,,,,,
,,,,,,,,,,,,,,,,,,,,,
,,,,,,,,,,,,,,,,,,,,,
,,,,,,,,,,,,,,,,,,,,,
,,,,,,,,,,,,,,,,,,,,,
,,,,,,,,,,,,,,,,,,,,,
,,,,,,,,,,,,,,,,,,,,,
,,,,,,,,,,,,,,,,,,,,,
,,,,,,,,,,,,,,,,,,,,,
,,,,,,,,,,,,,,,,,,,,,
,,,,,,,,,,,,,,,,,,,,,
,,,,,,,,,,,,,,,,,,,,,
,,,,,,,,,,,,,,,,,,,,,
,,,,,,,,,,,,,,,,,,,,,
,,,,,,,,,,,,,,,,,,,,,
,,,,,,,,,,,,,,,,,,,,,
,,,,,,,,,,,,,,,,,,,,,
,,,,,,,,,,,,,,,,,,,,,
,,,,,,,,,,,,,,,,,,,,,
,,,,,,,,,,,,,,,,,,,,,
,,,,,,,,,,,,,,,,,,,,,
,,,,,,,,,,,,,,,,,,,,,
,,,,,,,,,,,,,,,,,,,,,
,,,,,,,,,,,,,,,,,,,,,
,,,,,,,,,,,,,,,,,,,,,
,,,,,,,,,,,,,,,,,,,,,
,,,,,,,,,,,,,,,,,,,,,
,,,,,,,,,,,,,,,,,,,,,
,,,,,,,,,,,,,,,,,,,,,
,,,,,,,,,,,,,,,,,,,,,
,,,,,,,,,,,,,,,,,,,,,
,,,,,,,,,,,,,,,,,,,,,
,,,,,,,,,,,,,,,,,,,,,
,,,,,,,,,,,,,,,,,,,,,
,,,,,,,,,,,,,,,,,,,,,
,,,,,,,,,,,,,,,,,,,,,
,,,,,,,,,,,,,,,,,,,,,
,,,,,,,,,,,,,,,,,,,,,
,,,,,,,,,,,,,,,,,,,,,
,,,,,,,,,,,,,,,,,,,,,
,,,,,,,,,,,,,,,,,,,,,
,,,,,,,,,,,,,,,,,,,,,
,,,,,,,,,,,,,,,,,,,,,
,,,,,,,,,,,,,,,,,,,,,
,,,,,,,,,,,,,,,,,,,,,
,,,,,,,,,,,,,,,,,,,,,
,,,,,,,,,,,,,,,,,,,,,
,,,,,,,,,,,,,,,,,,,,,
,,,,,,,,,,,,,,,,,,,,,
,,,,,,,,,,,,,,,,,,,,,
,,,,,,,,,,,,,,,,,,,,,
,,,,,,,,,,,,,,,,,,,,,
,,,,,,,,,,,,,,,,,,,,,
,,,,,,,,,,,,,,,,,,,,,
,,,,,,,,,,,,,,,,,,,,,
,,,,,,,,,,,,,,,,,,,,,
,,,,,,,,,,,,,,,,,,,,,
,,,,,,,,,,,,,,,,,,,,,
,,,,,,,,,,,,,,,,,,,,,
,,,,,,,,,,,,,,,,,,,,,
,,,,,,,,,,,,,,,,,,,,,
,,,,,,,,,,,,,,,,,,,,,
,,,,,,,,,,,,,,,,,,,,,
,,,,,,,,,,,,,,,,,,,,,
,,,,,,,,,,,,,,,,,,,,,
,,,,,,,,,,,,,,,,,,,,,
,,,,,,,,,,,,,,,,,,,,,
,,,,,,,,,,,,,,,,,,,,,
,,,,,,,,,,,,,,,,,,,,,
,,,,,,,,,,,,,,,,,,,,,
,,,,,,,,,,,,,,,,,,,,,
,,,,,,,,,,,,,,,,,,,,,
,,,,,,,,,,,,,,,,,,,,,
,,,,,,,,,,,,,,,,,,,,,
,,,,,,,,,,,,,,,,,,,,,
,,,,,,,,,,,,,,,,,,,,,
,,,,,,,,,,,,,,,,,,,,,
,,,,,,,,,,,,,,,,,,,,,
,,,,,,,,,,,,,,,,,,,,,
,,,,,,,,,,,,,,,,,,,,,
,,,,,,,,,,,,,,,,,,,,,
,,,,,,,,,,,,,,,,,,,,,
,,,,,,,,,,,,,,,,,,,,,
,,,,,,,,,,,,,,,,,,,,,
,,,,,,,,,,,,,,,,,,,,,
,,,,,,,,,,,,,,,,,,,,,
,,,,,,,,,,,,,,,,,,,,,
,,,,,,,,,,,,,,,,,,,,,
,,,,,,,,,,,,,,,,,,,,,
,,,,,,,,,,,,,,,,,,,,,
,,,,,,,,,,,,,,,,,,,,,
,,,,,,,,,,,,,,,,,,,,,
,,,,,,,,,,,,,,,,,,,,,
,,,,,,,,,,,,,,,,,,,,,
,,,,,,,,,,,,,,,,,,,,,
,,,,,,,,,,,,,,,,,,,,,
,,,,,,,,,,,,,,,,,,,,,
,,,,,,,,,,,,,,,,,,,,,
,,,,,,,,,,,,,,,,,,,,,
,,,,,,,,,,,,,,,,,,,,,
,,,,,,,,,,,,,,,,,,,,,
,,,,,,,,,,,,,,,,,,,,,
,,,,,,,,,,,,,,,,,,,,,
,,,,,,,,,,,,,,,,,,,,,
,,,,,,,,,,,,,,,,,,,,,
,,,,,,,,,,,,,,,,,,,,,
,,,,,,,,,,,,,,,,,,,,,
,,,,,,,,,,,,,,,,,,,,,
,,,,,,,,,,,,,,,,,,,,,
,,,,,,,,,,,,,,,,,,,,,
,,,,,,,,,,,,,,,,,,,,,
,,,,,,,,,,,,,,,,,,,,,
,,,,,,,,,,,,,,,,,,,,,
,,,,,,,,,,,,,,,,,,,,,
,,,,,,,,,,,,,,,,,,,,,
,,,,,,,,,,,,,,,,,,,,,
,,,,,,,,,,,,,,,,,,,,,
,,,,,,,,,,,,,,,,,,,,,
,,,,,,,,,,,,,,,,,,,,,
,,,,,,,,,,,,,,,,,,,,,
,,,,,,,,,,,,,,,,,,,,,
,,,,,,,,,,,,,,,,,,,,,
,,,,,,,,,,,,,,,,,,,,,
,,,,,,,,,,,,,,,,,,,,,
,,,,,,,,,,,,,,,,,,,,,
,,,,,,,,,,,,,,,,,,,,,
,,,,,,,,,,,,,,,,,,,,,
,,,,,,,,,,,,,,,,,,,,,
,,,,,,,,,,,,,,,,,,,,,
,,,,,,,,,,,,,,,,,,,,,
,,,,,,,,,,,,,,,,,,,,,
,,,,,,,,,,,,,,,,,,,,,
,,,,,,,,,,,,,,,,,,,,,
,,,,,,,,,,,,,,,,,,,,,
,,,,,,,,,,,,,,,,,,,,,
,,,,,,,,,,,,,,,,,,,,,
,,,,,,,,,,,,,,,,,,,,,
,,,,,,,,,,,,,,,,,,,,,
,,,,,,,,,,,,,,,,,,,,,
,,,,,,,,,,,,,,,,,,,,,
,,,,,,,,,,,,,,,,,,,,,
,,,,,,,,,,,,,,,,,,,,,
,,,,,,,,,,,,,,,,,,,,,
,,,,,,,,,,,,,,,,,,,,,
,,,,,,,,,,,,,,,,,,,,,
,,,,,,,,,,,,,,,,,,,,,
,,,,,,,,,,,,,,,,,,,,,
,,,,,,,,,,,,,,,,,,,,,
,,,,,,,,,,,,,,,,,,,,,
,,,,,,,,,,,,,,,,,,,,,
,,,,,,,,,,,,,,,,,,,,,
,,,,,,,,,,,,,,,,,,,,,
,,,,,,,,,,,,,,,,,,,,,
,,,,,,,,,,,,,,,,,,,,,
,,,,,,,,,,,,,,,,,,,,,
,,,,,,,,,,,,,,,,,,,,,
,,,,,,,,,,,,,,,,,,,,,
,,,,,,,,,,,,,,,,,,,,,
,,,,,,,,,,,,,,,,,,,,,
,,,,,,,,,,,,,,,,,,,,,
,,,,,,,,,,,,,,,,,,,,,
,,,,,,,,,,,,,,,,,,,,,
,,,,,,,,,,,,,,,,,,,,,
,,,,,,,,,,,,,,,,,,,,,
,,,,,,,,,,,,,,,,,,,,,
,,,,,,,,,,,,,,,,,,,,,
,,,,,,,,,,,,,,,,,,,,,
,,,,,,,,,,,,,,,,,,,,,
,,,,,,,,,,,,,,,,,,,,,
,,,,,,,,,,,,,,,,,,,,,
,,,,,,,,,,,,,,,,,,,,,
,,,,,,,,,,,,,,,,,,,,,
,,,,,,,,,,,,,,,,,,,,,
,,,,,,,,,,,,,,,,,,,,,
,,,,,,,,,,,,,,,,,,,,,
,,,,,,,,,,,,,,,,,,,,,
,,,,,,,,,,,,,,,,,,,,,
,,,,,,,,,,,,,,,,,,,,,
,,,,,,,,,,,,,,,,,,,,,
,,,,,,,,,,,,,,,,,,,,,
,,,,,,,,,,,,,,,,,,,,,
,,,,,,,,,,,,,,,,,,,,,
,,,,,,,,,,,,,,,,,,,,,
,,,,,,,,,,,,,,,,,,,,,
,,,,,,,,,,,,,,,,,,,,,
,,,,,,,,,,,,,,,,,,,,,
,,,,,,,,,,,,,,,,,,,,,
,,,,,,,,,,,,,,,,,,,,,
,,,,,,,,,,,,,,,,,,,,,
,,,,,,,,,,,,,,,,,,,,,
,,,,,,,,,,,,,,,,,,,,,
,,,,,,,,,,,,,,,,,,,,,
,,,,,,,,,,,,,,,,,,,,,
,,,,,,,,,,,,,,,,,,,,,
,,,,,,,,,,,,,,,,,,,,,
,,,,,,,,,,,,,,,,,,,,,
,,,,,,,,,,,,,,,,,,,,,
,,,,,,,,,,,,,,,,,,,,,
,,,,,,,,,,,,,,,,,,,,,
,,,,,,,,,,,,,,,,,,,,,
,,,,,,,,,,,,,,,,,,,,,
,,,,,,,,,,,,,,,,,,,,,
,,,,,,,,,,,,,,,,,,,,,
,,,,,,,,,,,,,,,,,,,,,
,,,,,,,,,,,,,,,,,,,,,
,,,,,,,,,,,,,,,,,,,,,
,,,,,,,,,,,,,,,,,,,,,
,,,,,,,,,,,,,,,,,,,,,
,,,,,,,,,,,,,,,,,,,,,
,,,,,,,,,,,,,,,,,,,,,
,,,,,,,,,,,,,,,,,,,,,
,,,,,,,,,,,,,,,,,,,,,
,,,,,,,,,,,,,,,,,,,,,
,,,,,,,,,,,,,,,,,,,,,
,,,,,,,,,,,,,,,,,,,,,
,,,,,,,,,,,,,,,,,,,,,
,,,,,,,,,,,,,,,,,,,,,
,,,,,,,,,,,,,,,,,,,,,
,,,,,,,,,,,,,,,,,,,,,
,,,,,,,,,,,,,,,,,,,,,
,,,,,,,,,,,,,,,,,,,,,
,,,,,,,,,,,,,,,,,,,,,
,,,,,,,,,,,,,,,,,,,,,
,,,,,,,,,,,,,,,,,,,,,
,,,,,,,,,,,,,,,,,,,,,
,,,,,,,,,,,,,,,,,,,,,
,,,,,,,,,,,,,,,,,,,,,
,,,,,,,,,,,,,,,,,,,,,
,,,,,,,,,,,,,,,,,,,,,
,,,,,,,,,,,,,,,,,,,,,
,,,,,,,,,,,,,,,,,,,,,
,,,,,,,,,,,,,,,,,,,,,
,,,,,,,,,,,,,,,,,,,,,
,,,,,,,,,,,,,,,,,,,,,
,,,,,,,,,,,,,,,,,,,,,
,,,,,,,,,,,,,,,,,,,,,
,,,,,,,,,,,,,,,,,,,,,
,,,,,,,,,,,,,,,,,,,,,
,,,,,,,,,,,,,,,,,,,,,
,,,,,,,,,,,,,,,,,,,,,
,,,,,,,,,,,,,,,,,,,,,
,,,,,,,,,,,,,,,,,,,,,
,,,,,,,,,,,,,,,,,,,,,
,,,,,,,,,,,,,,,,,,,,,
,,,,,,,,,,,,,,,,,,,,,
,,,,,,,,,,,,,,,,,,,,,
,,,,,,,,,,,,,,,,,,,,,
,,,,,,,,,,,,,,,,,,,,,
,,,,,,,,,,,,,,,,,,,,,
,,,,,,,,,,,,,,,,,,,,,
,,,,,,,,,,,,,,,,,,,,,
,,,,,,,,,,,,,,,,,,,,,
,,,,,,,,,,,,,,,,,,,,,
,,,,,,,,,,,,,,,,,,,,,
,,,,,,,,,,,,,,,,,,,,,
,,,,,,,,,,,,,,,,,,,,,
,,,,,,,,,,,,,,,,,,,,,
,,,,,,,,,,,,,,,,,,,,,
,,,,,,,,,,,,,,,,,,,,,
,,,,,,,,,,,,,,,,,,,,,
,,,,,,,,,,,,,,,,,,,,,
,,,,,,,,,,,,,,,,,,,,,
,,,,,,,,,,,,,,,,,,,,,
,,,,,,,,,,,,,,,,,,,,,
,,,,,,,,,,,,,,,,,,,,,
,,,,,,,,,,,,,,,,,,,,,
,,,,,,,,,,,,,,,,,,,,,
,,,,,,,,,,,,,,,,,,,,,
,,,,,,,,,,,,,,,,,,,,,
,,,,,,,,,,,,,,,,,,,,,
,,,,,,,,,,,,,,,,,,,,,
,,,,,,,,,,,,,,,,,,,,,
,,,,,,,,,,,,,,,,,,,,,
,,,,,,,,,,,,,,,,,,,,,
,,,,,,,,,,,,,,,,,,,,,
,,,,,,,,,,,,,,,,,,,,,
,,,,,,,,,,,,,,,,,,,,,
,,,,,,,,,,,,,,,,,,,,,
,,,,,,,,,,,,,,,,,,,,,
,,,,,,,,,,,,,,,,,,,,,
,,,,,,,,,,,,,,,,,,,,,
,,,,,,,,,,,,,,,,,,,,,
,,,,,,,,,,,,,,,,,,,,,
,,,,,,,,,,,,,,,,,,,,,
,,,,,,,,,,,,,,,,,,,,,
,,,,,,,,,,,,,,,,,,,,,
,,,,,,,,,,,,,,,,,,,,,
,,,,,,,,,,,,,,,,,,,,,
,,,,,,,,,,,,,,,,,,,,,
,,,,,,,,,,,,,,,,,,,,,
,,,,,,,,,,,,,,,,,,,,,
,,,,,,,,,,,,,,,,,,,,,
,,,,,,,,,,,,,,,,,,,,,
,,,,,,,,,,,,,,,,,,,,,
,,,,,,,,,,,,,,,,,,,,,
,,,,,,,,,,,,,,,,,,,,,
,,,,,,,,,,,,,,,,,,,,,
,,,,,,,,,,,,,,,,,,,,,
,,,,,,,,,,,,,,,,,,,,,
,,,,,,,,,,,,,,,,,,,,,
,,,,,,,,,,,,,,,,,,,,,
,,,,,,,,,,,,,,,,,,,,,
,,,,,,,,,,,,,,,,,,,,,
,,,,,,,,,,,,,,,,,,,,,
,,,,,,,,,,,,,,,,,,,,,
,,,,,,,,,,,,,,,,,,,,,
,,,,,,,,,,,,,,,,,,,,,
,,,,,,,,,,,,,,,,,,,,,
,,,,,,,,,,,,,,,,,,,,,
,,,,,,,,,,,,,,,,,,,,,
,,,,,,,,,,,,,,,,,,,,,
,,,,,,,,,,,,,,,,,,,,,
,,,,,,,,,,,,,,,,,,,,,
,,,,,,,,,,,,,,,,,,,,,
,,,,,,,,,,,,,,,,,,,,,
,,,,,,,,,,,,,,,,,,,,,
,,,,,,,,,,,,,,,,,,,,,
,,,,,,,,,,,,,,,,,,,,,
,,,,,,,,,,,,,,,,,,,,,
,,,,,,,,,,,,,,,,,,,,,
,,,,,,,,,,,,,,,,,,,,,
,,,,,,,,,,,,,,,,,,,,,
,,,,,,,,,,,,,,,,,,,,,
,,,,,,,,,,,,,,,,,,,,,
,,,,,,,,,,,,,,,,,,,,,
,,,,,,,,,,,,,,,,,,,,,
,,,,,,,,,,,,,,,,,,,,,
,,,,,,,,,,,,,,,,,,,,,
,,,,,,,,,,,,,,,,,,,,,
,,,,,,,,,,,,,,,,,,,,,
,,,,,,,,,,,,,,,,,,,,,
,,,,,,,,,,,,,,,,,,,,,
,,,,,,,,,,,,,,,,,,,,,
,,,,,,,,,,,,,,,,,,,,,
,,,,,,,,,,,,,,,,,,,,,
,,,,,,,,,,,,,,,,,,,,,
,,,,,,,,,,,,,,,,,,,,,
,,,,,,,,,,,,,,,,,,,,,
,,,,,,,,,,,,,,,,,,,,,
,,,,,,,,,,,,,,,,,,,,,
,,,,,,,,,,,,,,,,,,,,,
,,,,,,,,,,,,,,,,,,,,,
,,,,,,,,,,,,,,,,,,,,,
,,,,,,,,,,,,,,,,,,,,,
,,,,,,,,,,,,,,,,,,,,,
,,,,,,,,,,,,,,,,,,,,,
,,,,,,,,,,,,,,,,,,,,,
,,,,,,,,,,,,,,,,,,,,,
,,,,,,,,,,,,,,,,,,,,,
,,,,,,,,,,,,,,,,,,,,,
,,,,,,,,,,,,,,,,,,,,,
,,,,,,,,,,,,,,,,,,,,,
,,,,,,,,,,,,,,,,,,,,,
,,,,,,,,,,,,,,,,,,,,,
,,,,,,,,,,,,,,,,,,,,,
,,,,,,,,,,,,,,,,,,,,,
,,,,,,,,,,,,,,,,,,,,,
,,,,,,,,,,,,,,,,,,,,,
,,,,,,,,,,,,,,,,,,,,,
,,,,,,,,,,,,,,,,,,,,,
,,,,,,,,,,,,,,,,,,,,,
,,,,,,,,,,,,,,,,,,,,,
,,,,,,,,,,,,,,,,,,,,,
,,,,,,,,,,,,,,,,,,,,,
,,,,,,,,,,,,,,,,,,,,,
,,,,,,,,,,,,,,,,,,,,,
,,,,,,,,,,,,,,,,,,,,,
,,,,,,,,,,,,,,,,,,,,,
,,,,,,,,,,,,,,,,,,,,,
,,,,,,,,,,,,,,,,,,,,,
,,,,,,,,,,,,,,,,,,,,,
,,,,,,,,,,,,,,,,,,,,,
,,,,,,,,,,,,,,,,,,,,,
,,,,,,,,,,,,,,,,,,,,,
,,,,,,,,,,,,,,,,,,,,,
,,,,,,,,,,,,,,,,,,,,,
,,,,,,,,,,,,,,,,,,,,,
,,,,,,,,,,,,,,,,,,,,,
,,,,,,,,,,,,,,,,,,,,,
,,,,,,,,,,,,,,,,,,,,,
,,,,,,,,,,,,,,,,,,,,,
,,,,,,,,,,,,,,,,,,,,,
,,,,,,,,,,,,,,,,,,,,,
,,,,,,,,,,,,,,,,,,,,,
,,,,,,,,,,,,,,,,,,,,,
,,,,,,,,,,,,,,,,,,,,,
,,,,,,,,,,,,,,,,,,,,,
,,,,,,,,,,,,,,,,,,,,,
,,,,,,,,,,,,,,,,,,,,,
,,,,,,,,,,,,,,,,,,,,,
,,,,,,,,,,,,,,,,,,,,,
,,,,,,,,,,,,,,,,,,,,,
,,,,,,,,,,,,,,,,,,,,,
,,,,,,,,,,,,,,,,,,,,,
,,,,,,,,,,,,,,,,,,,,,
,,,,,,,,,,,,,,,,,,,,,
,,,,,,,,,,,,,,,,,,,,,
,,,,,,,,,,,,,,,,,,,,,
,,,,,,,,,,,,,,,,,,,,,
,,,,,,,,,,,,,,,,,,,,,
,,,,,,,,,,,,,,,,,,,,,
,,,,,,,,,,,,,,,,,,,,,
,,,,,,,,,,,,,,,,,,,,,
,,,,,,,,,,,,,,,,,,,,,
,,,,,,,,,,,,,,,,,,,,,
,,,,,,,,,,,,,,,,,,,,,
,,,,,,,,,,,,,,,,,,,,,
,,,,,,,,,,,,,,,,,,,,,
,,,,,,,,,,,,,,,,,,,,,
,,,,,,,,,,,,,,,,,,,,,
,,,,,,,,,,,,,,,,,,,,,
,,,,,,,,,,,,,,,,,,,,,
,,,,,,,,,,,,,,,,,,,,,
,,,,,,,,,,,,,,,,,,,,,
,,,,,,,,,,,,,,,,,,,,,
,,,,,,,,,,,,,,,,,,,,,
,,,,,,,,,,,,,,,,,,,,,
,,,,,,,,,,,,,,,,,,,,,
,,,,,,,,,,,,,,,,,,,,,
,,,,,,,,,,,,,,,,,,,,,
,,,,,,,,,,,,,,,,,,,,,
,,,,,,,,,,,,,,,,,,,,,
,,,,,,,,,,,,,,,,,,,,,
,,,,,,,,,,,,,,,,,,,,,
,,,,,,,,,,,,,,,,,,,,,
,,,,,,,,,,,,,,,,,,,,,
,,,,,,,,,,,,,,,,,,,,,
,,,,,,,,,,,,,,,,,,,,,
,,,,,,,,,,,,,,,,,,,,,
,,,,,,,,,,,,,,,,,,,,,
,,,,,,,,,,,,,,,,,,,,,
,,,,,,,,,,,,,,,,,,,,,
,,,,,,,,,,,,,,,,,,,,,
,,,,,,,,,,,,,,,,,,,,,
,,,,,,,,,,,,,,,,,,,,,
,,,,,,,,,,,,,,,,,,,,,
,,,,,,,,,,,,,,,,,,,,,
,,,,,,,,,,,,,,,,,,,,,
,,,,,,,,,,,,,,,,,,,,,
,,,,,,,,,,,,,,,,,,,,,
,,,,,,,,,,,,,,,,,,,,,
,,,,,,,,,,,,,,,,,,,,,
,,,,,,,,,,,,,,,,,,,,,
,,,,,,,,,,,,,,,,,,,,,
,,,,,,,,,,,,,,,,,,,,,
,,,,,,,,,,,,,,,,,,,,,
,,,,,,,,,,,,,,,,,,,,,
,,,,,,,,,,,,,,,,,,,,,
,,,,,,,,,,,,,,,,,,,,,
,,,,,,,,,,,,,,,,,,,,,
,,,,,,,,,,,,,,,,,,,,,
,,,,,,,,,,,,,,,,,,,,,
,,,,,,,,,,,,,,,,,,,,,
,,,,,,,,,,,,,,,,,,,,,
,,,,,,,,,,,,,,,,,,,,,
,,,,,,,,,,,,,,,,,,,,,
,,,,,,,,,,,,,,,,,,,,,
,,,,,,,,,,,,,,,,,,,,,
,,,,,,,,,,,,,,,,,,,,,
,,,,,,,,,,,,,,,,,,,,,
,,,,,,,,,,,,,,,,,,,,,
,,,,,,,,,,,,,,,,,,,,,
,,,,,,,,,,,,,,,,,,,,,
,,,,,,,,,,,,,,,,,,,,,
,,,,,,,,,,,,,,,,,,,,,
,,,,,,,,,,,,,,,,,,,,,
,,,,,,,,,,,,,,,,,,,,,
,,,,,,,,,,,,,,,,,,,,,
,,,,,,,,,,,,,,,,,,,,,
,,,,,,,,,,,,,,,,,,,,,
,,,,,,,,,,,,,,,,,,,,,
,,,,,,,,,,,,,,,,,,,,,
,,,,,,,,,,,,,,,,,,,,,
,,,,,,,,,,,,,,,,,,,,,
,,,,,,,,,,,,,,,,,,,,,
,,,,,,,,,,,,,,,,,,,,,
,,,,,,,,,,,,,,,,,,,,,
,,,,,,,,,,,,,,,,,,,,,
,,,,,,,,,,,,,,,,,,,,,
,,,,,,,,,,,,,,,,,,,,,
,,,,,,,,,,,,,,,,,,,,,
,,,,,,,,,,,,,,,,,,,,,
,,,,,,,,,,,,,,,,,,,,,
,,,,,,,,,,,,,,,,,,,,,
,,,,,,,,,,,,,,,,,,,,,
,,,,,,,,,,,,,,,,,,,,,
,,,,,,,,,,,,,,,,,,,,,
,,,,,,,,,,,,,,,,,,,,,
,,,,,,,,,,,,,,,,,,,,,
,,,,,,,,,,,,,,,,,,,,,
,,,,,,,,,,,,,,,,,,,,,
,,,,,,,,,,,,,,,,,,,,,
,,,,,,,,,,,,,,,,,,,,,
,,,,,,,,,,,,,,,,,,,,,
,,,,,,,,,,,,,,,,,,,,,
,,,,,,,,,,,,,,,,,,,,,
,,,,,,,,,,,,,,,,,,,,,
,,,,,,,,,,,,,,,,,,,,,
,,,,,,,,,,,,,,,,,,,,,
,,,,,,,,,,,,,,,,,,,,,
,,,,,,,,,,,,,,,,,,,,,
,,,,,,,,,,,,,,,,,,,,,
,,,,,,,,,,,,,,,,,,,,,
,,,,,,,,,,,,,,,,,,,,,
,,,,,,,,,,,,,,,,,,,,,
,,,,,,,,,,,,,,,,,,,,,
,,,,,,,,,,,,,,,,,,,,,
,,,,,,,,,,,,,,,,,,,,,
,,,,,,,,,,,,,,,,,,,,,
,,,,,,,,,,,,,,,,,,,,,
,,,,,,,,,,,,,,,,,,,,,
,,,,,,,,,,,,,,,,,,,,,
,,,,,,,,,,,,,,,,,,,,,
,,,,,,,,,,,,,,,,,,,,,
,,,,,,,,,,,,,,,,,,,,,
,,,,,,,,,,,,,,,,,,,,,
,,,,,,,,,,,,,,,,,,,,,
,,,,,,,,,,,,,,,,,,,,,
,,,,,,,,,,,,,,,,,,,,,
,,,,,,,,,,,,,,,,,,,,,
,,,,,,,,,,,,,,,,,,,,,
,,,,,,,,,,,,,,,,,,,,,
,,,,,,,,,,,,,,,,,,,,,
,,,,,,,,,,,,,,,,,,,,,
,,,,,,,,,,,,,,,,,,,,,
,,,,,,,,,,,,,,,,,,,,,
,,,,,,,,,,,,,,,,,,,,,
,,,,,,,,,,,,,,,,,,,,,
,,,,,,,,,,,,,,,,,,,,,
,,,,,,,,,,,,,,,,,,,,,
,,,,,,,,,,,,,,,,,,,,,
,,,,,,,,,,,,,,,,,,,,,
,,,,,,,,,,,,,,,,,,,,,
,,,,,,,,,,,,,,,,,,,,,
,,,,,,,,,,,,,,,,,,,,,
,,,,,,,,,,,,,,,,,,,,,
,,,,,,,,,,,,,,,,,,,,,
,,,,,,,,,,,,,,,,,,,,,
,,,,,,,,,,,,,,,,,,,,,
,,,,,,,,,,,,,,,,,,,,,
,,,,,,,,,,,,,,,,,,,,,
,,,,,,,,,,,,,,,,,,,,,
,,,,,,,,,,,,,,,,,,,,,
,,,,,,,,,,,,,,,,,,,,,
,,,,,,,,,,,,,,,,,,,,,
,,,,,,,,,,,,,,,,,,,,,
,,,,,,,,,,,,,,,,,,,,,
,,,,,,,,,,,,,,,,,,,,,
,,,,,,,,,,,,,,,,,,,,,
,,,,,,,,,,,,,,,,,,,,,
,,,,,,,,,,,,,,,,,,,,,
,,,,,,,,,,,,,,,,,,,,,
,,,,,,,,,,,,,,,,,,,,,
,,,,,,,,,,,,,,,,,,,,,
,,,,,,,,,,,,,,,,,,,,,
,,,,,,,,,,,,,,,,,,,,,
,,,,,,,,,,,,,,,,,,,,,
,,,,,,,,,,,,,,,,,,,,,
,,,,,,,,,,,,,,,,,,,,,
,,,,,,,,,,,,,,,,,,,,,
,,,,,,,,,,,,,,,,,,,,,
,,,,,,,,,,,,,,,,,,,,,
,,,,,,,,,,,,,,,,,,,,,
,,,,,,,,,,,,,,,,,,,,,
,,,,,,,,,,,,,,,,,,,,,
,,,,,,,,,,,,,,,,,,,,,
,,,,,,,,,,,,,,,,,,,,,
,,,,,,,,,,,,,,,,,,,,,
,,,,,,,,,,,,,,,,,,,,,
,,,,,,,,,,,,,,,,,,,,,
,,,,,,,,,,,,,,,,,,,,,
,,,,,,,,,,,,,,,,,,,,,
,,,,,,,,,,,,,,,,,,,,,
,,,,,,,,,,,,,,,,,,,,,
,,,,,,,,,,,,,,,,,,,,,
,,,,,,,,,,,,,,,,,,,,,
,,,,,,,,,,,,,,,,,,,,,
,,,,,,,,,,,,,,,,,,,,,
,,,,,,,,,,,,,,,,,,,,,
,,,,,,,,,,,,,,,,,,,,,
,,,,,,,,,,,,,,,,,,,,,
,,,,,,,,,,,,,,,,,,,,,
,,,,,,,,,,,,,,,,,,,,,
,,,,,,,,,,,,,,,,,,,,,
,,,,,,,,,,,,,,,,,,,,,
,,,,,,,,,,,,,,,,,,,,,
,,,,,,,,,,,,,,,,,,,,,
,,,,,,,,,,,,,,,,,,,,,
,,,,,,,,,,,,,,,,,,,,,
,,,,,,,,,,,,,,,,,,,,,
,,,,,,,,,,,,,,,,,,,,,
,,,,,,,,,,,,,,,,,,,,,
,,,,,,,,,,,,,,,,,,,,,
,,,,,,,,,,,,,,,,,,,,,
,,,,,,,,,,,,,,,,,,,,,
,,,,,,,,,,,,,,,,,,,,,
,,,,,,,,,,,,,,,,,,,,,
,,,,,,,,,,,,,,,,,,,,,
,,,,,,,,,,,,,,,,,,,,,
,,,,,,,,,,,,,,,,,,,,,
,,,,,,,,,,,,,,,,,,,,,
,,,,,,,,,,,,,,,,,,,,,
,,,,,,,,,,,,,,,,,,,,,
,,,,,,,,,,,,,,,,,,,,,
,,,,,,,,,,,,,,,,,,,,,
,,,,,,,,,,,,,,,,,,,,,
,,,,,,,,,,,,,,,,,,,,,
,,,,,,,,,,,,,,,,,,,,,
,,,,,,,,,,,,,,,,,,,,,
,,,,,,,,,,,,,,,,,,,,,
,,,,,,,,,,,,,,,,,,,,,
,,,,,,,,,,,,,,,,,,,,,
,,,,,,,,,,,,,,,,,,,,,
,,,,,,,,,,,,,,,,,,,,,
,,,,,,,,,,,,,,,,,,,,,
,,,,,,,,,,,,,,,,,,,,,
,,,,,,,,,,,,,,,,,,,,,
,,,,,,,,,,,,,,,,,,,,,
,,,,,,,,,,,,,,,,,,,,,
,,,,,,,,,,,,,,,,,,,,,
,,,,,,,,,,,,,,,,,,,,,
,,,,,,,,,,,,,,,,,,,,,
,,,,,,,,,,,,,,,,,,,,,
,,,,,,,,,,,,,,,,,,,,,
,,,,,,,,,,,,,,,,,,,,,
,,,,,,,,,,,,,,,,,,,,,
,,,,,,,,,,,,,,,,,,,,,
,,,,,,,,,,,,,,,,,,,,,
,,,,,,,,,,,,,,,,,,,,,
,,,,,,,,,,,,,,,,,,,,,
,,,,,,,,,,,,,,,,,,,,,
,,,,,,,,,,,,,,,,,,,,,
,,,,,,,,,,,,,,,,,,,,,
,,,,,,,,,,,,,,,,,,,,,
,,,,,,,,,,,,,,,,,,,,,
,,,,,,,,,,,,,,,,,,,,,
,,,,,,,,,,,,,,,,,,,,,
,,,,,,,,,,,,,,,,,,,,,
,,,,,,,,,,,,,,,,,,,,,
,,,,,,,,,,,,,,,,,,,,,
,,,,,,,,,,,,,,,,,,,,,
,,,,,,,,,,,,,,,,,,,,,
,,,,,,,,,,,,,,,,,,,,,
,,,,,,,,,,,,,,,,,,,,,
,,,,,,,,,,,,,,,,,,,,,
,,,,,,,,,,,,,,,,,,,,,
,,,,,,,,,,,,,,,,,,,,,
,,,,,,,,,,,,,,,,,,,,,
,,,,,,,,,,,,,,,,,,,,,
,,,,,,,,,,,,,,,,,,,,,
,,,,,,,,,,,,,,,,,,,,,
,,,,,,,,,,,,,,,,,,,,,
,,,,,,,,,,,,,,,,,,,,,
,,,,,,,,,,,,,,,,,,,,,
,,,,,,,,,,,,,,,,,,,,,
,,,,,,,,,,,,,,,,,,,,,
,,,,,,,,,,,,,,,,,,,,,
,,,,,,,,,,,,,,,,,,,,,
,,,,,,,,,,,,,,,,,,,,,
,,,,,,,,,,,,,,,,,,,,,
,,,,,,,,,,,,,,,,,,,,,
,,,,,,,,,,,,,,,,,,,,,
,,,,,,,,,,,,,,,,,,,,,
,,,,,,,,,,,,,,,,,,,,,
,,,,,,,,,,,,,,,,,,,,,
,,,,,,,,,,,,,,,,,,,,,
,,,,,,,,,,,,,,,,,,,,,
,,,,,,,,,,,,,,,,,,,,,
,,,,,,,,,,,,,,,,,,,,,
,,,,,,,,,,,,,,,,,,,,,
,,,,,,,,,,,,,,,,,,,,,
,,,,,,,,,,,,,,,,,,,,,
,,,,,,,,,,,,,,,,,,,,,
,,,,,,,,,,,,,,,,,,,,,
,,,,,,,,,,,,,,,,,,,,,
,,,,,,,,,,,,,,,,,,,,,
,,,,,,,,,,,,,,,,,,,,,
,,,,,,,,,,,,,,,,,,,,,
,,,,,,,,,,,,,,,,,,,,,
,,,,,,,,,,,,,,,,,,,,,
,,,,,,,,,,,,,,,,,,,,,
,,,,,,,,,,,,,,,,,,,,,
,,,,,,,,,,,,,,,,,,,,,
,,,,,,,,,,,,,,,,,,,,,
,,,,,,,,,,,,,,,,,,,,,
,,,,,,,,,,,,,,,,,,,,,
,,,,,,,,,,,,,,,,,,,,,
,,,,,,,,,,,,,,,,,,,,,
,,,,,,,,,,,,,,,,,,,,,
,,,,,,,,,,,,,,,,,,,,,
,,,,,,,,,,,,,,,,,,,,,
,,,,,,,,,,,,,,,,,,,,,
,,,,,,,,,,,,,,,,,,,,,
,,,,,,,,,,,,,,,,,,,,,
,,,,,,,,,,,,,,,,,,,,,
,,,,,,,,,,,,,,,,,,,,,
,,,,,,,,,,,,,,,,,,,,,
,,,,,,,,,,,,,,,,,,,,,
,,,,,,,,,,,,,,,,,,,,,
,,,,,,,,,,,,,,,,,,,,,
,,,,,,,,,,,,,,,,,,,,,
,,,,,,,,,,,,,,,,,,,,,
,,,,,,,,,,,,,,,,,,,,,
,,,,,,,,,,,,,,,,,,,,,
,,,,,,,,,,,,,,,,,,,,,
,,,,,,,,,,,,,,,,,,,,,
,,,,,,,,,,,,,,,,,,,,,
,,,,,,,,,,,,,,,,,,,,,
,,,,,,,,,,,,,,,,,,,,,
,,,,,,,,,,,,,,,,,,,,,
,,,,,,,,,,,,,,,,,,,,,
,,,,,,,,,,,,,,,,,,,,,
,,,,,,,,,,,,,,,,,,,,,
,,,,,,,,,,,,,,,,,,,,,
,,,,,,,,,,,,,,,,,,,,,
,,,,,,,,,,,,,,,,,,,,,
,,,,,,,,,,,,,,,,,,,,,
,,,,,,,,,,,,,,,,,,,,,
,,,,,,,,,,,,,,,,,,,,,
,,,,,,,,,,,,,,,,,,,,,
,,,,,,,,,,,,,,,,,,,,,
,,,,,,,,,,,,,,,,,,,,,
,,,,,,,,,,,,,,,,,,,,,
,,,,,,,,,,,,,,,,,,,,,
,,,,,,,,,,,,,,,,,,,,,
,,,,,,,,,,,,,,,,,,,,,
,,,,,,,,,,,,,,,,,,,,,
,,,,,,,,,,,,,,,,,,,,,
,,,,,,,,,,,,,,,,,,,,,
,,,,,,,,,,,,,,,,,,,,,
,,,,,,,,,,,,,,,,,,,,,
,,,,,,,,,,,,,,,,,,,,,
,,,,,,,,,,,,,,,,,,,,,
,,,,,,,,,,,,,,,,,,,,,
,,,,,,,,,,,,,,,,,,,,,
,,,,,,,,,,,,,,,,,,,,,
,,,,,,,,,,,,,,,,,,,,,
,,,,,,,,,,,,,,,,,,,,,
,,,,,,,,,,,,,,,,,,,,,
,,,,,,,,,,,,,,,,,,,,,
,,,,,,,,,,,,,,,,,,,,,
,,,,,,,,,,,,,,,,,,,,,
,,,,,,,,,,,,,,,,,,,,,
,,,,,,,,,,,,,,,,,,,,,
,,,,,,,,,,,,,,,,,,,,,
,,,,,,,,,,,,,,,,,,,,,
,,,,,,,,,,,,,,,,,,,,,
,,,,,,,,,,,,,,,,,,,,,
,,,,,,,,,,,,,,,,,,,,,
,,,,,,,,,,,,,,,,,,,,,
,,,,,,,,,,,,,,,,,,,,,
,,,,,,,,,,,,,,,,,,,,,
,,,,,,,,,,,,,,,,,,,,,
,,,,,,,,,,,,,,,,,,,,,
,,,,,,,,,,,,,,,,,,,,,
,,,,,,,,,,,,,,,,,,,,,
,,,,,,,,,,,,,,,,,,,,,
,,,,,,,,,,,,,,,,,,,,,
,,,,,,,,,,,,,,,,,,,,,
,,,,,,,,,,,,,,,,,,,,,
,,,,,,,,,,,,,,,,,,,,,
,,,,,,,,,,,,,,,,,,,,,
,,,,,,,,,,,,,,,,,,,,,
,,,,,,,,,,,,,,,,,,,,,
,,,,,,,,,,,,,,,,,,,,,
,,,,,,,,,,,,,,,,,,,,,
,,,,,,,,,,,,,,,,,,,,,
,,,,,,,,,,,,,,,,,,,,,
,,,,,,,,,,,,,,,,,,,,,
,,,,,,,,,,,,,,,,,,,,,
,,,,,,,,,,,,,,,,,,,,,
,,,,,,,,,,,,,,,,,,,,,
,,,,,,,,,,,,,,,,,,,,,
,,,,,,,,,,,,,,,,,,,,,
,,,,,,,,,,,,,,,,,,,,,
,,,,,,,,,,,,,,,,,,,,,
,,,,,,,,,,,,,,,,,,,,,
,,,,,,,,,,,,,,,,,,,,,
,,,,,,,,,,,,,,,,,,,,,
,,,,,,,,,,,,,,,,,,,,,
,,,,,,,,,,,,,,,,,,,,,
,,,,,,,,,,,,,,,,,,,,,
,,,,,,,,,,,,,,,,,,,,,
,,,,,,,,,,,,,,,,,,,,,
,,,,,,,,,,,,,,,,,,,,,
,,,,,,,,,,,,,,,,,,,,,
,,,,,,,,,,,,,,,,,,,,,
,,,,,,,,,,,,,,,,,,,,,
,,,,,,,,,,,,,,,,,,,,,
,,,,,,,,,,,,,,,,,,,,,
,,,,,,,,,,,,,,,,,,,,,
,,,,,,,,,,,,,,,,,,,,,
,,,,,,,,,,,,,,,,,,,,,
,,,,,,,,,,,,,,,,,,,,,
,,,,,,,,,,,,,,,,,,,,,
,,,,,,,,,,,,,,,,,,,,,
,,,,,,,,,,,,,,,,,,,,,
,,,,,,,,,,,,,,,,,,,,,
,,,,,,,,,,,,,,,,,,,,,
,,,,,,,,,,,,,,,,,,,,,
,,,,,,,,,,,,,,,,,,,,,
,,,,,,,,,,,,,,,,,,,,,
,,,,,,,,,,,,,,,,,,,,,
,,,,,,,,,,,,,,,,,,,,,
,,,,,,,,,,,,,,,,,,,,,
,,,,,,,,,,,,,,,,,,,,,
,,,,,,,,,,,,,,,,,,,,,
,,,,,,,,,,,,,,,,,,,,,
,,,,,,,,,,,,,,,,,,,,,
,,,,,,,,,,,,,,,,,,,,,
,,,,,,,,,,,,,,,,,,,,,
,,,,,,,,,,,,,,,,,,,,,
,,,,,,,,,,,,,,,,,,,,,
,,,,,,,,,,,,,,,,,,,,,
,,,,,,,,,,,,,,,,,,,,,
,,,,,,,,,,,,,,,,,,,,,
,,,,,,,,,,,,,,,,,,,,,
,,,,,,,,,,,,,,,,,,,,,
,,,,,,,,,,,,,,,,,,,,,
,,,,,,,,,,,,,,,,,,,,,
,,,,,,,,,,,,,,,,,,,,,
,,,,,,,,,,,,,,,,,,,,,
,,,,,,,,,,,,,,,,,,,,,
,,,,,,,,,,,,,,,,,,,,,
,,,,,,,,,,,,,,,,,,,,,
,,,,,,,,,,,,,,,,,,,,,
,,,,,,,,,,,,,,,,,,,,,
,,,,,,,,,,,,,,,,,,,,,
,,,,,,,,,,,,,,,,,,,,,
,,,,,,,,,,,,,,,,,,,,,
,,,,,,,,,,,,,,,,,,,,,
,,,,,,,,,,,,,,,,,,,,,
,,,,,,,,,,,,,,,,,,,,,
,,,,,,,,,,,,,,,,,,,,,
,,,,,,,,,,,,,,,,,,,,,
,,,,,,,,,,,,,,,,,,,,,
,,,,,,,,,,,,,,,,,,,,,
,,,,,,,,,,,,,,,,,,,,,
,,,,,,,,,,,,,,,,,,,,,
,,,,,,,,,,,,,,,,,,,,,
,,,,,,,,,,,,,,,,,,,,,
,,,,,,,,,,,,,,,,,,,,,
,,,,,,,,,,,,,,,,,,,,,
,,,,,,,,,,,,,,,,,,,,,
,,,,,,,,,,,,,,,,,,,,,
,,,,,,,,,,,,,,,,,,,,,
,,,,,,,,,,,,,,,,,,,,,
,,,,,,,,,,,,,,,,,,,,,
,,,,,,,,,,,,,,,,,,,,,
,,,,,,,,,,,,,,,,,,,,,
,,,,,,,,,,,,,,,,,,,,,
,,,,,,,,,,,,,,,,,,,,,
,,,,,,,,,,,,,,,,,,,,,
,,,,,,,,,,,,,,,,,,,,,
,,,,,,,,,,,,,,,,,,,,,
,,,,,,,,,,,,,,,,,,,,,
,,,,,,,,,,,,,,,,,,,,,
,,,,,,,,,,,,,,,,,,,,,
,,,,,,,,,,,,,,,,,,,,,
,,,,,,,,,,,,,,,,,,,,,
,,,,,,,,,,,,,,,,,,,,,
,,,,,,,,,,,,,,,,,,,,,
,,,,,,,,,,,,,,,,,,,,,
,,,,,,,,,,,,,,,,,,,,,
,,,,,,,,,,,,,,,,,,,,,
,,,,,,,,,,,,,,,,,,,,,
,,,,,,,,,,,,,,,,,,,,,
,,,,,,,,,,,,,,,,,,,,,
,,,,,,,,,,,,,,,,,,,,,
,,,,,,,,,,,,,,,,,,,,,
,,,,,,,,,,,,,,,,,,,,,
,,,,,,,,,,,,,,,,,,,,,
,,,,,,,,,,,,,,,,,,,,,
,,,,,,,,,,,,,,,,,,,,,
,,,,,,,,,,,,,,,,,,,,,
,,,,,,,,,,,,,,,,,,,,,
,,,,,,,,,,,,,,,,,,,,,
,,,,,,,,,,,,,,,,,,,,,
,,,,,,,,,,,,,,,,,,,,,
,,,,,,,,,,,,,,,,,,,,,
,,,,,,,,,,,,,,,,,,,,,
,,,,,,,,,,,,,,,,,,,,,
,,,,,,,,,,,,,,,,,,,,,
,,,,,,,,,,,,,,,,,,,,,
,,,,,,,,,,,,,,,,,,,,,
,,,,,,,,,,,,,,,,,,,,,
,,,,,,,,,,,,,,,,,,,,,
,,,,,,,,,,,,,,,,,,,,,
,,,,,,,,,,,,,,,,,,,,,
,,,,,,,,,,,,,,,,,,,,,
,,,,,,,,,,,,,,,,,,,,,
,,,,,,,,,,,,,,,,,,,,,
,,,,,,,,,,,,,,,,,,,,,
,,,,,,,,,,,,,,,,,,,,,
,,,,,,,,,,,,,,,,,,,,,
,,,,,,,,,,,,,,,,,,,,,
,,,,,,,,,,,,,,,,,,,,,
,,,,,,,,,,,,,,,,,,,,,
,,,,,,,,,,,,,,,,,,,,,
,,,,,,,,,,,,,,,,,,,,,
,,,,,,,,,,,,,,,,,,,,,
,,,,,,,,,,,,,,,,,,,,,
,,,,,,,,,,,,,,,,,,,,,
,,,,,,,,,,,,,,,,,,,,,
,,,,,,,,,,,,,,,,,,,,,
,,,,,,,,,,,,,,,,,,,,,
,,,,,,,,,,,,,,,,,,,,,
,,,,,,,,,,,,,,,,,,,,,
,,,,,,,,,,,,,,,,,,,,,
,,,,,,,,,,,,,,,,,,,,,
,,,,,,,,,,,,,,,,,,,,,
,,,,,,,,,,,,,,,,,,,,,
,,,,,,,,,,,,,,,,,,,,,
,,,,,,,,,,,,,,,,,,,,,
,,,,,,,,,,,,,,,,,,,,,
,,,,,,,,,,,,,,,,,,,,,
,,,,,,,,,,,,,,,,,,,,,
,,,,,,,,,,,,,,,,,,,,,
,,,,,,,,,,,,,,,,,,,,,
,,,,,,,,,,,,,,,,,,,,,
,,,,,,,,,,,,,,,,,,,,,
,,,,,,,,,,,,,,,,,,,,,
,,,,,,,,,,,,,,,,,,,,,
,,,,,,,,,,,,,,,,,,,,,
,,,,,,,,,,,,,,,,,,,,,
,,,,,,,,,,,,,,,,,,,,,
,,,,,,,,,,,,,,,,,,,,,
,,,,,,,,,,,,,,,,,,,,,
,,,,,,,,,,,,,,,,,,,,,
,,,,,,,,,,,,,,,,,,,,,
,,,,,,,,,,,,,,,,,,,,,
,,,,,,,,,,,,,,,,,,,,,
,,,,,,,,,,,,,,,,,,,,,
,,,,,,,,,,,,,,,,,,,,,
,,,,,,,,,,,,,,,,,,,,,
,,,,,,,,,,,,,,,,,,,,,
,,,,,,,,,,,,,,,,,,,,,
,,,,,,,,,,,,,,,,,,,,,
,,,,,,,,,,,,,,,,,,,,,
,,,,,,,,,,,,,,,,,,,,,
,,,,,,,,,,,,,,,,,,,,,
,,,,,,,,,,,,,,,,,,,,,
,,,,,,,,,,,,,,,,,,,,,
,,,,,,,,,,,,,,,,,,,,,
,,,,,,,,,,,,,,,,,,,,,
,,,,,,,,,,,,,,,,,,,,,
,,,,,,,,,,,,,,,,,,,,,
,,,,,,,,,,,,,,,,,,,,,
,,,,,,,,,,,,,,,,,,,,,
,,,,,,,,,,,,,,,,,,,,,
,,,,,,,,,,,,,,,,,,,,,
,,,,,,,,,,,,,,,,,,,,,
,,,,,,,,,,,,,,,,,,,,,
,,,,,,,,,,,,,,,,,,,,,
,,,,,,,,,,,,,,,,,,,,,
,,,,,,,,,,,,,,,,,,,,,
,,,,,,,,,,,,,,,,,,,,,
,,,,,,,,,,,,,,,,,,,,,
,,,,,,,,,,,,,,,,,,,,,
,,,,,,,,,,,,,,,,,,,,,
,,,,,,,,,,,,,,,,,,,,,
,,,,,,,,,,,,,,,,,,,,,
,,,,,,,,,,,,,,,,,,,,,
,,,,,,,,,,,,,,,,,,,,,
,,,,,,,,,,,,,,,,,,,,,
,,,,,,,,,,,,,,,,,,,,,
,,,,,,,,,,,,,,,,,,,,,
,,,,,,,,,,,,,,,,,,,,,
,,,,,,,,,,,,,,,,,,,,,
,,,,,,,,,,,,,,,,,,,,,
,,,,,,,,,,,,,,,,,,,,,
,,,,,,,,,,,,,,,,,,,,,
,,,,,,,,,,,,,,,,,,,,,
,,,,,,,,,,,,,,,,,,,,,
,,,,,,,,,,,,,,,,,,,,,
,,,,,,,,,,,,,,,,,,,,,
,,,,,,,,,,,,,,,,,,,,,
,,,,,,,,,,,,,,,,,,,,,
,,,,,,,,,,,,,,,,,,,,,
,,,,,,,,,,,,,,,,,,,,,
,,,,,,,,,,,,,,,,,,,,,
,,,,,,,,,,,,,,,,,,,,,
,,,,,,,,,,,,,,,,,,,,,
,,,,,,,,,,,,,,,,,,,,,
,,,,,,,,,,,,,,,,,,,,,
,,,,,,,,,,,,,,,,,,,,,
,,,,,,,,,,,,,,,,,,,,,
,,,,,,,,,,,,,,,,,,,,,
,,,,,,,,,,,,,,,,,,,,,
,,,,,,,,,,,,,,,,,,,,,
,,,,,,,,,,,,,,,,,,,,,
,,,,,,,,,,,,,,,,,,,,,
,,,,,,,,,,,,,,,,,,,,,
,,,,,,,,,,,,,,,,,,,,,
,,,,,,,,,,,,,,,,,,,,,
,,,,,,,,,,,,,,,,,,,,,
,,,,,,,,,,,,,,,,,,,,,
,,,,,,,,,,,,,,,,,,,,,
,,,,,,,,,,,,,,,,,,,,,
,,,,,,,,,,,,,,,,,,,,,
,,,,,,,,,,,,,,,,,,,,,
,,,,,,,,,,,,,,,,,,,,,
,,,,,,,,,,,,,,,,,,,,,
,,,,,,,,,,,,,,,,,,,,,
,,,,,,,,,,,,,,,,,,,,,
,,,,,,,,,,,,,,,,,,,,,
,,,,,,,,,,,,,,,,,,,,,
,,,,,,,,,,,,,,,,,,,,,
,,,,,,,,,,,,,,,,,,,,,
,,,,,,,,,,,,,,,,,,,,,
,,,,,,,,,,,,,,,,,,,,,
,,,,,,,,,,,,,,,,,,,,,
,,,,,,,,,,,,,,,,,,,,,
,,,,,,,,,,,,,,,,,,,,,
,,,,,,,,,,,,,,,,,,,,,
,,,,,,,,,,,,,,,,,,,,,
,,,,,,,,,,,,,,,,,,,,,
,,,,,,,,,,,,,,,,,,,,,
,,,,,,,,,,,,,,,,,,,,,
,,,,,,,,,,,,,,,,,,,,,
,,,,,,,,,,,,,,,,,,,,,
,,,,,,,,,,,,,,,,,,,,,
,,,,,,,,,,,,,,,,,,,,,
,,,,,,,,,,,,,,,,,,,,,
,,,,,,,,,,,,,,,,,,,,,
,,,,,,,,,,,,,,,,,,,,,
,,,,,,,,,,,,,,,,,,,,,
,,,,,,,,,,,,,,,,,,,,,
,,,,,,,,,,,,,,,,,,,,,
,,,,,,,,,,,,,,,,,,,,,
,,,,,,,,,,,,,,,,,,,,,
,,,,,,,,,,,,,,,,,,,,,
,,,,,,,,,,,,,,,,,,,,,
,,,,,,,,,,,,,,,,,,,,,
,,,,,,,,,,,,,,,,,,,,,
,,,,,,,,,,,,,,,,,,,,,
,,,,,,,,,,,,,,,,,,,,,
,,,,,,,,,,,,,,,,,,,,,
,,,,,,,,,,,,,,,,,,,,,
,,,,,,,,,,,,,,,,,,,,,
,,,,,,,,,,,,,,,,,,,,,
,,,,,,,,,,,,,,,,,,,,,
,,,,,,,,,,,,,,,,,,,,,
,,,,,,,,,,,,,,,,,,,,,
,,,,,,,,,,,,,,,,,,,,,
,,,,,,,,,,,,,,,,,,,,,
,,,,,,,,,,,,,,,,,,,,,
,,,,,,,,,,,,,,,,,,,,,
,,,,,,,,,,,,,,,,,,,,,
,,,,,,,,,,,,,,,,,,,,,
,,,,,,,,,,,,,,,,,,,,,
,,,,,,,,,,,,,,,,,,,,,
,,,,,,,,,,,,,,,,,,,,,
,,,,,,,,,,,,,,,,,,,,,
,,,,,,,,,,,,,,,,,,,,,
,,,,,,,,,,,,,,,,,,,,,
,,,,,,,,,,,,,,,,,,,,,
,,,,,,,,,,,,,,,,,,,,,
,,,,,,,,,,,,,,,,,,,,,
,,,,,,,,,,,,,,,,,,,,,
,,,,,,,,,,,,,,,,,,,,,
,,,,,,,,,,,,,,,,,,,,,
,,,,,,,,,,,,,,,,,,,,,
,,,,,,,,,,,,,,,,,,,,,
,,,,,,,,,,,,,,,,,,,,,
,,,,,,,,,,,,,,,,,,,,,
,,,,,,,,,,,,,,,,,,,,,
,,,,,,,,,,,,,,,,,,,,,
,,,,,,,,,,,,,,,,,,,,,
,,,,,,,,,,,,,,,,,,,,,
,,,,,,,,,,,,,,,,,,,,,
,,,,,,,,,,,,,,,,,,,,,
,,,,,,,,,,,,,,,,,,,,,
,,,,,,,,,,,,,,,,,,,,,
,,,,,,,,,,,,,,,,,,,,,
,,,,,,,,,,,,,,,,,,,,,
,,,,,,,,,,,,,,,,,,,,,
,,,,,,,,,,,,,,,,,,,,,
,,,,,,,,,,,,,,,,,,,,,
,,,,,,,,,,,,,,,,,,,,,
,,,,,,,,,,,,,,,,,,,,,
,,,,,,,,,,,,,,,,,,,,,
,,,,,,,,,,,,,,,,,,,,,
,,,,,,,,,,,,,,,,,,,,,
,,,,,,,,,,,,,,,,,,,,,
,,,,,,,,,,,,,,,,,,,,,
,,,,,,,,,,,,,,,,,,,,,
,,,,,,,,,,,,,,,,,,,,,
,,,,,,,,,,,,,,,,,,,,,
,,,,,,,,,,,,,,,,,,,,,
,,,,,,,,,,,,,,,,,,,,,
,,,,,,,,,,,,,,,,,,,,,
,,,,,,,,,,,,,,,,,,,,,
,,,,,,,,,,,,,,,,,,,,,
,,,,,,,,,,,,,,,,,,,,,
,,,,,,,,,,,,,,,,,,,,,
,,,,,,,,,,,,,,,,,,,,,
,,,,,,,,,,,,,,,,,,,,,
,,,,,,,,,,,,,,,,,,,,,
,,,,,,,,,,,,,,,,,,,,,
,,,,,,,,,,,,,,,,,,,,,
,,,,,,,,,,,,,,,,,,,,,
,,,,,,,,,,,,,,,,,,,,,
,,,,,,,,,,,,,,,,,,,,,
